,Name,Teams,Season,POS,GP,SOLO,AST,TOT,SACK YDS,YDS,TFL,PD,INT,INT YDS,LNG,TD,FF,FR,FTD
3045,Zach Cunningham,HOU,2020,LB,16,106,58,164,3.0,16,8,2,0,0,0,0,1,0,0
3046,Jaylon Smith,DAL,2020,LB,16,89,65,154,1.5,1,7,5,1,43,43,0,0,2,0
3047,Blake Martinez,NYG,2020,LB,16,86,65,151,3.0,18,11,5,1,2,2,0,2,1,0
3048,Joe Schobert,JAX,2020,LB,16,84,57,141,2.5,12,10,4,3,45,43,1,2,0,0
3049,Devin White,TB,2020,LB,15,97,43,140,9.0,70,18,4,0,0,0,0,1,1,0
3050,Roquan Smith,CHI,2020,LB,16,98,41,139,4.0,32,18,7,2,16,11,0,1,0,0
3051,Bobby Wagner,SEA,2020,LB,16,81,57,138,3.0,19,8,8,0,0,0,0,0,1,0
3052,Neville Hewitt,NYJ,2020,LB,16,91,43,134,2.0,14,8,4,0,0,0,0,1,1,0
3053,Shaquille Leonard,IND,2020,LB,14,86,46,132,3.0,21,10,7,0,0,0,0,3,2,0
3054,Fred Warner,SF,2020,LB,16,79,46,125,1.0,11,6,6,2,3,3,0,1,2,0
3055,Tyrell Adams,HOU,2020,LB,16,76,49,125,2.0,15,6,4,0,0,0,0,2,0,0
3056,Jordan Poyer,BUF,2020,S,16,91,33,124,2.0,14,7,5,2,14,14,0,2,0,0
3057,Alexander Johnson,DEN,2020,LB,16,72,52,124,1.0,10,4,2,0,0,0,0,2,0,0
3058,Eric Wilson,MIN,2020,LB,16,62,60,122,3.0,14,9,8,3,23,16,0,1,2,0
3059,Alex Singleton,PHI,2020,LB,16,75,45,120,2.0,8,6,1,1,30,30,1,0,2,0
3060,Demario Davis,NO,2020,LB,16,73,46,119,4.0,36,11,5,0,0,0,0,0,0,0
3061,Tremaine Edmunds,BUF,2020,LB,15,77,42,119,2.0,11,7,3,0,0,0,0,0,0,0
3062,Jon Bostic,WSH,2020,LB,16,61,57,118,3.0,19,6,3,1,0,0,0,0,0,0
3063,Jordan Hicks,ARI,2020,LB,16,78,40,118,0.0,0,12,4,1,6,6,0,0,0,0
3064,Myles Jack,JAX,2020,LB,14,72,46,118,1.0,6,8,5,1,0,0,0,1,2,0
3065,Budda Baker,ARI,2020,S,15,90,28,118,2.0,23,9,6,2,90,90,0,1,0,0
3066,Lavonte David,TB,2020,LB,16,82,35,117,1.5,15,14,6,1,-5,-5,0,3,2,0
3067,Foyesade Oluokun,ATL,2020,LB,15,78,39,117,3.0,19,6,4,2,65,51,0,4,1,0
3068,Jeremy Chinn,CAR,2020,S,15,68,49,117,1.0,11,3,5,1,0,0,0,2,2,2
3069,Vonn Bell,CIN,2020,S,16,67,47,114,0.0,0,4,5,0,0,0,0,3,2,0
3070,Shaq Thompson,CAR,2020,LB,16,63,50,113,0.0,0,9,5,0,0,0,0,2,1,0
3071,Danny Trevathan,CHI,2020,LB,16,67,45,112,1.0,8,4,5,0,0,0,0,1,0,0
3072,Josey Jewell,DEN,2020,LB,16,67,45,112,2.0,16,6,4,0,0,0,0,0,0,0
3073,Jerome Baker,MIA,2020,LB,16,70,42,112,7.0,69,8,3,0,0,0,0,2,0,0
3074,Avery Williamson,PIT / NYJ,2020,LB,15,73,38,111,1.0,8,4,3,1,21,21,0,0,0,0
3075,Kevin Byard III,TEN,2020,S,16,79,32,111,0.0,0,2,7,1,0,0,0,1,0,0
3076,Adrian Phillips,NE,2020,S,16,76,33,109,1.0,9,8,4,2,5,5,0,0,0,0
3077,Jessie Bates III,CIN,2020,S,16,78,31,109,0.0,0,2,15,3,12,12,0,1,0,0
3078,Eric Kendricks,MIN,2020,LB,11,69,38,107,0.0,0,5,6,3,0,0,0,0,0,0
3079,Kenneth Murray Jr.,LAC,2020,LB,16,68,39,107,1.0,4,4,3,0,0,0,0,0,0,0
3080,Deion Jones,ATL,2020,LB,16,73,33,106,4.5,38,11,6,2,84,67,1,1,1,0
3081,Patrick Queen,BAL,2020,LB,16,66,40,106,3.0,17,10,2,1,0,0,0,2,2,1
3082,John Johnson III,LAR,2020,S,16,73,32,105,0.0,0,2,8,1,0,0,0,0,0,0
3083,Anthony Harris,MIN,2020,S,16,58,46,104,0.0,0,3,7,0,0,0,0,0,0,0
3084,Jamie Collins Sr.,DET,2020,LB,14,55,46,101,1.0,11,7,6,1,1,1,0,3,1,0
3085,Malcolm Butler,TEN,2020,CB,16,86,14,100,0.0,0,1,14,4,111,68,0,0,0,0
3086,Keanu Neal,ATL,2020,S,15,76,24,100,1.0,9,9,2,1,0,0,0,0,1,0
3087,Josh Bynes,CIN,2020,LB,16,53,46,99,1.0,0,6,2,0,0,0,0,0,1,0
3088,De'Vondre Campbell,ARI,2020,LB,16,69,30,99,2.0,15,7,3,0,0,0,0,1,0,0
3089,Justin Simmons,DEN,2020,S,16,77,19,96,0.0,0,3,9,5,90,46,0,0,1,0
3090,Chuck Clark,BAL,2020,S,16,57,39,96,1.5,11,4,4,1,0,0,0,2,2,1
3091,Rashaan Evans,TEN,2020,LB,16,60,36,96,0.5,0,2,5,0,0,0,0,0,1,0
3092,Tre Boston,CAR,2020,S,16,60,35,95,1.0,7,3,4,1,0,0,0,1,2,0
3093,Logan Ryan,NYG,2020,S,16,68,26,94,1.0,7,1,9,1,15,15,0,3,2,0
3094,Taron Johnson,BUF,2020,CB,16,70,24,94,1.0,6,6,7,1,51,51,1,1,0,0
3095,Antoine Winfield Jr.,TB,2020,S,16,64,30,94,3.0,20,2,6,1,16,16,0,2,1,0
3096,Anthony Walker Jr.,IND,2020,LB,16,65,27,92,0.0,0,3,5,1,11,11,0,0,1,0
3097,Malcolm Jenkins,NO,2020,S,16,69,22,91,2.5,25,8,10,3,58,48,0,1,1,0
3098,Daniel Sorensen,KC,2020,S,15,68,23,91,0.0,0,2,5,3,67,50,1,2,0,0
3099,Eric Rowe,MIA,2020,S,16,66,25,91,0.0,0,2,11,2,26,22,0,0,1,0
3100,B.J. Goodson,CLE,2020,LB,14,59,32,91,0.5,6,4,6,2,7,7,0,0,1,0
3101,Jabrill Peppers,NYG,2020,S,15,57,34,91,2.5,20,9,11,1,6,6,0,1,1,0
3102,Kareem Jackson,DEN,2020,CB,16,67,23,90,0.0,0,1,4,1,13,13,0,0,2,0
3103,Ja'Whaun Bentley,NE,2020,LB,13,50,40,90,1.5,11,4,2,0,0,0,0,0,0,0
3104,Harrison Smith,MIN,2020,S,16,54,35,89,0.5,5,4,10,5,33,16,0,0,0,0
3105,Germaine Pratt,CIN,2020,LB,16,55,34,89,0.0,0,6,2,0,0,0,0,0,0,0
3106,Marcus Maye,NYJ,2020,S,16,52,36,88,2.0,6,5,11,2,0,0,0,2,1,0
3107,Kamren Curl,WSH,2020,S,16,63,25,88,2.0,16,5,4,3,88,76,1,0,0,0
3108,Tracy Walker III,DET,2020,S,15,64,23,87,1.0,7,5,4,0,0,0,0,0,0,0
3109,K.J. Wright,SEA,2020,LB,16,60,26,86,2.0,8,12,10,1,7,7,0,1,2,0
3110,Johnathan Abram,LV,2020,S,13,60,26,86,0.0,0,4,5,2,29,24,0,0,0,0
3111,Dre Greenlaw,SF,2020,LB,13,61,25,86,1.0,8,7,1,0,0,0,0,0,0,0
3112,Khari Willis,IND,2020,S,14,65,20,85,2.0,15,3,6,2,93,50,1,1,0,0
3113,Rayshawn Jenkins,LAC,2020,S,15,58,26,84,1.0,6,6,4,2,23,23,0,0,0,0
3114,Kenny Vaccaro,TEN,2020,S,13,62,21,83,1.0,4,5,5,0,0,0,0,0,1,0
3115,Adrian Amos,GB,2020,S,16,66,17,83,2.0,12,4,9,2,47,24,0,0,1,0
3116,Josh Jones,JAX,2020,S,13,59,24,83,0.0,0,0,1,1,0,0,0,0,0,0
3117,Jamal Adams,SEA,2020,S,12,59,24,83,9.5,39,14,3,0,0,0,0,1,0,0
3118,Justin Reid,HOU,2020,S,13,62,21,83,2.0,16,7,4,0,0,0,0,0,0,0
3119,Cory Littleton,LV,2020,LB,14,56,26,82,0.0,0,4,0,0,0,0,0,0,0,0
3120,Eddie Jackson,CHI,2020,S,16,63,19,82,0.0,0,2,5,0,0,0,0,3,1,1
3121,Marlon Humphrey,BAL,2020,CB,15,70,12,82,2.5,14,4,11,1,8,8,0,8,0,0
3122,Nick Kwiatkoski,LV,2020,LB,12,53,28,81,1.0,6,4,4,1,9,9,0,1,0,0
3123,Troy Reeder,LAR,2020,LB,16,53,28,81,3.0,12,5,2,0,0,0,0,0,0,0
3124,Jeff Gladney,MIN,2020,CB,16,63,18,81,0.0,0,7,3,0,0,0,0,1,0,0
3125,DeShon Elliott,BAL,2020,S,16,51,29,80,2.5,14,4,4,0,0,0,0,2,0,0
3126,Krys Barnes,GB,2020,LB,13,48,32,80,1.0,5,7,0,0,0,0,0,1,0,0
3127,Kenny Moore II,IND,2020,CB,16,68,12,80,2.0,11,4,12,4,45,29,1,1,0,0
3128,Minkah Fitzpatrick,PIT,2020,S,16,60,19,79,0.0,0,1,11,4,77,37,1,1,1,0
3129,Christian Kirksey,GB,2020,LB,11,46,32,78,2.0,11,3,4,2,18,10,0,0,0,0
3130,Anthony Hitchens,KC,2020,LB,14,44,34,78,0.0,0,3,1,0,0,0,0,0,0,0
3131,Nicholas Morrow,LV,2020,LB,14,62,16,78,3.0,29,9,9,1,6,6,0,1,1,0
3132,Troy Hill,LAR,2020,CB,16,55,22,77,0.0,0,2,10,3,119,84,2,1,2,1
3133,Micah Kiser,LAR,2020,LB,9,44,33,77,0.0,0,0,3,0,0,0,0,1,0,0
3134,Kyzir White,LAC,2020,LB,11,50,27,77,0.5,4,6,3,0,0,0,0,0,0,0
3135,Jayon Brown,TEN,2020,LB,10,45,31,76,1.0,6,6,8,1,0,0,0,2,0,0
3136,Tre Herndon,JAX,2020,CB,16,64,12,76,1.0,8,5,5,0,0,0,0,0,0,0
3137,Lonnie Johnson Jr.,HOU,2020,CB,16,56,20,76,0.0,0,2,0,0,0,0,0,0,0,0
3138,A.J. Klein,BUF,2020,LB,16,53,22,75,5.0,38,8,4,0,0,0,0,2,1,0
3139,Darnell Savage,GB,2020,S,15,56,19,75,1.0,10,4,12,4,13,9,0,0,1,0
3140,Jonathan Jones,NE,2020,CB,16,60,14,74,0.0,0,1,6,2,0,0,0,1,0,0
3141,Jalen Mills,PHI,2020,CB,15,59,15,74,1.5,11,5,3,1,5,5,0,1,0,0
3142,Jordan Whitehead,TB,2020,S,16,53,21,74,2.0,19,10,4,2,2,2,0,1,1,0
3143,A.J. Terrell,ATL,2020,CB,14,61,13,74,0.0,0,4,7,1,0,0,0,3,0,0
3144,Duron Harmon,DET,2020,S,16,54,19,73,0.0,0,0,5,2,22,21,0,0,0,0
3145,Jimmie Ward,SF,2020,S,14,45,28,73,0.0,0,1,4,0,0,0,0,2,0,0
3146,Damien Wilson,KC,2020,LB,13,46,27,73,0.0,0,4,1,0,0,0,0,1,0,0
3147,Malcolm Smith,CLE,2020,LB,15,49,23,72,1.0,4,4,2,1,2,2,0,1,0,0
3148,Xavier Woods,DAL,2020,S,15,48,24,72,0.0,0,2,1,0,0,0,0,0,0,0
3149,Vernon Hargreaves III,HOU,2020,CB,16,61,11,72,0.0,0,1,7,1,0,0,0,0,0,0
3150,Cole Holcomb,WSH,2020,LB,11,45,27,72,2.5,19,7,1,1,0,0,0,0,0,0
3151,Bobby Okereke,IND,2020,LB,14,57,15,72,0.0,0,5,6,1,7,7,0,0,1,0
3152,Eric Murray,HOU,2020,S,14,47,24,71,2.0,18,3,2,0,0,0,0,1,0,0
3153,Donovan Wilson,DAL,2020,S,14,48,23,71,3.5,25,4,3,2,0,0,0,3,2,0
3154,Micah Hyde,BUF,2020,S,15,48,22,70,0.0,0,1,5,1,33,33,0,0,0,0
3155,T.J. Edwards,PHI,2020,LB,12,37,33,70,2.0,14,8,1,1,13,13,0,2,0,0
3156,Isaiah Oliver,ATL,2020,CB,16,51,19,70,1.0,12,5,6,0,0,0,0,1,0,0
3157,Sean Murphy-Bunting,TB,2020,CB,16,53,17,70,0.0,0,4,3,1,0,0,0,1,1,0
3158,Vince Williams,PIT,2020,LB,14,47,22,69,3.0,18,15,0,0,0,0,0,0,2,0
3159,Kyle Van Noy,MIA,2020,LB,14,46,23,69,6.0,36,12,6,0,0,0,0,2,2,0
3160,Jarrod Wilson,JAX,2020,S,12,45,24,69,0.0,0,2,3,1,48,48,0,0,0,0
3161,Harold Landry III,TEN,2020,LB,16,46,23,69,5.5,45,11,5,1,0,0,0,0,0,0
3162,Nasir Adderley,LAC,2020,S,15,58,11,69,0.0,0,0,3,1,39,39,0,0,1,0
3163,Devin McCourty,NE,2020,S,16,45,23,68,0.0,0,2,6,2,62,43,1,0,0,0
3164,Terrell Edmunds,PIT,2020,S,15,46,22,68,1.0,11,1,8,2,11,7,0,0,0,0
3165,Carlton Davis III,TB,2020,CB,14,52,16,68,0.0,0,4,18,4,42,34,0,0,0,0
3166,Andrew Sendejo,CLE,2020,S,14,51,16,67,0.0,0,0,2,0,0,0,0,1,0,0
3167,Karl Joseph,CLE,2020,S,14,46,21,67,0.0,0,3,4,1,49,49,0,0,2,0
3168,Sione Takitaki,CLE,2020,LB,15,41,26,67,1.0,1,3,1,1,50,50,1,0,0,0
3169,Buster Skrine,CHI,2020,CB,12,52,14,66,0.0,0,1,3,0,0,0,0,1,0,0
3170,Rodney McLeod Jr.,PHI,2020,S,13,43,23,66,0.0,0,3,7,1,21,21,0,0,2,1
3171,Tashaun Gipson Sr.,CHI,2020,S,16,48,18,66,0.0,0,0,7,2,10,9,0,0,1,0
3172,Lamarcus Joyner,LV,2020,S,14,53,13,66,0.0,0,6,5,0,0,0,0,0,0,0
3173,C.J. Gardner-Johnson,NO,2020,S,15,52,14,66,1.0,6,5,13,1,3,3,0,0,0,0
3174,Kyle Fuller,CHI,2020,CB,16,52,13,65,0.0,0,0,8,1,5,5,0,1,0,0
3175,Terrance Mitchell,CLE,2020,CB,16,54,11,65,0.0,0,2,13,0,0,0,0,3,0,0
3176,Sheldon Richardson,CLE,2020,DT,16,35,29,64,4.5,34,8,3,0,0,0,0,1,0,0
3177,Quandre Diggs,SEA,2020,S,16,42,22,64,0.0,0,0,10,5,57,32,0,0,0,0
3178,Trayvon Mullen,LV,2020,CB,16,56,8,64,0.0,0,2,14,2,0,0,0,0,0,0
3179,Julian Love,NYG,2020,S,16,47,17,64,0.0,0,1,3,1,13,13,0,0,0,0
3180,Kyle Dugger,NE,2020,S,14,43,21,64,0.0,0,2,0,0,0,0,0,0,0,0
3181,Haason Reddick,ARI,2020,DE,16,43,20,63,12.5,83,20,4,0,0,0,0,6,0,0
3182,Michael Davis,LAC,2020,CB,16,48,15,63,0.0,0,3,14,3,86,78,1,0,0,0
3183,Shaquill Griffin,SEA,2020,CB,12,53,10,63,0.0,0,2,12,3,20,16,0,0,0,0
3184,Jonathan Allen,WSH,2020,DT,16,37,26,63,2.0,14,3,0,0,0,0,0,0,1,0
3185,Bless Austin,NYJ,2020,CB,11,50,13,63,0.0,0,4,4,0,0,0,0,1,0,0
3186,Linval Joseph,LAC,2020,DT,16,33,29,62,0.0,0,4,0,0,0,0,0,0,0,0
3187,Tyrann Mathieu,KC,2020,S,15,48,14,62,0.0,0,3,9,6,70,25,1,0,0,0
3188,Sam Hubbard,CIN,2020,DE,13,33,29,62,2.0,8,5,3,0,0,0,0,1,0,0
3189,Marshon Lattimore,NO,2020,CB,14,52,10,62,0.0,0,2,11,2,13,13,0,0,0,0
3190,D.J. Reed,SEA,2020,CB,10,46,16,62,0.0,0,2,6,2,21,20,0,0,1,0
3191,Jamel Dean,TB,2020,CB,14,51,11,62,0.0,0,2,7,1,32,32,1,0,0,0
3192,Michael Ojemudia,DEN,2020,CB,16,55,7,62,0.0,0,1,6,0,0,0,0,4,0,0
3193,Rasul Douglas,CAR,2020,CB,14,50,12,62,0.0,0,1,9,0,0,0,0,0,0,0
3194,Brandon Jones,MIA,2020,S,16,41,21,62,1.0,9,3,1,0,0,0,0,1,0,0
3195,Patrick Peterson,ARI,2020,CB,16,52,9,61,0.0,0,1,8,3,7,7,0,0,0,0
3196,Nevin Lawson,LV,2020,CB,14,47,14,61,1.0,0,1,4,0,0,0,0,2,1,0
3197,Elandon Roberts,MIA,2020,LB,13,33,28,61,1.5,11,9,0,0,0,0,0,1,1,0
3198,Erik Harris,LV,2020,S,14,44,17,61,0.0,0,1,5,0,0,0,0,1,0,0
3199,Jason Verrett,SF,2020,CB,13,50,10,60,0.0,0,2,7,2,0,0,0,0,0,0
3200,Harvey Langi,NYJ,2020,LB,14,37,23,60,0.0,0,0,1,0,0,0,0,0,1,0
3201,Leighton Vander Esch,DAL,2020,LB,10,32,28,60,1.0,10,2,0,0,0,0,0,1,0,0
3202,Jordan Fuller,LAR,2020,S,12,42,18,60,0.0,0,0,5,3,45,37,0,0,0,0
3203,Darius Slay Jr.,PHI,2020,CB,15,53,6,59,0.0,0,2,6,1,25,25,0,0,0,0
3204,Jayron Kearse,DET,2020,S,11,41,18,59,0.0,0,0,2,0,0,0,0,1,0,0
3205,Jourdan Lewis,DAL,2020,CB,15,40,19,59,2.0,9,8,2,0,0,0,0,0,1,0
3206,Marcus Williams,NO,2020,S,14,39,20,59,0.0,0,1,7,3,37,20,0,0,0,0
3207,DeMarcus Lawrence,DAL,2020,DE,16,34,24,58,6.5,41,15,2,0,0,0,0,4,1,0
3208,DeForest Buckner,IND,2020,DT,15,37,21,58,9.5,58,14,3,0,0,0,0,2,1,0
3209,Jahlani Tavai,DET,2020,LB,16,32,26,58,0.0,0,3,0,0,0,0,0,2,1,0
3210,Nik Needham,MIA,2020,CB,16,36,22,58,1.0,13,1,7,2,1,1,0,0,0,0
3211,Brian Burns,CAR,2020,LB,15,35,23,58,9.0,78,12,4,0,0,0,0,3,0,0
3212,Trevon Diggs,DAL,2020,CB,12,49,9,58,1.0,0,1,14,3,43,33,0,1,0,0
3213,Lawrence Guy Sr.,NE,2020,DE,14,37,20,57,2.0,16,4,0,0,0,0,0,0,1,0
3214,Shaquil Barrett,TB,2020,LB,15,43,14,57,8.0,57,13,3,0,0,0,0,2,0,0
3215,Christian Jones,DET,2020,LB,16,33,24,57,0.0,0,3,1,0,0,0,0,0,0,0
3216,Leonard Williams,NYG,2020,DE,16,29,28,57,11.5,101,16,1,0,0,0,0,0,1,0
3217,Kwon Alexander,SF / NO,2020,LB,12,39,18,57,1.0,2,4,4,0,0,0,0,2,2,0
3218,Nate Gerry,PHI,2020,LB,7,32,25,57,1.0,7,5,2,0,0,0,0,0,0,0
3219,Tre'Davious White,BUF,2020,CB,14,44,13,57,1.5,8,4,11,3,28,28,0,1,2,0
3220,Kevin King,GB,2020,CB,11,45,12,57,0.0,0,0,5,0,0,0,0,1,1,0
3221,Tae Crowder,NYG,2020,LB,11,34,23,57,1.0,11,3,1,0,0,0,0,0,1,1
3222,Jordyn Brooks,SEA,2020,LB,14,35,22,57,0.0,0,2,2,0,0,0,0,0,0,0
3223,Dre Kirkpatrick,ARI,2020,CB,14,53,3,56,0.0,0,0,7,3,13,13,0,0,0,0
3224,Kevin Pierre-Louis,WSH,2020,LB,13,36,20,56,1.0,9,4,2,0,0,0,0,1,0,0
3225,Jason Pierre-Paul,TB,2020,LB,16,34,21,55,9.5,62,12,6,2,15,15,0,4,2,0
3226,Janoris Jenkins,NO,2020,CB,13,44,11,55,0.0,0,2,12,3,53,36,1,0,0,0
3227,Ronald Darby,WSH,2020,CB,16,43,12,55,0.0,0,1,16,0,0,0,0,0,1,0
3228,Duke Riley,PHI,2020,LB,13,30,25,55,0.5,0,3,1,1,7,7,0,1,0,0
3229,Leonard Floyd,LAR,2020,DE,16,31,24,55,10.5,71,13,1,0,0,0,0,1,2,0
3230,Sebastian Joseph-Day,LAR,2020,DT,16,35,20,55,1.0,10,2,3,0,0,0,0,1,0,0
3231,Quinnen Williams,NYJ,2020,DT,13,32,23,55,7.0,48,14,3,0,0,0,0,2,0,0
3232,Cameron Heyward,PIT,2020,DT,15,30,24,54,4.0,28,9,3,1,0,0,0,0,0,0
3233,James Bradberry IV,NYG,2020,CB,15,44,10,54,0.0,0,0,18,3,19,19,0,2,1,0
3234,Desmond King II,LAC / TEN,2020,CB,15,40,14,54,2.0,2,2,2,0,0,0,0,0,1,1
3235,Ugo Amadi,SEA,2020,S,14,47,7,54,0.0,0,4,7,0,0,0,0,1,0,0
3236,David Long Jr.,TEN,2020,LB,14,30,24,54,0.0,0,3,2,0,0,0,0,1,0,0
3237,Daron Payne,WSH,2020,DT,16,27,27,54,3.0,16,9,4,1,0,0,0,3,1,0
3238,Isaiah Simmons,ARI,2020,S,16,43,11,54,2.0,15,5,2,1,12,12,0,1,1,0
3239,L.J. Fort,BAL,2020,LB,14,32,21,53,0.0,0,5,2,0,0,0,0,1,2,1
3240,John Simon,NE,2020,LB,16,34,19,53,2.0,13,5,3,0,0,0,0,0,0,0
3241,Juston Burris,CAR,2020,S,13,34,19,53,0.0,0,4,4,1,0,0,0,0,0,0
3242,T.J. Watt,PIT,2020,LB,15,43,10,53,15.0,112,26,7,1,0,0,0,2,0,0
3243,Amani Oruwariye,DET,2020,CB,16,45,8,53,0.0,0,1,7,1,0,0,0,0,0,0
3244,Malik Reed,DEN,2020,LB,16,34,19,53,8.0,61,12,1,0,0,0,0,1,0,0
3245,Dexter Lawrence II,NYG,2020,DT,16,30,23,53,4.0,26,7,2,0,0,0,0,0,0,0
3246,Grover Stewart,IND,2020,DT,16,40,13,53,0.5,3,7,1,0,0,0,0,0,0,0
3247,Joe Haden,PIT,2020,CB,14,44,8,52,0.0,0,2,12,2,38,24,1,0,0,0
3248,J.J. Watt,HOU,2020,DE,16,36,16,52,5.0,41,16,7,1,19,19,1,2,1,0
3249,LeShaun Sims,CIN,2020,CB,13,38,14,52,0.0,0,0,4,1,0,0,0,0,0,0
3250,Grady Jarrett,ATL,2020,DE,16,27,25,52,4.0,29,11,0,0,0,0,0,0,1,0
3251,Marcus Peters,BAL,2020,CB,14,46,6,52,1.0,10,2,9,4,17,12,0,4,2,0
3252,Za'Darius Smith,GB,2020,DE,16,35,17,52,12.5,81,17,2,0,0,0,0,4,2,0
3253,Kenny Young,LAR,2020,LB,16,31,21,52,1.0,3,3,2,1,79,79,1,0,1,0
3254,Tarvarius Moore,SF,2020,S,16,37,15,52,0.0,0,2,1,0,0,0,0,1,1,0
3255,Cameron Jordan,NO,2020,DE,16,34,17,51,7.5,42,13,3,0,0,0,0,1,0,0
3256,Michael Brockers,LAR,2020,DE,15,21,30,51,5.0,35,6,0,0,0,0,0,0,0,0
3257,Derek Wolfe,BAL,2020,DE,14,19,32,51,1.0,5,8,2,0,0,0,0,0,1,0
3258,Tahir Whitehead,CAR,2020,LB,14,27,24,51,0.0,0,0,1,1,0,0,0,0,1,0
3259,Xavien Howard,MIA,2020,CB,16,40,11,51,0.0,0,1,20,10,77,29,0,1,0,0
3260,Reggie Ragland,DET,2020,LB,16,30,21,51,1.0,7,6,1,0,0,0,0,1,0,0
3261,Mike Hilton,PIT,2020,CB,12,42,9,51,3.0,25,8,7,3,5,8,0,1,2,0
3262,Jaire Alexander,GB,2020,CB,15,39,12,51,1.0,4,3,13,1,-4,-4,0,1,0,0
3263,Kendall Sheffield,ATL,2020,CB,13,37,14,51,0.0,0,1,3,0,0,0,0,1,0,0
3264,Amani Hooker,TEN,2020,S,16,35,16,51,0.0,0,1,8,4,11,6,0,0,0,0
3265,Charvarius Ward,KC,2020,CB,14,38,13,51,1.0,9,1,6,0,0,0,0,0,0,0
3266,Byron Murphy Jr.,ARI,2020,CB,15,40,11,51,2.0,10,3,8,0,0,0,0,0,2,0
3267,Khalil Mack,CHI,2020,LB,16,29,21,50,9.0,64,15,3,1,33,33,0,3,2,0
3268,Nick Vigil,LAC,2020,LB,15,29,21,50,2.0,3,3,1,0,0,0,0,1,2,0
3269,Kendall Fuller,WSH,2020,CB,14,38,12,50,0.0,0,1,11,4,0,0,0,0,0,0
3270,Terez Hall,NE,2020,LB,8,33,17,50,0.0,0,0,2,0,0,0,0,0,0,0
3271,Matthew Judon,BAL,2020,LB,14,32,18,50,6.0,44,10,2,0,0,0,0,0,0,0
3272,Akiem Hicks,CHI,2020,DE,15,30,19,49,3.5,23,9,1,0,0,0,0,0,1,0
3273,DaQuan Jones,TEN,2020,DT,16,29,20,49,2.0,13,7,0,0,0,0,0,1,0,0
3274,Pierre Desir,BAL / NYJ,2020,CB,12,39,10,49,0.0,0,3,8,3,58,35,1,1,0,0
3275,Kerry Hyder Jr.,SF,2020,DE,16,30,19,49,8.5,46,11,0,0,0,0,0,0,1,0
3276,Arik Armstead,SF,2020,DE,16,29,20,49,3.5,25,7,3,0,0,0,0,0,0,0
3277,Dalvin Tomlinson,NYG,2020,DT,16,25,24,49,3.5,33,10,4,0,0,0,0,0,0,0
3278,Deatrich Wise Jr.,NE,2020,DE,16,27,22,49,2.5,11,3,0,0,0,0,0,0,1,1
3279,Chase Winovich,NE,2020,DE,16,33,16,49,5.5,32,8,2,1,0,0,0,1,0,0
3280,Andrew Wingard,JAX,2020,S,13,34,15,49,0.0,0,3,5,2,31,19,0,0,1,0
3281,Jeffery Simmons,TEN,2020,DT,15,24,25,49,3.0,24,5,5,0,0,0,0,1,3,0
3282,Aldon Smith,DAL,2020,DE,16,31,17,48,5.0,16,5,2,0,0,0,0,0,2,1
3283,Chris Banjo,ARI,2020,S,13,34,14,48,0.0,0,2,1,0,0,0,0,0,0,0
3284,Johnathan Hankins,LV,2020,DT,16,27,21,48,1.0,9,2,0,0,0,0,0,0,1,0
3285,Joe Thomas,DAL,2020,LB,15,30,18,48,0.0,0,3,2,0,0,0,0,0,0,0
3286,Denzel Perryman,LAC,2020,LB,13,26,22,48,1.0,9,4,1,0,0,0,0,1,0,0
3287,Steven Nelson,PIT,2020,CB,15,43,5,48,0.0,0,2,9,2,3,3,0,0,1,0
3288,Zach Sieler,MIA,2020,DT,16,30,18,48,3.5,23,12,0,0,0,0,0,0,0,0
3289,Myles Garrett,CLE,2020,DE,14,33,15,48,12.0,98,15,2,0,0,0,0,4,2,0
3290,Levi Wallace,BUF,2020,CB,12,34,14,48,0.0,0,1,8,2,0,0,0,0,0,0
3291,Andrew Van Ginkel,MIA,2020,LB,16,29,19,48,5.5,45,9,4,0,0,0,0,3,1,1
3292,Alex Highsmith,PIT,2020,LB,16,30,18,48,2.0,16,6,1,1,2,2,0,0,0,0
3293,Mackensie Alexander,CIN,2020,CB,13,32,15,47,0.0,0,1,6,1,21,21,0,0,0,0
3294,Tre Flowers,SEA,2020,CB,12,37,10,47,0.0,0,1,2,0,0,0,0,1,0,0
3295,Emmanuel Moseley,SF,2020,CB,12,34,13,47,0.0,0,1,9,1,51,51,0,0,0,0
3296,Derrick Nnadi,KC,2020,DT,15,23,24,47,0.0,0,1,0,0,0,0,0,0,0,0
3297,Marcus Epps,PHI,2020,S,14,35,12,47,0.0,0,0,4,2,0,0,0,0,0,0
3298,Christian Wilkins,MIA,2020,DT,14,28,19,47,1.5,10,5,5,1,8,8,0,0,1,0
3299,Jeff Okudah,DET,2020,CB,9,41,6,47,0.0,0,4,2,1,36,36,0,0,0,0
3300,Brandon Graham,PHI,2020,DE,16,35,11,46,8.0,49,15,0,0,0,0,0,2,1,0
3301,Bobby McCain,MIA,2020,S,16,39,7,46,0.0,0,0,5,1,19,19,0,0,0,0
3302,Larry Ogunjobi,CLE,2020,DT,15,23,23,46,2.5,18,8,0,0,0,0,0,1,0,0
3303,Jermaine Carter,CAR,2020,LB,16,21,25,46,0.0,0,2,1,0,0,0,0,0,1,0
3304,Jarrad Davis,DET,2020,LB,14,25,21,46,0.5,1,3,0,0,0,0,0,2,0,0
3305,Keion Crossen,HOU,2020,CB,16,33,13,46,0.0,0,1,5,0,0,0,0,0,0,0
3306,Isaac Yiadom,NYG,2020,CB,16,29,17,46,0.5,7,1,5,0,0,0,0,1,0,0
3307,Denzel Ward,CLE,2020,CB,12,38,8,46,0.0,0,1,18,2,0,0,0,1,0,0
3308,Cameron Dantzler Sr.,MIN,2020,CB,11,36,10,46,0.0,0,4,4,2,0,0,0,1,1,0
3309,Aaron Donald,LAR,2020,DT,16,27,18,45,13.5,86,20,1,0,0,0,0,4,1,0
3310,Stephon Tuitt,PIT,2020,DE,15,33,12,45,11.0,63,13,3,0,0,0,0,2,0,0
3311,Matt Milano,BUF,2020,LB,10,35,10,45,3.5,24,5,3,1,0,0,0,0,0,0
3312,William Jackson III,CIN,2020,CB,14,38,7,45,0.0,0,1,11,1,30,30,0,0,0,0
3313,Robert Spillane,PIT,2020,LB,12,39,6,45,2.0,15,4,4,1,33,33,1,0,1,0
3314,Montez Sweat,WSH,2020,DE,16,28,17,45,9.0,83,14,6,1,15,15,1,2,0,0
3315,Rock Ya-Sin,IND,2020,CB,13,36,9,45,0.0,0,0,7,1,0,0,0,1,0,0
3316,Mykal Walker,ATL,2020,LB,16,31,14,45,0.0,0,1,1,0,0,0,0,1,0,0
3317,Ndamukong Suh,TB,2020,DT,16,27,17,44,6.0,45,11,2,0,0,0,0,1,0,0
3318,William Gholston,TB,2020,DE,16,24,20,44,3.0,23,8,2,0,0,0,0,0,1,0
3319,Nickell Robey-Coleman,PHI,2020,CB,15,37,7,44,0.0,0,2,1,0,0,0,0,1,1,0
3320,Jaleel Johnson,MIN,2020,DT,16,22,22,44,1.5,8,4,0,0,0,0,0,0,0,0
3321,Brian Poole,NYJ,2020,CB,9,34,10,44,1.0,0,2,7,2,15,13,0,0,0,0
3322,Romeo Okwara,DET,2020,DE,16,32,12,44,10.0,79,14,1,0,0,0,0,3,1,0
3323,Jalen Ramsey,LAR,2020,CB,15,36,8,44,0.0,0,3,9,1,2,2,0,0,0,0
3324,Raven Greene,GB,2020,S,10,28,16,44,1.5,13,2,5,1,17,17,0,1,0,0
3325,Jimmy Moreland,WSH,2020,CB,16,33,11,44,0.5,2,2,1,1,32,32,0,1,0,0
3326,Ryan Neal,SEA,2020,S,13,33,11,44,0.0,0,4,5,2,1,1,0,0,0,0
3327,Ben Niemann,KC,2020,LB,15,29,15,44,1.0,8,4,0,0,0,0,0,1,2,0
3328,David Onyemata,NO,2020,DT,15,20,24,44,6.5,44,12,2,1,3,3,0,0,0,0
3329,Taylor Rapp,LAR,2020,S,9,32,12,44,0.0,0,0,3,1,0,0,0,1,0,0
3330,Malik Harrison,BAL,2020,LB,16,26,18,44,0.0,0,2,1,0,0,0,0,0,0,0
3331,Darious Williams,LAR,2020,CB,16,37,7,44,0.0,0,3,14,4,21,19,0,0,0,0
3332,Chase Young,WSH,2020,DE,15,32,12,44,7.5,34,13,4,0,0,0,0,4,3,1
3333,Jaylon Johnson,CHI,2020,CB,13,34,10,44,0.0,0,1,15,0,0,0,0,0,0,0
3334,Darian Thompson,DAL,2020,S,15,30,13,43,0.0,0,0,1,1,3,3,0,1,0,0
3335,Jason McCourty,NE,2020,CB,16,30,12,42,0.0,0,0,3,0,0,0,0,0,0,0
3336,Xavier Rhodes,IND,2020,CB,16,35,7,42,0.0,0,1,12,2,44,44,1,0,0,0
3337,Bryce Callahan,DEN,2020,CB,10,36,6,42,0.0,0,1,5,2,0,0,0,0,1,0
3338,Henry Anderson,NYJ,2020,DE,16,19,23,42,0.5,4,6,0,0,0,0,0,0,0,0
3339,Preston Smith,GB,2020,LB,16,29,13,42,4.0,24,8,3,0,0,0,0,0,1,1
3340,Emmanuel Ogbah,MIA,2020,DE,16,25,17,42,9.0,95,11,5,0,0,0,0,3,0,0
3341,Foley Fatukasi,NYJ,2020,DT,15,22,20,42,2.0,7,9,2,0,0,0,0,1,1,0
3342,Bradley Chubb,DEN,2020,LB,14,26,16,42,7.5,50,11,0,0,0,0,0,1,0,0
3343,Julian Blackmon,IND,2020,S,15,35,7,42,0.0,0,4,6,2,19,15,0,1,0,0
3344,Troy Pride Jr.,CAR,2020,CB,14,27,15,42,0.0,0,2,2,0,0,0,0,0,0,0
3345,Fletcher Cox,PHI,2020,DT,15,28,13,41,6.5,41,11,1,0,0,0,0,1,0,0
3346,Casey Hayward,LAC,2020,CB,14,36,5,41,0.0,0,0,8,1,9,9,0,0,0,0
3347,Landon Collins,WSH,2020,S,7,24,17,41,2.0,16,5,1,1,1,1,0,1,0,0
3348,Alex Anzalone,NO,2020,LB,16,22,19,41,0.0,0,4,0,0,0,0,0,0,0,0
3349,Kenny Clark,GB,2020,DT,13,28,13,41,2.0,12,3,0,0,0,0,0,0,0,0
3350,Chandon Sullivan,GB,2020,CB,16,32,9,41,0.0,0,1,6,1,7,7,1,0,0,0
3351,Dre'Mont Jones,DEN,2020,DE,13,26,15,41,6.5,36,8,2,0,0,0,0,0,0,0
3352,Juan Thornhill,KC,2020,S,16,33,8,41,0.0,0,0,3,1,20,20,0,0,0,0
3353,L'Jarius Sneed,KC,2020,CB,9,31,10,41,2.0,19,2,7,3,42,39,0,0,0,0
3354,P.J. Williams,NO,2020,CB,15,31,9,40,0.0,0,0,2,1,30,30,0,0,2,0
3355,Corn Elder,CAR,2020,CB,16,28,12,40,0.0,0,1,3,0,0,0,0,1,0,0
3356,Bilal Nichols,CHI,2020,DT,16,16,24,40,5.0,35,8,3,1,7,7,0,0,0,0
3357,J.C. Jackson,NE,2020,CB,16,34,6,40,0.0,0,1,14,9,80,30,0,0,2,0
3358,Avonte Maddox,PHI,2020,CB,10,36,4,40,0.0,0,1,3,0,0,0,0,0,0,0
3359,Poona Ford,SEA,2020,DT,16,25,15,40,2.0,14,8,0,0,0,0,0,1,0,0
3360,Raekwon Davis,MIA,2020,DT,16,19,21,40,0.0,0,1,0,0,0,0,0,0,0,0
3361,Tyson Alualu,PIT,2020,DT,15,18,21,39,2.0,18,7,5,0,0,0,0,1,0,0
3362,Darryl Roberts,DET,2020,CB,11,34,5,39,0.0,0,1,6,1,6,6,0,0,0,0
3363,Christian Covington,CIN,2020,DT,16,15,24,39,0.0,0,1,0,0,0,0,0,0,0,0
3364,Anthony Brown,DAL,2020,CB,10,32,7,39,1.0,11,1,3,2,14,14,0,0,1,1
3365,Joey Bosa,LAC,2020,LB,12,29,10,39,7.5,48,15,1,0,0,0,0,0,1,0
3366,Ty Summers,GB,2020,LB,16,27,12,39,0.0,0,0,1,0,0,0,0,0,0,0
3367,Maxx Crosby,LV,2020,DE,16,20,19,39,7.0,38,15,1,0,0,0,0,0,1,0
3368,Mack Wilson Sr.,CLE,2020,LB,13,24,15,39,0.0,0,1,2,0,0,0,0,0,0,0
3369,Willie Gay,KC,2020,LB,16,29,10,39,1.0,1,4,3,0,0,0,0,1,0,0
3370,Chris Claybrooks,JAX,2020,CB,13,33,6,39,0.0,0,1,3,0,0,0,0,0,0,0
3371,Steven Means,ATL,2020,LB,16,21,17,38,3.0,23,6,0,0,0,0,0,2,0,0
3372,Bashaud Breeland,KC,2020,CB,11,30,8,38,0.0,0,2,9,2,29,29,0,1,1,0
3373,Javon Hargrave,PHI,2020,DT,15,16,22,38,4.5,31,7,1,0,0,0,0,0,1,0
3374,Darius Phillips,CIN,2020,CB,12,30,8,38,0.0,0,2,12,1,21,21,0,2,0,0
3375,Chidobe Awuzie,DAL,2020,CB,8,29,9,38,0.0,0,1,5,1,0,0,0,0,1,0
3376,Jarran Reed,SEA,2020,DT,16,20,18,38,6.5,35,8,1,0,0,0,0,1,0,0
3377,Josh Sweat,PHI,2020,DE,14,24,14,38,6.0,52,11,2,0,0,0,0,3,0,0
3378,Ronnie Harrison Jr.,CLE,2020,S,11,24,14,38,1.0,0,1,7,1,47,47,1,0,1,0
3379,Chris Harris Jr.,LAC,2020,CB,9,25,12,37,0.5,0,2,2,1,51,51,0,0,0,0
3380,Stephon Gilmore,NE,2020,CB,11,30,7,37,0.0,0,1,3,1,15,15,0,1,0,0
3381,Jeff Heath,LV,2020,S,13,28,9,37,0.0,0,1,4,3,89,47,0,0,0,0
3382,Bradley Roby,HOU,2020,CB,10,33,4,37,0.0,0,2,7,1,0,0,0,0,1,0
3383,Byron Jones,MIA,2020,CB,14,28,9,37,0.0,0,1,4,2,15,15,0,1,0,0
3384,DeShawn Williams,DEN,2020,DT,14,20,17,37,2.0,7,4,3,1,1,1,0,0,0,0
3385,Benardrick McKinney,HOU,2020,LB,4,19,18,37,0.0,0,2,1,0,0,0,0,0,0,0
3386,Danny Shelton,DET,2020,DT,12,15,22,37,1.0,7,4,1,0,0,0,0,0,0,0
3387,Adam Gotsis,JAX,2020,DE,16,18,19,37,0.0,0,4,3,0,0,0,0,1,0,0
3388,Marcell Harris,SF,2020,S,16,27,10,37,0.0,0,1,3,0,0,0,0,2,2,0
3389,Olivier Vernon,CLE,2020,DE,14,24,12,36,9.0,45,13,3,0,0,0,0,1,1,0
3390,Bradley McDougald,NYJ,2020,S,7,23,13,36,0.0,0,0,3,0,0,0,0,0,1,0
3391,Darqueze Dennard,ATL,2020,CB,8,28,8,36,0.0,0,2,5,1,0,0,0,0,0,0
3392,Brent Urban,CHI,2020,DE,16,17,19,36,2.5,7,3,1,0,0,0,0,0,0,0
3393,Tyeler Davison,ATL,2020,DT,16,15,21,36,0.5,6,3,0,0,0,0,0,0,0,0
3394,Dean Lowry,GB,2020,DT,16,14,22,36,3.0,19,3,2,0,0,0,0,0,0,0
3395,Chris Jones,KC,2020,DT,15,23,13,36,7.5,28,5,4,0,0,0,0,2,0,0
3396,Carl Lawson,CIN,2020,DE,16,18,18,36,5.5,31,6,0,0,0,0,0,2,0,0
3397,Tarell Basham,NYJ,2020,DE,16,19,17,36,3.5,22,9,1,0,0,0,0,3,0,0
3398,Jalyn Holmes,MIN,2020,DE,14,16,20,36,0.0,0,2,2,0,0,0,0,0,0,0
3399,Ashtyn Davis,NYJ,2020,S,10,25,11,36,0.0,0,1,1,0,0,0,0,0,1,0
3400,Bryce Hall,NYJ,2020,CB,8,33,3,36,0.0,0,1,3,1,20,20,0,0,0,0
3401,CJ Henderson,JAX,2020,CB,8,27,9,36,0.0,0,0,6,1,22,22,0,1,0,0
3402,Pernell McPhee,BAL,2020,LB,15,27,8,35,3.0,22,4,1,0,0,0,0,0,0,0
3403,Barkevious Mingo,CHI,2020,LB,16,23,12,35,2.5,5,4,2,0,0,0,0,0,0,0
3404,Todd Davis,MIN,2020,LB,11,16,19,35,1.0,4,2,2,0,0,0,0,0,0,0
3405,Kevin Johnson,CLE,2020,CB,13,22,13,35,0.5,4,1,3,0,0,0,0,1,1,0
3406,Ifeadi Odenigbo,MIN,2020,DE,15,16,19,35,3.5,19,4,0,0,0,0,0,0,0,0
3407,Troy Apke,WSH,2020,CB,16,25,10,35,0.0,0,0,2,0,0,0,0,0,0,0
3408,A.J. Moore Jr.,HOU,2020,S,11,21,14,35,1.0,10,1,1,0,0,0,0,1,0,0
3409,Zach Allen,ARI,2020,DE,13,20,15,35,2.0,18,7,3,0,0,0,0,0,0,0
3410,Will Harris,DET,2020,CB,16,26,9,35,0.0,0,0,1,0,0,0,0,0,0,0
3411,Azeez Al-Shaair,SF,2020,LB,16,22,13,35,0.0,0,1,2,1,0,0,0,1,0,0
3412,Rashad Fenton,KC,2020,CB,16,27,8,35,0.0,0,1,7,1,31,31,0,0,0,0
3413,Cody Barton,SEA,2020,LB,16,24,11,35,0.0,0,0,0,0,0,0,0,2,0,0
3414,John Penisini,DET,2020,DT,16,19,16,35,1.0,0,4,0,0,0,0,0,0,1,0
3415,Shamar Stephen,MIN,2020,DT,16,20,14,34,0.5,4,3,0,0,0,0,0,0,0,0
3416,Kyler Fackrell,NYG,2020,LB,12,23,11,34,4.0,32,9,2,1,46,46,1,1,0,0
3417,Adam Butler,NE,2020,DT,15,18,16,34,4.0,31,6,2,0,0,0,0,0,0,0
3418,Tyus Bowser,BAL,2020,LB,16,17,17,34,2.0,23,4,5,3,53,25,0,0,0,0
3419,P.J. Hall,HOU,2020,DT,10,18,16,34,1.0,2,2,0,0,0,0,0,0,0,0
3420,Derek Barnett,PHI,2020,DE,13,21,13,34,5.5,29,8,0,0,0,0,0,0,0,0
3421,Justin Jones,LAC,2020,DT,13,19,15,34,1.0,5,5,0,0,0,0,0,0,0,0
3422,Donte Jackson,CAR,2020,CB,14,22,12,34,0.0,0,1,11,3,110,66,0,0,0,0
3423,Kris Boyd,MIN,2020,CB,10,24,10,34,0.0,0,1,2,0,0,0,0,1,0,0
3424,Derrick Brown,CAR,2020,DE,16,21,13,34,2.0,15,8,4,0,0,0,0,0,0,0
3425,Rashan Gary,GB,2020,LB,15,19,15,34,5.0,31,7,1,0,0,0,0,0,1,0
3426,Everson Griffen,DAL / DET,2020,DE,14,18,15,33,6.0,25,8,4,0,0,0,0,0,0,0
3427,Brandon Williams,BAL,2020,DT,13,19,14,33,0.0,0,4,2,0,0,0,0,0,0,0
3428,Denico Autry,IND,2020,DE,14,20,13,33,7.5,43,10,0,0,0,0,0,0,0,0
3429,Markus Golden,ARI / NYG,2020,LB,16,17,16,33,4.5,33,8,3,1,1,1,0,1,1,0
3430,Uchenna Nwosu,LAC,2020,LB,13,20,13,33,4.5,26,6,2,0,0,0,0,0,0,0
3431,Devante Downs,NYG,2020,LB,16,25,8,33,0.0,0,0,1,0,0,0,0,0,1,0
3432,Logan Wilson,CIN,2020,LB,12,23,10,33,1.0,10,4,3,2,0,0,0,0,0,0
3433,Dorance Armstrong,DAL,2020,DE,16,21,12,33,0.0,0,2,2,0,0,0,0,1,2,0
3434,Ed Oliver,BUF,2020,DT,16,23,10,33,3.0,17,9,3,0,0,0,0,1,0,0
3435,Javon Kinlaw,SF,2020,DT,14,15,18,33,1.5,7,4,4,1,27,27,1,0,0,0
3436,Johnathan Joseph,ARI / TEN,2020,CB,11,28,4,32,0.0,0,1,6,1,5,5,0,1,0,0
3437,Carlos Dunlap,CIN / SEA,2020,DE,15,20,12,32,6.0,40,9,4,0,0,0,0,0,0,0
3438,T.J. Carrie,IND,2020,CB,15,25,7,32,0.0,0,2,8,2,47,47,1,0,1,0
3439,Shelby Harris,DEN,2020,DT,11,20,12,32,2.5,16,4,7,0,0,0,0,1,0,0
3440,Zach Kerr,CAR,2020,DT,13,11,21,32,2.0,15,5,2,0,0,0,0,1,0,0
3441,Jordan Jenkins,NYJ,2020,DE,12,15,17,32,2.0,8,6,1,0,0,0,0,1,0,0
3442,Shaq Lawson,MIA,2020,DE,14,17,15,32,4.0,26,8,1,0,0,0,0,1,1,1
3443,B.J. Hill,NYG,2020,DT,16,15,17,32,1.0,9,2,1,0,0,0,0,0,0,0
3444,Doug Costin,JAX,2020,DT,12,12,20,32,0.0,0,3,2,0,0,0,0,0,1,0
3445,Steve McLendon,TB / NYJ,2020,DT,15,15,16,31,0.0,0,3,0,0,0,0,0,0,0,0
3446,Jeremiah Attaochu,DEN,2020,LB,13,24,7,31,5.0,22,7,0,0,0,0,0,1,0,0
3447,Bud Dupree,PIT,2020,LB,11,23,8,31,8.0,46,11,2,0,0,0,0,2,0,0
3448,Deshazor Everett,WSH,2020,S,11,23,8,31,0.0,0,0,4,0,0,0,0,1,0,0
3449,Will Parks,DEN / PHI,2020,S,10,27,4,31,1.0,16,3,0,0,0,0,0,0,0,0
3450,Samson Ebukam,LAR,2020,DE,16,18,13,31,4.5,20,5,1,0,0,0,0,1,0,0
3451,Chris Board,BAL,2020,LB,16,20,11,31,2.5,11,3,1,0,0,0,0,1,0,0
3452,Armon Watts,MIN,2020,DT,16,12,19,31,0.5,2,1,0,0,0,0,0,0,0,0
3453,Jacob Tuioti-Mariner,ATL,2020,DT,16,24,7,31,1.0,8,3,2,0,0,0,0,1,2,0
3454,Mario Addison,BUF,2020,DE,15,21,9,30,5.0,24,8,4,0,0,0,0,0,0,0
3455,Jaquiski Tartt,SF,2020,S,7,20,10,30,0.0,0,2,4,1,16,16,0,0,0,0
3456,Quinton Dunbar,SEA,2020,CB,6,28,2,30,0.0,0,2,5,1,0,0,0,0,0,0
3457,Justin Coleman,DET,2020,CB,11,22,8,30,0.0,0,4,1,0,0,0,0,0,0,0
3458,Cameron Sutton,PIT,2020,CB,16,27,3,30,1.0,0,1,8,1,0,0,0,3,1,0
3459,Marcus Allen,PIT,2020,LB,14,19,11,30,0.0,0,2,0,0,0,0,0,0,0,0
3460,Jaylon Ferguson,BAL,2020,LB,14,21,9,30,2.0,25,7,1,0,0,0,0,0,1,0
3461,Porter Gustin,CLE,2020,LB,14,13,17,30,0.0,0,3,0,0,0,0,0,0,0,0
3462,DaVon Hamilton,JAX,2020,DT,11,14,16,30,1.0,10,2,1,0,0,0,0,0,1,0
3463,Akeem Davis-Gaither,CIN,2020,LB,16,20,10,30,0.5,0,0,3,1,0,0,0,0,0,0
3464,Darnay Holmes,NYG,2020,CB,12,23,7,30,0.5,3,1,5,1,0,0,0,0,1,0
3465,Tavierre Thomas,CLE,2020,CB,16,29,1,30,1.0,7,3,0,0,0,0,0,1,0,0
3466,Jerry Hughes,BUF,2020,DE,15,19,10,29,4.5,20,8,3,1,-3,-3,0,2,2,1
3467,Mike Pennel Jr.,KC,2020,DT,14,13,16,29,0.0,0,0,0,0,0,0,0,0,0,0
3468,Frank Clark,KC,2020,LB,15,21,8,29,6.0,49,8,2,0,0,0,0,0,1,0
3469,David Mayo,NYG,2020,LB,11,18,11,29,0.0,0,3,0,0,0,0,0,1,0,0
3470,Isaac Rochell,LAC,2020,DE,16,18,11,29,2.5,5,2,1,0,0,0,0,0,0,0
3471,Jerry Tillery,LAC,2020,DT,16,19,10,29,3.0,24,4,2,0,0,0,0,2,1,0
3472,Arthur Maulet,NYJ,2020,CB,11,23,6,29,1.0,3,1,5,1,20,20,0,0,0,0
3473,Bravvion Roy,CAR,2020,DT,15,13,16,29,1.0,6,3,0,0,0,0,0,0,0,0
3474,Calais Campbell,BAL,2020,DT,12,18,10,28,4.0,27,6,6,0,0,0,0,0,0,0
3475,Malik Jackson,PHI,2020,DT,15,15,13,28,2.5,18,7,2,0,0,0,0,0,1,0
3476,Jack Crawford,TEN,2020,DE,16,20,8,28,2.0,28,3,0,0,0,0,0,1,0,0
3477,Brennan Scarlett,HOU,2020,LB,11,18,10,28,0.0,0,2,0,0,0,0,0,0,0,0
3478,Carl Nassib,LV,2020,LB,14,17,11,28,2.5,21,7,5,1,23,23,0,0,0,0
3479,Will Redmond,GB,2020,CB,13,21,7,28,0.0,0,0,1,0,0,0,0,0,0,0
3480,Tanoh Kpassagnon,KC,2020,DE,16,20,8,28,1.0,3,2,3,0,0,0,0,0,0,0
3481,Kamu Grugier-Hill,MIA,2020,LB,15,21,7,28,1.0,10,4,0,0,0,0,0,0,1,0
3482,Justin Hollins,LAR,2020,LB,16,18,10,28,3.0,37,4,1,0,0,0,0,1,0,0
3483,Shy Tuttle,NO,2020,DT,13,17,11,28,0.0,0,3,2,0,0,0,0,0,0,0
3484,Neville Gallimore,DAL,2020,DT,14,11,17,28,0.5,1,5,1,0,0,0,0,0,0,0
3485,Lamar Jackson,NYJ,2020,CB,13,26,2,28,0.0,0,1,2,0,0,0,0,0,0,0
3486,Troy Dye,MIN,2020,LB,11,13,15,28,0.0,0,0,2,0,0,0,0,0,0,0
3487,John Cominsky,ATL,2020,DE,13,14,14,28,1.0,4,4,0,0,0,0,0,0,1,0
3488,Jimmy Smith,BAL,2020,CB,11,23,4,27,1.0,1,2,1,0,0,0,0,0,0,0
3489,Malcom Brown,NO,2020,DT,13,9,18,27,1.0,10,5,0,0,0,0,0,0,0,0
3490,Carlos Watkins,HOU,2020,DT,16,17,10,27,2.0,10,5,3,0,0,0,0,0,1,0
3491,Sharrod Neasman,ATL,2020,S,16,19,8,27,1.0,9,2,0,0,0,0,0,0,0,0
3492,Maurice Hurst II,LV,2020,DT,11,14,13,27,0.5,5,3,1,0,0,0,0,0,0,0
3493,Breon Borders,TEN,2020,CB,6,22,5,27,0.0,0,1,5,1,0,0,0,0,0,0
3494,Anthony Averett,BAL,2020,CB,10,22,5,27,0.0,0,0,7,0,0,0,0,0,0,0
3495,Morgan Fox,LAR,2020,DE,16,21,6,27,6.0,56,8,2,0,0,0,0,1,1,0
3496,Raekwon McMillan,LV,2020,LB,16,17,10,27,0.0,0,1,1,0,0,0,0,1,0,0
3497,Clelin Ferrell,LV,2020,DE,11,18,9,27,2.0,7,5,3,0,0,0,0,2,0,0
3498,Deionte Thompson,ARI,2020,S,13,18,9,27,0.0,0,0,3,0,0,0,0,0,0,0
3499,Byron Cowart,NE,2020,DT,14,14,13,27,1.0,5,4,1,0,0,0,0,0,0,0
3500,Sheldrick Redwine,CLE,2020,S,15,19,8,27,0.5,6,1,1,1,8,8,0,0,0,0
3501,Tershawn Wharton,KC,2020,DT,16,14,13,27,2.0,13,5,0,0,0,0,0,1,1,0
3502,Tavon Wilson,IND,2020,S,15,23,3,26,0.0,0,2,1,0,0,0,0,0,1,0
3503,Brandon Dunn,HOU,2020,DT,13,12,14,26,0.0,0,0,0,0,0,0,0,0,1,0
3504,Tanner Vallejo,ARI,2020,LB,16,18,8,26,1.0,0,0,0,0,0,0,0,0,0,0
3505,Sidney Jones IV,JAX,2020,CB,9,21,5,26,0.0,0,0,9,2,1,1,0,1,0,0
3506,Josh Jackson,GB,2020,CB,12,21,5,26,0.0,0,1,2,0,0,0,0,0,0,0
3507,Jamal Perry,MIA,2020,CB,13,16,10,26,0.0,0,0,1,0,0,0,0,0,0,0
3508,Devin Bush,PIT,2020,LB,5,16,10,26,1.0,6,1,3,0,0,0,0,0,0,0
3509,Justin Houston,IND,2020,LB,16,19,6,25,8.0,64,10,0,0,0,0,0,1,2,0
3510,Ricardo Allen,ATL,2020,S,12,18,7,25,0.0,0,1,5,2,29,19,0,0,0,0
3511,Dawuane Smoot,JAX,2020,DE,16,21,4,25,5.5,23,6,0,0,0,0,0,2,0,0
3512,Trey Hendrickson,NO,2020,DE,15,22,3,25,13.5,71,14,1,0,0,0,0,1,0,0
3513,Jeremy Reaves,WSH,2020,S,9,15,10,25,1.0,4,1,2,1,0,0,0,0,0,0
3514,Frankie Luvu,NYJ,2020,LB,13,17,8,25,2.0,15,5,1,0,0,0,0,1,0,0
3515,Mike Danna,KC,2020,DE,13,16,9,25,2.5,22,5,0,0,0,0,0,0,0,0
3516,Damon Arnette,LV,2020,CB,9,21,4,25,0.0,0,1,2,0,0,0,0,0,0,0
3517,Xavier McKinney,NYG,2020,S,6,14,11,25,0.0,0,1,1,1,0,0,0,0,0,0
3518,Jacob Phillips,CLE,2020,LB,9,15,10,25,0.0,0,1,1,0,0,0,0,0,0,0
3519,Josh Norman,BUF,2020,CB,9,21,3,24,0.0,0,2,4,1,16,16,1,1,2,0
3520,Benson Mayowa,SEA,2020,LB,13,19,5,24,6.0,40,8,3,0,0,0,0,2,1,0
3521,Phillip Gaines,HOU,2020,CB,12,18,6,24,0.0,0,1,1,0,0,0,0,0,0,0
3522,Xavier Williams,CIN / NE,2020,DT,12,11,13,24,1.0,0,1,0,0,0,0,0,0,1,0
3523,Angelo Blackson,ARI,2020,DE,16,15,9,24,2.5,15,5,0,0,0,0,0,0,0,0
3524,Matthias Farley,NYJ,2020,S,16,13,11,24,0.0,0,1,3,0,0,0,0,0,0,0
3525,Tyquan Lewis,IND,2020,DE,16,19,5,24,4.0,20,10,2,0,0,0,0,0,0,0
3526,Brandon Rusnak,JAX,2020,CB,16,15,9,24,0.0,0,0,0,0,0,0,0,0,0,0
3527,Hercules Mata'afa,MIN,2020,DE,13,12,12,24,2.5,18,5,0,0,0,0,0,0,0,0
3528,Holton Hill,MIN,2020,CB,4,19,5,24,1.0,0,0,3,0,0,0,0,0,0,0
3529,Kamal Martin,GB,2020,LB,10,17,7,24,1.0,3,3,0,0,0,0,0,0,0,0
3530,D.J. Wonnum,MIN,2020,LB,14,16,8,24,3.0,16,4,1,0,0,0,0,1,0,0
3531,Chris Jackson,TEN,2020,CB,11,14,10,24,0.0,0,2,1,0,0,0,0,0,0,0
3532,Yetur Gross-Matos,CAR,2020,LB,12,9,15,24,2.5,7,4,0,0,0,0,0,1,0,0
3533,A.J. Bouye,DEN,2020,CB,7,21,2,23,0.0,0,0,6,0,0,0,0,0,0,0
3534,Terrence Brooks,NE,2020,S,14,16,7,23,0.0,0,1,0,0,0,0,0,0,0,0
3535,Dontae Johnson,SF,2020,CB,14,17,6,23,1.0,11,1,3,0,0,0,0,0,0,0
3536,Nick Williams,DET,2020,DT,14,12,11,23,1.0,9,2,2,0,0,0,0,0,0,0
3537,Bryce Hager,NYJ,2020,LB,10,14,9,23,0.5,3,2,1,0,0,0,0,0,0,0
3538,Quinton Jefferson,BUF,2020,DT,16,14,9,23,3.0,24,5,1,0,0,0,0,1,1,0
3539,Antwaun Woods,DAL,2020,DT,14,7,16,23,1.0,10,1,0,0,0,0,0,0,0,0
3540,Tyler Matakevich,BUF,2020,LB,16,12,11,23,0.0,0,0,2,0,0,0,0,0,0,0
3541,Dante Fowler Jr.,ATL,2020,DE,14,12,11,23,3.0,15,7,1,0,0,0,0,1,0,0
3542,Al-Quadin Muhammad,IND,2020,DE,16,19,4,23,2.0,17,3,0,0,0,0,0,1,0,0
3543,Yannick Ngakoue,BAL / MIN,2020,DE,15,23,0,23,8.0,43,11,1,0,0,0,0,4,0,0
3544,Essang Bassey,DEN,2020,CB,12,21,2,23,0.0,0,3,2,1,26,26,0,0,0,0
3545,Sam Franklin Jr.,CAR,2020,S,14,15,8,23,1.0,5,2,1,0,0,0,0,0,0,0
3546,Jamar Taylor,SF,2020,CB,8,20,2,22,1.0,7,2,3,2,8,8,0,0,0,0
3547,K'Waun Williams,SF,2020,CB,8,17,5,22,2.0,15,5,4,0,0,0,0,1,0,0
3548,Dean Marlowe,BUF,2020,S,15,16,6,22,1.5,9,3,3,2,39,23,0,0,1,0
3549,Trey Flowers,DET,2020,DE,7,12,10,22,2.0,40,4,1,0,0,0,0,2,1,0
3550,James Vaughters,CHI,2020,LB,14,15,7,22,1.5,10,3,0,0,0,0,0,0,0,0
3551,Cre'Von LeBlanc,PHI,2020,CB,9,19,3,22,1.0,3,2,2,0,0,0,0,1,1,0
3552,Daryl Worley,BUF / LV,2020,CB,9,17,5,22,0.0,0,0,3,0,0,0,0,0,0,0
3553,Tyler Lancaster,GB,2020,DT,15,8,14,22,0.0,0,0,1,0,0,0,0,0,0,0
3554,L.J. Collier,SEA,2020,DE,16,16,6,22,3.0,6,4,2,0,0,0,0,0,0,0
3555,M.J. Stewart,CLE,2020,S,16,18,4,22,1.0,6,2,3,2,51,30,0,0,0,0
3556,Tyrel Dodson,BUF,2020,LB,10,13,9,22,1.0,5,3,2,0,0,0,0,0,0,0
3557,Justin Layne,PIT,2020,CB,16,13,9,22,0.0,0,1,0,0,0,0,0,0,0,0
3558,Javelin Guidry,NYJ,2020,CB,11,15,7,22,0.0,0,1,0,0,0,0,0,4,0,0
3559,Alton Robinson,SEA,2020,LB,14,13,9,22,4.0,26,6,0,0,0,0,0,1,0,0
3560,Tevaughn Campbell,LAC,2020,CB,14,16,6,22,0.0,0,0,3,1,6,6,1,1,0,0
3561,Whitney Mercilus,HOU,2020,LB,13,12,9,21,4.0,19,5,1,0,0,0,0,0,1,0
3562,John Jenkins,CHI,2020,DT,11,7,14,21,0.0,0,0,1,0,0,0,0,0,0,0
3563,Jahleel Addae,LAC,2020,S,11,13,8,21,0.5,0,1,2,1,3,3,0,0,0,0
3564,De'Vante Bausby,ARI / DEN,2020,CB,11,21,0,21,0.0,0,0,5,0,0,0,0,0,0,0
3565,Greg Mabin,JAX,2020,CB,5,20,1,21,0.0,0,0,3,0,0,0,0,0,0,0
3566,Randy Gregory,DAL,2020,LB,10,15,6,21,3.5,30,7,1,0,0,0,0,3,0,0
3567,George Odum,IND,2020,S,16,14,7,21,0.0,0,0,0,0,0,0,0,1,0,0
3568,Oren Burks,GB,2020,LB,16,14,7,21,0.0,0,1,0,0,0,0,0,2,0,0
3569,Justin Zimmer,BUF,2020,DT,12,13,8,21,1.0,0,4,0,0,0,0,0,1,0,0
3570,Shaun Dion Hamilton,WSH,2020,LB,14,14,7,21,0.0,0,2,0,0,0,0,0,0,0,0
3571,Marcus Davenport,NO,2020,LB,11,12,9,21,1.5,12,4,2,0,0,0,0,0,0,0
3572,Kingsley Keke,GB,2020,DT,15,12,9,21,4.0,27,5,2,0,0,0,0,1,0,0
3573,K'Von Wallace,PHI,2020,S,15,15,6,21,0.0,0,1,0,0,0,0,0,0,1,0
3574,Sean Lee,DAL,2020,LB,9,11,9,20,0.0,0,0,0,0,0,0,0,0,0,0
3575,Robert Quinn,CHI,2020,DE,15,14,6,20,2.0,12,4,0,0,0,0,0,3,1,0
3576,Desmond Trufant,DET,2020,CB,6,16,4,20,1.0,8,2,4,1,0,0,0,0,0,0
3577,Damion Square,LAC,2020,DE,16,9,11,20,1.0,1,2,0,0,0,0,0,0,0,0
3578,Rakeem Nunez-Roches,TB,2020,DT,16,7,13,20,0.0,0,0,0,0,0,0,0,0,0,0
3579,Sheldon Rankins,NO,2020,DT,12,13,7,20,1.5,12,4,1,0,0,0,0,0,0,0
3580,Damontae Kazee,ATL,2020,S,4,17,3,20,0.0,0,0,0,0,0,0,0,1,0,0
3581,Rashard Robinson,DAL,2020,CB,4,13,7,20,0.0,0,1,0,0,0,0,0,0,0,0
3582,Ahkello Witherspoon,SF,2020,CB,11,17,3,20,0.0,0,1,4,1,0,0,0,0,0,0
3583,Jacob Martin,HOU,2020,DE,14,13,7,20,3.0,16,4,1,0,0,0,0,1,1,0
3584,D.J. Jones,SF,2020,DT,14,14,6,20,3.0,16,7,1,0,0,0,0,0,0,0
3585,Joe Giles-Harris,JAX,2020,LB,9,10,10,20,1.0,7,2,0,0,0,0,0,0,0,0
3586,Anfernee Jennings,NE,2020,LB,14,10,10,20,0.0,0,0,0,0,0,0,0,0,0,0
3587,Corey Ballentine,NYG / NYJ,2020,CB,15,17,3,20,0.0,0,1,0,0,0,0,0,0,0,0
3588,Jabaal Sheard,NYG / JAX,2020,DE,10,10,9,19,1.5,15,5,1,0,0,0,0,1,0,0
3589,Jadeveon Clowney,TEN,2020,LB,8,14,5,19,0.0,0,4,4,0,0,0,0,1,0,0
3590,Trent Murphy,BUF,2020,DE,10,15,4,19,2.0,11,4,0,0,0,0,0,0,0,0
3591,Devon Kennard,ARI,2020,LB,13,15,4,19,3.0,20,6,0,0,0,0,0,0,0,0
3592,Adarius Taylor,CAR,2020,LB,13,10,9,19,0.0,0,1,0,0,0,0,0,0,0,0
3593,DJ Reader,CIN,2020,DT,5,8,11,19,0.0,0,1,2,0,0,0,0,0,0,0
3594,Chris Jones,MIN / DET,2020,CB,8,18,1,19,0.0,0,0,0,0,0,0,0,0,0,0
3595,John Franklin-Myers,NYJ,2020,DE,15,8,11,19,3.0,25,5,2,0,0,0,0,0,2,0
3596,Zaire Franklin,IND,2020,LB,16,14,5,19,0.0,0,0,0,0,0,0,0,0,0,0
3597,Da'Shawn Hand,DET,2020,DT,10,12,7,19,0.0,0,1,0,0,0,0,0,1,0,0
3598,Jonathan Greenard,HOU,2020,LB,13,10,9,19,1.0,7,3,1,0,0,0,0,0,0,0
3599,Kevin Givens,SF,2020,DT,13,14,5,19,1.0,7,5,1,0,0,0,0,0,1,0
3600,Justin Madubuike,BAL,2020,DT,10,11,8,19,1.0,7,3,0,0,0,0,0,0,0,0
3601,Khalid Kareem,CIN,2020,DE,16,9,10,19,1.0,0,1,0,0,0,0,0,0,0,0
3602,Jalen Thompson,ARI,2020,S,5,16,3,19,0.0,0,0,1,0,0,0,0,0,0,0
3603,K'Lavon Chaisson,JAX,2020,LB,16,12,7,19,1.0,8,3,1,0,0,0,0,0,0,0
3604,Richard Sherman,SF,2020,CB,5,16,2,18,0.0,0,1,1,1,18,18,0,0,0,0
3605,D.J. Hayden,JAX,2020,CB,5,15,3,18,0.0,0,1,1,0,0,0,0,0,0,0
3606,Will Compton,TEN,2020,LB,12,9,9,18,0.0,0,0,0,0,0,0,0,0,1,0
3607,Shilique Calhoun,NE,2020,DE,10,13,5,18,2.0,20,3,0,0,0,0,0,2,0,0
3608,Vernon Butler,BUF,2020,DT,14,9,9,18,0.0,0,5,1,0,0,0,0,1,0,0
3609,Austin Johnson,NYG,2020,DT,16,8,10,18,1.0,8,3,1,0,0,0,0,1,0,0
3610,DeMarcus Walker,DEN,2020,DE,13,9,9,18,4.5,28,5,0,0,0,0,0,1,0,0
3611,Charles Harris,ATL,2020,DE,13,8,10,18,3.0,18,3,2,0,0,0,0,0,0,0
3612,Taven Bryan,JAX,2020,DT,16,10,8,18,0.5,1,4,0,0,0,0,0,0,0,0
3613,Marquis Haynes Sr.,CAR,2020,LB,15,15,3,18,4.0,19,4,1,0,0,0,0,1,2,0
3614,Harrison Phillips,BUF,2020,DT,12,11,7,18,0.0,0,0,0,0,0,0,0,0,1,0
3615,Greg Gaines,LAR,2020,DT,16,9,9,18,1.5,4,2,0,0,0,0,0,0,1,0
3616,Dakota Allen,JAX,2020,LB,13,12,6,18,0.0,0,3,0,0,0,0,0,0,0,0
3617,Efe Obada,CAR,2020,DE,16,10,8,18,5.5,35,6,0,0,0,0,0,1,2,0
3618,Anthony Nelson,TB,2020,LB,16,11,7,18,1.0,10,3,1,0,0,0,0,0,0,0
3619,Michael Jacquet,PHI,2020,CB,7,12,6,18,1.0,9,1,3,0,0,0,0,1,0,0
3620,Tim Settle,WSH,2020,DT,16,12,6,18,5.0,26,5,0,0,0,0,0,0,0,0
3621,Joejuan Williams,NE,2020,CB,15,12,6,18,0.0,0,0,2,0,0,0,0,0,0,0
3622,Daniel Thomas,JAX,2020,S,10,16,2,18,0.0,0,0,2,1,53,53,0,0,0,0
3623,Ryan Kerrigan,WSH,2020,DE,16,9,8,17,5.5,43,6,1,0,0,0,0,0,1,0
3624,Mike Daniels,CIN,2020,DT,11,7,10,17,0.0,0,1,0,0,0,0,0,0,0,0
3625,Dion Jordan,SF,2020,DE,13,11,6,17,3.0,24,5,1,0,0,0,0,1,1,0
3626,Justin Ellis,BAL,2020,DT,13,6,11,17,0.0,0,0,1,0,0,0,0,0,0,0
3627,Mario Edwards Jr.,CHI,2020,DE,15,11,6,17,4.0,36,6,1,0,0,0,0,0,0,0
3628,Stephen Weatherly,CAR,2020,DE,9,7,10,17,0.0,0,2,0,0,0,0,0,0,0,0
3629,Nick Scott,LAR,2020,S,15,11,6,17,0.0,0,0,0,0,0,0,0,0,0,0
3630,Armani Watts,KC,2020,S,16,15,2,17,0.0,0,0,1,0,0,0,0,0,0,0
3631,Austin Bryant,DET,2020,DE,6,12,5,17,0.0,0,2,1,0,0,0,0,0,0,0
3632,Charles Omenihu,HOU,2020,DE,15,11,6,17,4.0,35,6,2,0,0,0,0,0,0,0
3633,Carter Coughlin,NYG,2020,LB,14,13,4,17,1.0,8,2,0,0,0,0,0,0,0,0
3634,Kindle Vildor,CHI,2020,CB,16,13,4,17,0.0,0,0,1,0,0,0,0,0,0,0
3635,Amani Bledsoe,CIN,2020,DE,14,6,11,17,0.0,0,1,2,0,0,0,0,0,0,0
3636,Nathan Shepherd,NYJ,2020,DT,14,8,9,17,2.5,20,4,0,0,0,0,0,0,0,0
3637,Harrison Hand,MIN,2020,CB,14,14,3,17,0.0,0,0,3,1,4,4,0,0,0,0
3638,Domata Peko Sr.,ARI,2020,DT,6,6,10,16,0.0,0,0,0,0,0,0,0,0,0,0
3639,Vinny Curry,PHI,2020,DE,11,12,4,16,3.0,27,4,0,0,0,0,0,0,1,0
3640,Michael Thomas,HOU,2020,S,9,8,8,16,0.0,0,0,0,0,0,0,0,0,0,0
3641,Shawn Williams,CIN,2020,S,13,12,4,16,0.0,0,0,1,0,0,0,0,0,0,0
3642,Alex Okafor,KC,2020,DE,11,9,7,16,3.0,7,4,0,0,0,0,0,1,0,0
3643,Cassius Marsh,IND / PIT,2020,LB,8,14,2,16,0.0,0,0,0,0,0,0,0,1,0,0
3644,Brandon Facyson,LAC,2020,CB,13,13,3,16,0.0,0,0,0,0,0,0,0,1,0,0
3645,Davon Godchaux,MIA,2020,DT,5,10,6,16,0.0,0,1,0,0,0,0,0,0,0,0
3646,Jihad Ward,BAL,2020,LB,10,7,9,16,3.0,23,4,2,0,0,0,0,0,0,0
3647,Joshua Kalu,TEN,2020,S,15,12,4,16,0.0,0,0,0,0,0,0,0,1,0,0
3648,Duke Shelley,CHI,2020,CB,11,9,7,16,0.0,0,0,1,0,0,0,0,0,0,0
3649,Kristian Fulton,TEN,2020,CB,6,14,2,16,1.0,7,1,1,1,44,44,0,0,0,0
3650,Malcolm Roach,NO,2020,DT,9,7,9,16,0.0,0,2,0,0,0,0,0,0,0,0
3651,Bryce Huff,NYJ,2020,DE,14,12,4,16,2.0,9,4,1,0,0,0,0,0,0,0
3652,Dennis Gardeck,ARI,2020,LB,14,14,2,16,7.0,41,7,0,0,0,0,0,0,1,0
3653,Corey Peters,ARI,2020,DT,9,10,5,15,2.0,19,4,1,0,0,0,0,0,0,0
3654,Allen Bailey,ATL,2020,DE,16,8,7,15,1.5,14,3,0,0,0,0,0,0,0,0
3655,Kevin Minter,TB,2020,LB,16,10,5,15,0.0,0,0,1,0,0,0,0,0,0,0
3656,Mike Purcell,DEN,2020,DT,6,10,5,15,1.0,10,2,0,0,0,0,0,0,0,0
3657,DeAndre Houston-Carson,CHI,2020,S,16,12,3,15,0.0,0,0,3,1,0,0,0,0,1,0
3658,Tye Smith,TEN,2020,CB,12,11,4,15,0.0,0,1,1,0,5,5,0,0,0,0
3659,Maliek Collins,LV,2020,DT,12,8,7,15,0.0,0,1,0,0,0,0,0,0,0,0
3660,Rudy Ford,PHI,2020,S,8,13,2,15,0.0,0,1,0,0,0,0,0,0,0,0
3661,Kevin Strong,DET,2020,DE,6,10,5,15,1.0,9,1,0,0,0,0,0,0,0,0
3662,Ola Adeniyi,PIT,2020,LB,15,11,4,15,0.0,0,1,0,0,0,0,0,1,0,0
3663,Lorenzo Carter,NYG,2020,LB,5,11,4,15,1.0,5,2,1,0,0,0,0,0,0,0
3664,Edmond Robinson,ATL,2020,LB,13,8,7,15,0.0,0,0,0,0,0,0,0,0,0,0
3665,Arden Key,LV,2020,LB,14,10,5,15,0.0,0,2,2,0,0,0,0,0,0,0
3666,Dane Jackson,BUF,2020,CB,5,13,2,15,0.0,0,1,5,1,6,6,0,0,1,0
3667,Shaun Bradley,PHI,2020,LB,15,9,6,15,0.0,0,1,0,0,0,0,0,0,0,0
3668,Jordan Elliott,CLE,2020,DT,16,6,9,15,0.0,0,0,0,0,0,0,0,0,0,0
3669,Tramon Williams,BAL,2020,CB,6,10,4,14,0.0,0,0,1,0,0,0,0,0,0,0
3670,Patrick Robinson,NO,2020,CB,12,11,3,14,0.0,0,1,4,2,0,0,0,0,0,0
3671,Jurrell Casey,DEN,2020,DT,3,7,7,14,0.0,0,0,3,0,0,0,0,0,0,0
3672,Nick Bellore,SEA,2020,LB,16,11,3,14,0.0,0,0,0,0,0,0,0,0,1,0
3673,Tyrone Crawford,DAL,2020,DE,16,7,7,14,2.0,14,2,0,0,0,0,0,0,0,0
3674,Justin Bethel,NE,2020,CB,16,13,1,14,0.0,0,0,0,0,0,0,0,0,0,0
3675,D.J. Swearinger,NO,2020,S,11,13,1,14,0.0,0,0,1,0,0,0,0,0,0,0
3676,Nick Dzubnar,TEN,2020,LB,16,7,7,14,0.0,0,0,0,0,0,0,0,0,0,0
3677,Hardy Nickerson,MIN,2020,LB,14,9,5,14,0.0,0,0,1,1,5,5,0,2,0,0
3678,Trevon Coley,ARI,2020,DT,6,9,5,14,1.0,2,4,0,0,0,0,0,0,0,0
3679,Davontae Harris,BAL / DEN,2020,CB,11,13,1,14,0.0,0,1,1,0,0,0,0,1,0,0
3680,Darius Harris,KC,2020,LB,4,11,3,14,0.0,0,0,1,0,0,0,0,0,1,0
3681,Josh Woods,CHI,2020,LB,15,10,4,14,0.0,0,0,0,0,0,0,0,0,1,0
3682,Ezekiel Turner,ARI,2020,LB,16,4,10,14,0.0,0,0,0,0,0,0,0,0,0,0
3683,Carl Granderson,NO,2020,DE,15,11,3,14,5.0,25,4,1,0,0,0,0,2,0,0
3684,Darryl Johnson,BUF,2020,DE,15,11,3,14,1.0,7,4,0,0,0,0,0,0,0,0
3685,Myles Hartsfield,CAR,2020,S,16,9,5,14,0.0,0,1,1,0,0,0,0,0,2,0
3686,Ross Blacklock,HOU,2020,DT,15,10,4,14,0.0,0,1,0,0,0,0,0,0,0,0
3687,Khaleke Hudson,WSH,2020,LB,16,8,6,14,0.0,0,2,0,0,0,0,0,0,0,0
3688,AJ Epenesa,BUF,2020,DE,14,11,3,14,1.0,2,4,1,0,0,0,0,0,0,0
3689,Keisean Nixon,LV,2020,CB,15,9,5,14,0.0,0,0,0,0,0,0,0,0,0,0
3690,LaRoy Reynolds,ATL,2020,LB,16,8,5,13,0.0,0,0,1,0,0,0,0,1,1,0
3691,Ryan Lewis,NYG,2020,CB,5,11,2,13,0.0,0,0,1,0,0,0,0,0,0,0
3692,Adrian Colbert,NYG,2020,S,6,9,4,13,0.0,0,1,0,0,0,0,0,0,0,0
3693,Brandon Wilson,CIN,2020,S,15,9,4,13,0.0,0,1,0,0,0,0,0,1,0,0
3694,Daniel Ekuale,JAX,2020,DT,9,6,7,13,1.0,9,1,0,0,0,0,0,0,0,0
3695,Tedric Thompson,KC,2020,S,8,11,2,13,0.0,0,0,0,0,0,0,0,0,0,0
3696,Jordan Willis,SF / NYJ,2020,DE,9,7,6,13,2.5,18,3,0,0,0,0,0,0,1,0
3697,Siran Neal,BUF,2020,CB,16,9,4,13,0.0,0,1,1,0,0,0,0,0,0,0
3698,Tony Brown II,CIN,2020,CB,13,7,6,13,0.0,0,2,1,0,0,0,0,0,0,0
3699,Isaiah Johnson,LV,2020,CB,14,7,6,13,0.0,0,0,4,0,0,0,0,0,0,0
3700,Jaylinn Hawkins,ATL,2020,S,12,8,5,13,0.5,6,1,0,0,0,0,0,0,0,0
3701,Mike Hughes,MIN,2020,CB,4,9,4,13,0.0,0,0,1,0,0,0,0,0,0,0
3702,Josh Allen,JAX,2020,LB,8,7,6,13,2.5,7,3,1,0,0,0,0,0,0,0
3703,John Reid,HOU,2020,CB,13,11,2,13,0.0,0,0,1,0,0,0,0,0,0,0
3704,Vernon Scott,GB,2020,S,15,11,2,13,1.0,1,2,0,0,0,0,0,0,0,0
3705,Noah Igbinoghene,MIA,2020,CB,16,11,2,13,0.0,0,0,2,0,0,0,0,0,1,0
3706,Sherrick McManis,CHI,2020,S,11,11,1,12,0.0,0,0,1,1,0,0,0,1,0,0
3707,Adrian Clayborn,CLE,2020,DE,15,6,6,12,3.5,33,5,1,0,0,0,0,1,0,0
3708,Kyle Wilber,LV,2020,LB,16,7,5,12,0.0,0,0,0,0,0,0,0,0,1,0
3709,Brandon Copeland,NE,2020,LB,6,6,6,12,0.0,0,2,0,0,0,0,0,0,0,0
3710,Miles Killebrew,DET,2020,S,15,10,2,12,0.0,0,0,0,0,0,0,0,0,0,0
3711,Charles Washington,ARI,2020,S,15,7,5,12,0.0,0,0,1,0,0,0,0,1,0,0
3712,Sean Davis,PIT,2020,S,16,11,1,12,0.0,0,0,1,0,0,0,0,0,0,0
3713,Vincent Taylor,CLE,2020,DT,15,9,3,12,0.0,0,2,0,0,0,0,0,0,1,0
3714,Mike Ford,DET,2020,CB,9,9,3,12,0.0,0,1,1,0,0,0,0,0,0,0
3715,Ogbo Okoronkwo,LAR,2020,DE,10,8,4,12,1.0,7,1,1,0,0,0,0,0,0,0
3716,A'Shawn Robinson,LAR,2020,DT,8,6,6,12,0.0,0,0,1,0,0,0,0,0,0,0
3717,Antonio Hamilton Sr.,KC,2020,CB,16,9,3,12,0.0,0,2,1,0,0,0,0,0,0,0
3718,Nsimba Webster,LAR,2020,WR,16,9,3,12,0.0,0,0,0,0,0,0,0,0,0,0
3719,Adoree' Jackson,TEN,2020,CB,3,9,3,12,0.0,0,0,0,0,0,0,0,0,0,0
3720,Joel Iyiegbuniwe,CHI,2020,LB,16,9,3,12,0.0,0,1,1,0,0,0,0,0,0,0
3721,Genard Avery,PHI,2020,DE,11,6,6,12,1.5,7,2,1,0,0,0,0,0,0,0
3722,Taylor Stallworth,IND,2020,DT,16,5,7,12,0.5,2,2,0,0,0,0,0,0,1,0
3723,Blake Lynch,MIN,2020,LB,4,8,4,12,0.0,0,0,1,0,0,0,0,0,0,0
3724,Zack Baun,NO,2020,LB,15,7,5,12,0.0,0,1,0,0,0,0,0,0,0,0
3725,Austin Larkin,CAR,2020,DE,9,5,7,12,0.0,0,2,0,0,0,0,0,0,0,0
3726,Myles Bryant,NE,2020,CB,9,9,3,12,0.0,0,1,1,1,0,0,0,0,0,0
3727,Cam Brown,NYG,2020,LB,15,8,4,12,0.0,0,0,0,0,0,0,0,1,0,0
3728,Chandler Jones,ARI,2020,DE,5,5,6,11,1.0,5,1,0,0,0,0,0,0,1,0
3729,Ross Cockrell,TB,2020,CB,12,9,2,11,0.0,0,1,1,0,0,0,0,0,0,0
3730,Jordan Phillips,ARI,2020,DT,9,10,1,11,2.0,13,2,1,0,0,0,0,2,1,0
3731,Anthony Chickillo,DEN,2020,LB,11,7,4,11,1.0,9,2,1,0,0,0,0,0,0,0
3732,Hassan Ridgeway,PHI,2020,DT,7,9,2,11,1.0,9,2,0,0,0,0,0,0,0,0
3733,Dare Ogunbowale,JAX,2020,RB,14,9,2,11,0.0,0,1,0,0,0,0,0,0,0,0
3734,Tashawn Bower,NE,2020,LB,7,9,2,11,0.0,0,1,1,0,0,0,0,0,0,0
3735,Montravius Adams,GB,2020,DT,8,6,5,11,0.0,0,2,0,0,0,0,0,0,0,0
3736,Jordan Evans,CIN,2020,LB,15,5,6,11,2.0,17,2,1,1,0,0,0,0,1,0
3737,Quincy Williams,JAX,2020,LB,7,5,6,11,0.0,0,1,1,0,0,0,0,1,0,0
3738,Nate Hall,HOU,2020,LB,10,6,5,11,2.0,5,2,0,0,0,0,0,1,0,0
3739,Kentavius Street,SF,2020,DT,15,5,6,11,0.0,0,1,0,0,0,0,0,0,0,0
3740,Randy Ramsey,GB,2020,LB,12,5,6,11,0.0,0,0,0,0,0,0,0,0,0,0
3741,Mike Edwards,TB,2020,S,16,6,5,11,0.0,0,0,5,2,67,37,0,0,1,0
3742,Kyle Phillips,NYJ,2020,DE,7,7,4,11,0.0,0,3,0,0,0,0,0,0,0,0
3743,Grayland Arnold,PHI,2020,S,6,6,5,11,0.0,0,1,1,0,0,0,0,0,0,0
3744,Leki Fotu,ARI,2020,DT,11,6,5,11,1.0,8,5,0,0,0,0,0,0,0,0
3745,Trysten Hill,DAL,2020,DT,5,6,5,11,0.0,0,1,0,0,0,0,0,0,0,0
3746,Isaiah Buggs,PIT,2020,DT,10,7,4,11,0.0,0,0,0,0,0,0,0,0,0,0
3747,Josiah Scott,JAX,2020,CB,6,10,1,11,0.0,0,1,0,0,0,0,0,0,0,0
3748,Melvin Ingram,LAC,2020,LB,7,5,5,10,0.0,0,1,2,1,0,0,0,0,0,0
3749,Julian Stanford,CAR,2020,LB,16,4,6,10,0.0,0,0,0,0,0,0,0,0,0,0
3750,Jordan Dangerfield,PIT,2020,S,15,9,1,10,0.0,0,0,0,0,0,0,0,0,0,0
3751,Curtis Riley,ARI / MIN,2020,S,6,7,3,10,0.0,0,0,0,0,0,0,0,0,0,0
3752,Justin Hamilton,DAL,2020,DT,10,3,7,10,0.0,0,0,0,0,0,0,0,0,0,0
3753,Roy Robertson-Harris,CHI,2020,DE,8,7,3,10,0.0,0,1,0,0,0,0,0,0,0,0
3754,Nick Thurman,NE,2020,DE,7,6,4,10,0.0,0,1,0,0,0,0,0,0,0,0
3755,Cethan Carter,CIN,2020,TE,15,6,4,10,0.0,0,0,0,0,0,0,0,0,0,0
3756,Clayton Fejedelem,MIA,2020,S,13,6,4,10,0.0,0,0,0,0,0,0,0,1,1,0
3757,Jalen Reeves-Maybin,DET,2020,LB,16,9,1,10,0.0,0,0,0,0,0,0,0,0,0,0
3758,Kendal Vickers,LV,2020,DE,15,5,5,10,2.0,14,3,0,0,0,0,0,0,0,0
3759,Lano Hill,SEA,2020,S,2,8,2,10,0.0,0,1,0,0,0,0,0,0,0,0
3760,Dallin Leavitt,LV,2020,S,9,4,6,10,0.0,0,0,2,0,0,0,0,0,0,0
3761,Matt Dickerson,TEN,2020,DT,10,4,6,10,0.0,0,0,0,0,0,0,0,0,0,0
3762,Vita Vea,TB,2020,DT,5,6,4,10,2.0,19,4,0,0,0,0,0,0,0,0
3763,James Smith-Williams,WSH,2020,DE,14,8,2,10,0.5,2,4,0,0,0,0,0,0,0,0
3764,Rasheem Green,SEA,2020,DE,10,7,3,10,2.0,20,3,0,0,0,0,0,0,1,0
3765,Ka'dar Hollman,GB,2020,CB,14,7,3,10,0.0,0,0,3,0,0,0,0,0,0,0
3766,Justice Hill,BAL,2020,RB,12,7,3,10,0.0,0,1,0,0,0,0,0,1,0,0
3767,James Pierre,PIT,2020,CB,16,7,3,10,0.0,0,1,0,0,0,0,0,0,0,0
3768,Davion Taylor,PHI,2020,LB,12,7,3,10,0.0,0,0,0,0,0,0,0,0,0,0
3769,Luq Barcoo,JAX,2020,CB,3,7,3,10,0.0,0,1,1,0,0,0,0,0,0,0
3770,Damon Harrison Sr.,SEA / GB,2020,DT,6,3,6,9,0.0,0,0,0,0,0,0,0,1,0,0
3771,Sylvester Williams,DEN,2020,DT,8,4,5,9,0.0,0,0,2,0,0,0,0,0,0,0
3772,Margus Hunt,CIN / NO,2020,DT,13,7,2,9,1.0,4,2,4,0,0,0,0,0,1,0
3773,Damontre Moore,SEA,2020,DE,10,6,3,9,1.0,0,1,0,0,0,0,0,1,0,0
3774,Blidi Wreh-Wilson,ATL,2020,CB,15,6,3,9,0.0,0,1,4,3,26,23,0,0,0,0
3775,Akeem Spence,NE,2020,DT,6,3,6,9,0.0,0,0,0,0,0,0,0,0,0,0
3776,Cody Davis,NE,2020,S,13,4,5,9,0.0,0,1,0,0,0,0,0,0,0,0
3777,C.J. Goodwin,DAL,2020,CB,16,6,3,9,0.0,0,1,0,0,0,0,0,0,0,0
3778,Doug Middleton,JAX,2020,S,10,4,5,9,0.0,0,0,0,0,0,0,0,0,0,0
3779,Sam Eguavoen,MIA,2020,LB,16,5,4,9,0.0,0,0,1,0,0,0,0,0,0,0
3780,T.Y. McGill,PHI,2020,DT,7,3,6,9,0.5,2,4,0,0,0,0,0,0,0,0
3781,Fabian Moreau,WSH,2020,CB,16,7,2,9,0.0,0,0,3,2,0,0,0,0,0,0
3782,Ryan Anderson,WSH,2020,LB,9,6,3,9,0.0,0,1,0,0,0,0,0,0,0,0
3783,Kamalei Correa,JAX / TEN,2020,LB,9,5,4,9,0.0,0,0,1,0,0,0,0,0,0,0
3784,Dorian O'Daniel,KC,2020,LB,11,7,2,9,1.0,5,1,0,0,0,0,0,0,0,0
3785,Calvin Munson,MIA,2020,LB,16,6,3,9,0.0,0,1,0,0,0,0,0,0,0,0
3786,Kylie Fitts,ARI,2020,LB,13,5,4,9,0.0,0,0,0,0,0,0,0,1,0,0
3787,Shaquem Griffin,SEA,2020,LB,14,6,3,9,1.0,9,1,1,0,0,0,0,0,0,0
3788,E.J. Speed,IND,2020,LB,15,7,2,9,0.0,0,0,0,0,0,0,0,0,0,0
3789,Bryan Mone,SEA,2020,DT,10,3,6,9,0.5,1,2,0,0,0,0,0,0,0,0
3790,Trent Sherfield,ARI,2020,WR,15,6,3,9,0.0,0,0,0,0,0,0,0,0,2,0
3791,Derick Roberson,TEN,2020,LB,8,5,4,9,0.0,0,0,1,0,0,0,0,1,0,0
3792,Andre Smith,BUF,2020,LB,12,8,1,9,0.0,0,1,0,0,0,0,0,1,0,0
3793,Henry Black,GB,2020,S,8,7,2,9,0.0,0,0,0,0,0,0,0,1,0,0
3794,Jordan Glasgow,IND,2020,LB,13,6,3,9,0.0,0,0,0,0,0,0,0,0,0,0
3795,Demetrius Flannigan-Fowles,SF,2020,LB,11,6,3,9,0.0,0,0,0,0,0,0,0,0,0,0
3796,Stephen Carlson,CLE,2020,TE,16,7,2,9,0.0,0,0,0,0,0,0,0,0,0,0
3797,Rashard Lawrence,ARI,2020,DT,9,7,2,9,0.0,0,1,0,0,0,0,0,0,0,0
3798,Joshua Uche,NE,2020,LB,9,7,2,9,1.0,7,2,0,0,0,0,0,0,0,0
3799,Josh Metellus,MIN,2020,S,15,8,1,9,0.0,0,0,0,0,0,0,0,0,1,0
3800,Nate Ebner,NYG,2020,S,16,6,2,8,0.0,0,0,1,0,0,0,0,0,0,0
3801,Daren Bates,TEN,2020,LB,13,6,2,8,0.0,0,0,0,0,0,0,0,0,0,0
3802,Abry Jones,JAX,2020,DT,5,4,4,8,0.0,0,0,0,0,0,0,0,0,0,0
3803,Jaylen Watkins,LAC,2020,S,3,8,0,8,0.0,0,0,0,0,0,0,0,0,0,0
3804,Daniel McCullers,CHI,2020,DT,3,3,5,8,0.0,0,0,0,0,0,0,0,0,0,0
3805,Keith Smith,ATL,2020,FB,16,2,6,8,0.0,0,1,0,0,0,0,0,0,0,0
3806,Eddie Yarbrough,MIN,2020,DE,4,5,3,8,0.0,0,0,0,0,0,0,0,0,0,0
3807,Derek Watt,PIT,2020,FB,12,5,3,8,0.0,0,0,0,0,0,0,0,0,0,0
3808,Justin Hardee Sr.,NO,2020,CB,10,6,2,8,0.0,0,0,0,0,0,0,0,0,0,0
3809,Kevon Seymour,PHI,2020,CB,2,6,2,8,0.0,0,0,0,0,0,0,0,0,0,0
3810,Chris Wormley,PIT,2020,DE,13,3,5,8,1.0,9,1,0,0,0,0,0,0,0,0
3811,Jonathan Bullard,SEA,2020,DE,6,2,6,8,0.0,0,0,0,0,0,0,0,0,0,0
3812,Duke Dawson,DEN,2020,CB,12,2,6,8,0.0,0,0,0,0,0,0,0,0,0,0
3813,J.T. Gray,NO,2020,S,16,8,0,8,0.0,0,2,1,0,0,0,0,0,0,0
3814,Steven Parker,DAL,2020,S,8,5,3,8,0.0,0,0,0,0,0,0,0,0,0,0
3815,Elijah Lee,CLE / DET,2020,LB,12,6,2,8,0.0,0,0,0,0,0,0,0,0,0,0
3816,Takkarist McKinley,ATL,2020,LB,4,5,3,8,1.0,9,2,1,0,0,0,0,0,0,0
3817,Ben Burr-Kirven,SEA,2020,LB,16,7,1,8,0.0,0,1,0,0,0,0,0,0,0,0
3818,Kahlil McKenzie,CIN,2020,G,7,4,4,8,0.0,0,1,0,0,0,0,0,0,0,0
3819,Marlon Davidson,ATL,2020,DT,8,2,6,8,0.0,0,0,1,0,0,0,0,0,0,0
3820,McTelvin Agim,DEN,2020,DT,10,2,6,8,0.0,0,0,1,0,0,0,0,0,0,0
3821,Terrell Burgess,LAR,2020,S,7,7,1,8,0.0,0,0,1,0,0,0,0,0,0,0
3822,Parnell Motley,TB / DEN,2020,CB,2,5,3,8,0.0,0,0,1,0,0,0,0,0,1,0
3823,BoPete Keyes,KC,2020,CB,8,7,1,8,0.0,0,0,0,0,0,0,0,0,0,0
3824,Daniel Ross,LV / JAX,2020,DT,5,4,4,8,0.0,0,2,0,0,0,0,0,0,0,0
3825,Marquise Blair,SEA,2020,S,2,5,3,8,0.0,0,0,0,0,0,0,0,1,0,0
3826,Matthew Slater,NE,2020,WR,16,3,4,7,0.0,0,0,0,0,0,0,0,0,0,0
3827,Anthony Levine Sr.,BAL,2020,S,15,4,3,7,0.0,0,0,0,0,0,0,0,0,2,0
3828,Craig Robertson,NO,2020,LB,16,7,0,7,0.0,0,1,0,0,0,0,0,1,0,0
3829,Dontari Poe,DAL,2020,DT,7,3,4,7,0.0,0,0,0,0,0,0,0,0,0,0
3830,Derek Carrier,LV,2020,TE,16,3,4,7,0.0,0,0,0,0,0,0,0,0,0,0
3831,Jayrone Elliott,PIT,2020,LB,8,5,2,7,1.0,7,2,0,0,0,0,0,0,0,0
3832,Elijhaa Penny,NYG,2020,RB,14,2,5,7,0.0,0,0,0,0,0,0,0,0,0,0
3833,B.J. Bello,LAC,2020,LB,6,5,2,7,0.0,0,0,0,0,0,0,0,0,0,0
3834,Matt Ioannidis,WSH,2020,DT,3,5,2,7,1.5,8,3,0,0,0,0,0,0,0,0
3835,Taco Charlton,KC,2020,DE,7,4,3,7,2.0,6,2,0,0,0,0,0,1,0,0
3836,Jason Cabinda,DET,2020,FB,16,3,4,7,0.0,0,0,0,0,0,0,0,0,0,0
3837,Alijah Holder,DEN,2020,S,8,5,2,7,0.0,0,0,0,0,0,0,0,0,0,0
3838,Justin Watson,TB,2020,WR,11,4,3,7,1.0,5,1,0,0,0,0,0,0,0,0
3839,Malik Hooker,IND,2020,S,2,5,2,7,0.0,0,0,0,0,0,0,0,0,0,0
3840,C.J. Moore,DET,2020,S,12,4,3,7,0.0,0,0,0,0,0,0,0,0,0,0
3841,Tae Davis,CLE,2020,LB,13,7,0,7,0.0,0,0,1,0,0,0,0,0,0,0
3842,Kareem Orr,TEN,2020,CB,5,5,2,7,0.0,0,0,0,0,0,0,0,0,1,0
3843,Emeke Egbule,LAC,2020,LB,14,4,3,7,0.0,0,0,0,0,0,0,0,0,0,0
3844,Cam Lewis,BUF,2020,CB,5,5,2,7,0.0,0,0,0,0,0,0,0,0,0,0
3845,C.J. Ham,MIN,2020,FB,15,6,1,7,0.0,0,0,0,0,0,0,0,0,0,0
3846,Jonathan Ward,ARI,2020,RB,14,3,4,7,0.0,0,0,0,0,0,0,0,0,0,0
3847,Alohi Gilman,LAC,2020,S,15,5,2,7,0.0,0,0,0,0,0,0,0,0,0,0
3848,Isaiah Rodgers Sr.,IND,2020,CB,13,5,2,7,0.0,0,0,0,0,0,0,0,0,0,0
3849,Stantley Thomas-Oliver III,CAR,2020,CB,10,6,1,7,0.0,0,0,0,0,0,0,0,0,0,0
3850,David Long Jr.,LAR,2020,CB,16,6,1,7,0.0,0,0,0,0,0,0,0,0,0,0
3851,Ashton Dulin,IND,2020,WR,13,4,3,7,0.0,0,0,0,0,0,0,0,0,0,0
3852,Thomas Davis Sr.,WSH,2020,LB,7,5,1,6,0.0,0,0,1,0,0,0,0,0,0,0
3853,Taiwan Jones,BUF,2020,RB,13,5,1,6,0.0,0,0,0,0,0,0,0,0,0,0
3854,Billy Winn,GB,2020,DE,6,2,4,6,0.0,0,0,2,0,0,0,0,0,0,0
3855,George Iloka,MIN,2020,S,4,5,1,6,0.0,0,0,0,0,0,0,0,0,0,0
3856,Kawann Short,CAR,2020,DT,3,3,3,6,0.0,0,0,0,0,0,0,0,0,0,0
3857,Anthony Barr,MIN,2020,LB,2,6,0,6,0.0,0,0,0,0,0,0,0,0,0,0
3858,Aaron Lynch,JAX,2020,DE,8,5,1,6,1.0,0,1,1,0,0,0,0,0,0,0
3859,Rick Lovato,PHI,2020,LS,16,1,5,6,0.0,0,0,0,0,0,0,0,0,0,0
3860,Kavon Frazier,MIA,2020,S,15,5,1,6,0.0,0,0,0,0,0,0,0,0,0,0
3861,Nate Hairston,DEN / NYJ,2020,CB,2,5,1,6,0.0,0,1,0,0,0,0,0,0,0,0
3862,Kevin Peterson,ARI,2020,CB,12,3,3,6,0.0,0,0,1,0,0,0,0,0,0,0
3863,Jeremy Sprinkle,WSH,2020,TE,16,5,1,6,0.0,0,0,0,0,0,0,0,0,0,0
3864,Dylan Cole,HOU,2020,LB,6,3,3,6,0.0,0,0,0,0,0,0,0,0,0,0
3865,Joe Walker,SF,2020,LB,12,5,1,6,0.0,0,0,0,0,0,0,0,0,0,0
3866,Corey Clement,PHI,2020,RB,15,5,1,6,0.0,0,1,0,0,0,0,0,0,0,0
3867,Cam Sims,WSH,2020,WR,16,6,0,6,0.0,0,0,0,0,0,0,0,0,0,0
3868,Luke Gifford,DAL,2020,LB,8,4,2,6,0.0,0,0,0,0,0,0,0,0,0,0
3869,Grant Haley,NO,2020,CB,1,5,1,6,0.0,0,0,1,1,0,0,0,0,0,0
3870,Trey Marshall,DEN,2020,S,12,5,1,6,0.0,0,0,0,0,0,0,0,0,0,0
3871,Ryan Connelly,MIN,2020,LB,14,6,0,6,0.0,0,0,0,0,0,0,0,0,0,0
3872,Ben Banogu,IND,2020,DE,9,2,4,6,0.0,0,0,0,0,0,0,0,0,0,0
3873,Brian Hill,ATL,2020,RB,16,5,1,6,0.0,0,0,0,0,0,0,0,0,0,0
3874,Ken Webster,SF,2020,CB,9,5,1,6,0.0,0,1,0,0,0,0,0,1,0,0
3875,Terrell Bonds,BAL,2020,CB,4,6,0,6,0.0,0,0,0,0,0,0,0,0,0,0
3876,Carlos Davis,PIT,2020,DT,7,4,2,6,0.0,0,1,0,0,0,0,0,0,0,0
3877,Blake Cashman,NYJ,2020,LB,4,4,2,6,0.0,0,0,0,0,0,0,0,0,0,0
3878,Dan Chisena,MIN,2020,WR,14,6,0,6,0.0,0,0,0,0,0,0,0,0,1,0
3879,Derrek Tuszka,DEN,2020,LB,9,4,2,6,0.0,0,0,0,0,0,0,0,0,0,0
3880,Francis Bernard,DAL,2020,LB,13,2,4,6,0.0,0,0,0,0,0,0,0,0,0,0
3881,Niko Lalos,NYG,2020,DE,6,2,4,6,0.0,0,0,1,1,0,0,0,0,1,0
3882,Cam Gill,TB,2020,LB,12,4,2,6,0.0,0,0,0,0,0,0,0,0,0,0
3883,Benny Snell Jr.,PIT,2020,RB,16,4,2,6,0.0,0,0,0,0,0,0,0,0,1,0
3884,Robert Jackson,CLE,2020,CB,10,6,0,6,0.0,0,0,1,0,0,0,0,0,0,0
3885,Shaquille Quarterman,JAX,2020,LB,12,4,2,6,0.0,0,0,0,0,0,0,0,0,0,0
3886,Nick Bosa,SF,2020,DE,2,3,3,6,0.0,0,0,0,0,0,0,0,1,0,0
3887,Chase Claypool,PIT,2020,WR,16,2,4,6,0.0,0,0,0,0,0,0,0,0,0,0
3888,Tyler Hall,ATL,2020,CB,9,4,2,6,0.0,0,1,0,0,0,0,0,0,0,0
3889,Trenton Cannon,CAR,2020,RB,14,5,1,6,0.0,0,0,0,0,0,0,0,0,0,0
3890,Tramaine Brock,DET,2020,CB,1,5,0,5,0.0,0,0,0,0,0,0,0,0,0,0
3891,Bruce Irvin,SEA,2020,LB,2,4,1,5,0.0,0,1,0,0,0,0,0,0,0,0
3892,Ryan Griffin,NYJ,2020,TE,15,3,2,5,0.0,0,0,0,0,0,0,0,0,0,0
3893,Demetrius Harris,CHI,2020,TE,15,4,1,5,0.0,0,0,0,0,0,0,0,1,0,0
3894,Caraun Reid,JAX,2020,DT,7,3,2,5,0.0,0,0,0,0,0,0,0,0,0,0
3895,Chris Smith,LV,2020,DE,8,4,1,5,1.0,0,1,0,0,0,0,0,0,0,0
3896,Josh Mauro,ARI,2020,DE,3,3,2,5,1.0,10,1,0,0,0,0,0,0,0,0
3897,Daniel Brown,NYJ,2020,TE,16,4,1,5,0.0,0,0,0,0,0,0,0,0,0,0
3898,Stephen Anderson,LAC,2020,TE,16,3,2,5,0.0,0,0,0,0,0,0,0,0,0,0
3899,Riley Dixon,NYG,2020,P,16,5,0,5,0.0,0,0,0,0,0,0,0,0,0,0
3900,Deon Bush,CHI,2020,S,11,5,0,5,0.0,0,0,2,1,10,10,0,0,0,0
3901,J.P. Holtz,CHI,2020,TE,16,4,1,5,0.0,0,0,0,0,0,0,0,0,0,0
3902,Alex Barrett,SF,2020,DE,7,0,5,5,0.0,0,1,0,0,0,0,0,0,0,0
3903,Thomas Hennessy,NYJ,2020,LS,16,3,2,5,0.0,0,0,0,0,0,0,0,0,0,0
3904,Eli Ankou,DAL,2020,DT,7,1,4,5,0.0,0,0,0,0,0,0,0,0,0,0
3905,Frank Herron,DET,2020,DE,4,4,1,5,0.0,0,1,1,0,0,0,0,0,0,0
3906,Derek Rivers,LAR / NE,2020,DE,13,2,3,5,1.5,10,3,0,0,0,0,0,0,0,0
3907,Jamal Carter,ATL,2020,S,1,4,1,5,0.0,0,0,0,0,0,0,0,0,0,0
3908,Henry Mondeaux,PIT,2020,DE,11,3,2,5,0.0,0,2,0,0,0,0,0,0,0,0
3909,Trent Harris,NYG,2020,DE,4,1,4,5,0.5,4,1,0,0,0,0,0,0,0,0
3910,Oshane Ximines,NYG,2020,LB,4,4,1,5,0.0,0,1,0,0,0,0,0,0,0,0
3911,Josh Watson,DEN,2020,LB,9,5,0,5,0.0,0,0,0,0,0,0,0,0,0,0
3912,Kaden Elliss,NO,2020,LB,15,4,1,5,0.0,0,0,0,0,0,0,0,0,0,0
3913,Mike Boone,MIN,2020,RB,16,4,1,5,0.0,0,0,0,0,0,0,0,1,0,0
3914,Malik Jefferson,LAC,2020,LB,13,3,2,5,0.0,0,0,0,0,0,0,0,0,0,0
3915,Tim Ward,KC,2020,LB,1,5,0,5,1.0,7,1,0,0,0,0,0,0,0,0
3916,Jabari Zuniga,NYJ,2020,DE,8,3,2,5,0.0,0,0,0,0,0,0,0,0,0,0
3917,DeAndre Baker,KC,2020,CB,2,4,1,5,1.0,11,1,1,0,0,0,0,0,0,0
3918,DJ Moore,CAR,2020,WR,15,5,0,5,0.0,0,0,0,0,0,0,0,1,0,0
3919,Trevis Gipson,CHI,2020,LB,7,1,4,5,0.0,0,0,0,0,0,0,0,0,0,0
3920,Penny Hart,SEA,2020,WR,13,4,1,5,0.0,0,0,0,0,0,0,0,0,0,0
3921,Nathan Cottrell,JAX,2020,RB,8,3,2,5,0.0,0,0,0,0,0,0,0,0,0,0
3922,Herb Miller,TB,2020,CB,4,5,0,5,0.0,0,0,1,1,2,2,0,0,0,0
3923,Ulysees Gilbert,PIT,2020,LB,4,3,2,5,0.0,0,0,0,0,0,0,0,0,0,0
3924,Raequan Williams,PHI,2020,DE,6,3,2,5,1.0,5,1,0,0,0,0,0,0,0,0
3925,Gabe Nabers,LAC,2020,FB,16,3,2,5,0.0,0,0,0,0,0,0,0,0,0,0
3926,Kristian Welch,BAL,2020,LB,10,3,2,5,0.0,0,0,0,0,0,0,0,0,0,0
3927,Joe Jackson,CLE,2020,DE,3,2,3,5,0.0,0,1,0,0,0,0,0,0,1,0
3928,Madre Harper,NYG,2020,CB,9,5,0,5,0.0,0,0,0,0,0,0,0,0,1,0
3929,Alexander Myres,DET,2020,CB,1,5,0,5,0.0,0,0,1,0,0,0,0,0,0,0
3930,Tuzar Skipper,TEN,2020,LB,4,4,1,5,0.0,0,0,0,0,0,0,0,0,0,0
3931,Terrell Lewis,LAR,2020,LB,8,3,2,5,2.0,3,2,0,0,0,0,0,0,0,0
3932,Anthony Rush,SEA / GB,2020,DT,4,1,4,5,0.5,1,1,0,0,0,0,0,0,0,0
3933,Larrell Murchison,TEN,2020,DT,10,1,4,5,0.0,0,2,0,0,0,0,0,0,0,0
3934,Jonathan Garvin,GB,2020,LB,8,2,3,5,0.0,0,0,0,0,0,0,0,0,0,0
3935,Teair Tart,TEN,2020,DT,7,2,3,5,0.0,0,0,1,0,0,0,0,0,0,0
3936,Corey Liuget,HOU,2020,DT,6,2,2,4,1.0,7,2,0,0,0,0,0,0,0,0
3937,Brooks Reed,TEN,2020,LB,2,3,1,4,1.0,7,1,0,0,0,0,0,0,0,0
3938,Cordarrelle Patterson,CHI,2020,RB,16,3,1,4,0.0,0,0,0,0,0,0,0,0,0,0
3939,Zach Ertz,PHI,2020,TE,11,4,0,4,0.0,0,0,0,0,0,0,0,0,0,0
3940,Levine Toilolo,NYG,2020,TE,16,3,1,4,0.0,0,0,0,0,0,0,0,0,0,0
3941,Brandin Cooks,HOU,2020,WR,15,4,0,4,0.0,0,0,0,0,0,0,0,0,0,0
3942,Logan Thomas,WSH,2020,TE,16,4,0,4,0.0,0,1,0,0,0,0,0,0,0,0
3943,Vic Beasley,LV / TEN,2020,DE,10,3,1,4,0.0,0,1,0,0,0,0,0,1,0,0
3944,Justin March-Lillard,DAL,2020,LB,12,3,1,4,0.0,0,0,0,0,0,0,0,0,0,0
3945,Ryan Smith,TB,2020,CB,16,4,0,4,0.0,0,0,0,0,0,0,0,0,0,0
3946,Jordan Richards,BAL,2020,S,16,3,1,4,0.0,0,0,0,0,0,0,0,0,0,0
3947,David Irving,LV,2020,DE,2,2,2,4,0.0,0,0,0,0,0,0,0,0,0,0
3948,Jakeem Grant Sr.,MIA,2020,WR,14,4,0,4,0.0,0,0,0,0,0,0,0,0,0,0
3949,Ty Long,LAC,2020,P,16,3,1,4,0.0,0,0,0,0,0,0,0,0,0,0
3950,Tony McRae,DET,2020,CB,8,4,0,4,0.0,0,0,0,0,0,0,0,0,0,0
3951,Breshad Perriman,NYJ,2020,WR,12,3,1,4,0.0,0,0,0,0,0,0,0,0,0,0
3952,Andy Janovich,CLE,2020,FB,14,2,2,4,0.0,0,0,0,0,0,0,0,0,0,0
3953,Patrick O'Connor,TB,2020,DE,16,3,1,4,1.0,10,1,0,0,0,0,0,0,0,0
3954,Cameron Malveaux,CLE,2020,DE,2,4,0,4,0.0,0,0,0,0,0,0,0,1,0,0
3955,Eli Apple,CAR,2020,CB,2,3,1,4,0.0,0,0,0,0,0,0,0,0,0,0
3956,Kemoko Turay,IND,2020,LB,7,3,1,4,1.0,5,1,0,0,0,0,0,0,0,0
3957,Chad Beebe,MIN,2020,WR,14,3,1,4,0.0,0,0,0,0,0,0,0,0,0,0
3958,Deadrin Senat,ATL,2020,DT,5,2,2,4,0.0,0,0,0,0,0,0,0,0,1,0
3959,Cole Mazza,LAC,2020,LS,16,1,3,4,0.0,0,0,0,0,0,0,0,0,0,0
3960,Jamal Agnew,DET,2020,WR,14,4,0,4,0.0,0,1,0,0,0,0,0,0,0,0
3961,John Lovett,GB,2020,FB,8,3,1,4,0.0,0,0,0,0,0,0,0,0,0,0
3962,Jalen Davis,CIN,2020,CB,6,3,1,4,0.0,0,0,0,0,0,0,0,0,0,0
3963,Ryan Nall,CHI,2020,FB,16,3,1,4,0.0,0,0,0,0,0,0,0,0,0,0
3964,Cortez Broughton,LAC,2020,DT,9,0,4,4,0.0,0,0,1,0,0,0,0,0,0,0
3965,Danny Johnson,WSH,2020,CB,14,3,1,4,0.0,0,0,0,0,0,0,0,0,0,0
3966,Jaquan Johnson,BUF,2020,S,14,3,1,4,0.0,0,0,0,0,0,0,0,0,0,0
3967,Jace Whittaker,ARI,2020,CB,4,4,0,4,0.0,0,0,0,0,0,0,0,0,0,0
3968,Xavier Crawford,CHI,2020,CB,3,2,2,4,0.0,0,0,0,0,0,0,0,0,0,0
3969,Darrion Daniels,SF,2020,DT,4,2,2,4,0.0,0,0,0,0,0,0,0,0,0,0
3970,Javin White,LV,2020,LB,4,3,1,4,0.0,0,1,0,0,0,0,0,0,0,0
3971,Nick Westbrook-Ikhine,TEN,2020,WR,14,3,1,4,0.0,0,1,0,0,0,0,0,0,0,0
3972,Jachai Polite,LAR,2020,LB,11,3,1,4,1.0,6,1,0,0,0,0,0,0,0,0
3973,Braden Mann,NYJ,2020,P,16,4,0,4,0.0,0,0,0,0,0,0,0,0,0,0
3974,Mitch Wishnowsky,SF,2020,P,16,3,1,4,0.0,0,0,0,0,0,0,0,0,0,0
3975,Rico Dowdle,DAL,2020,RB,15,1,3,4,0.0,0,0,0,0,0,0,0,0,0,0
3976,Amik Robertson,LV,2020,CB,8,3,1,4,0.0,0,0,0,0,0,0,0,0,0,0
3977,Jerry Jeudy,DEN,2020,WR,16,4,0,4,0.0,0,0,0,0,0,0,0,0,0,0
3978,Gabe Davis,BUF,2020,WR,16,4,0,4,0.0,0,0,0,0,0,0,0,0,0,0
3979,Nick Keizer,KC,2020,TE,16,2,2,4,0.0,0,0,0,0,0,0,0,0,0,0
3980,Malik Taylor,GB,2020,WR,15,3,1,4,0.0,0,0,0,0,0,0,0,0,0,0
3981,Jared Cook,NO,2020,TE,15,2,1,3,0.0,0,0,0,0,0,0,0,0,0,0
3982,Marcus Gilchrist,BAL,2020,S,2,3,0,3,0.0,0,0,0,0,0,0,0,0,0,0
3983,Luke Stocker,ATL,2020,TE,16,2,1,3,0.0,0,0,0,0,0,0,0,0,0,0
3984,Kirk Cousins,MIN,2020,QB,16,2,1,3,0.0,0,0,0,0,0,0,0,0,0,0
3985,Tyler Eifert,JAX,2020,TE,15,3,0,3,0.0,0,0,0,0,0,0,0,1,0,0
3986,DeAndre Hopkins,ARI,2020,WR,16,3,0,3,0.0,0,0,0,0,0,0,0,0,0,0
3987,Alec Ogletree,NYJ,2020,LB,2,3,0,3,0.0,0,3,0,0,0,0,0,0,0,0
3988,James Winchester,KC,2020,LS,16,2,1,3,0.0,0,0,0,0,0,0,0,0,0,0
3989,Dee Ford,SF,2020,DE,1,1,2,3,0.0,0,1,0,0,0,0,0,0,0,0
3990,Jerick McKinnon,SF,2020,RB,16,3,0,3,0.0,0,0,0,0,0,0,0,0,0,0
3991,Matt Feiler,PIT,2020,G,13,3,0,3,0.0,0,0,0,0,0,0,0,0,0,0
3992,Senorise Perry,TEN,2020,RB,7,2,1,3,0.0,0,0,0,0,0,0,0,0,0,0
3993,James O'Shaughnessy,JAX,2020,TE,15,3,0,3,0.0,0,0,0,0,0,0,0,0,0,0
3994,Kyle Emanuel,HOU / LV,2020,LB,7,1,2,3,0.0,0,0,0,0,0,0,0,0,0,0
3995,Carl Davis Jr.,NE,2020,DT,3,3,0,3,0.0,0,1,0,0,0,0,0,0,0,0
3996,Luke Rhodes,IND,2020,LS,16,3,0,3,0.0,0,0,0,0,0,0,0,0,0,0
3997,Malcolm Brown,LAR,2020,RB,16,3,0,3,0.0,0,0,0,0,0,0,0,0,0,0
3998,J.D. McKissic,WSH,2020,RB,16,3,0,3,0.0,0,0,0,0,0,0,0,0,0,0
3999,Jared Norris,WSH,2020,LB,11,3,0,3,0.0,0,0,0,0,0,0,0,0,0,0
4000,Blake Countess,PHI,2020,CB,2,3,0,3,0.0,0,0,0,0,0,0,0,0,0,0
4001,Graham Glasgow,DEN,2020,G,13,3,0,3,0.0,0,1,0,0,0,0,0,1,0,0
4002,Chris Milton,TEN,2020,CB,14,3,0,3,0.0,0,1,0,0,0,0,0,0,0,0
4003,Woodrow Hamilton IV,CAR,2020,DT,5,2,1,3,0.0,0,0,0,0,0,0,0,0,1,0
4004,James Burgess Jr.,GB,2020,LB,4,3,0,3,0.0,0,0,0,0,0,0,0,0,0,0
4005,Brian Allen,SF,2020,CB,1,3,0,3,0.0,0,0,0,0,0,0,0,0,0,0
4006,Kalif Raymond,TEN,2020,WR,15,2,1,3,0.0,0,0,0,0,0,0,0,0,0,0
4007,Joe Jones,DEN,2020,LB,14,1,2,3,0.0,0,0,0,0,0,0,0,0,0,0
4008,Eric Saubert,JAX,2020,TE,8,2,1,3,0.0,0,0,0,0,0,0,0,0,0,0
4009,Amari Cooper,DAL,2020,WR,16,3,0,3,0.0,0,0,0,0,0,0,0,0,0,0
4010,Cooper Kupp,LAR,2020,WR,15,3,0,3,0.0,0,0,0,0,0,0,0,0,0,0
4011,Ryan Glasgow,NO,2020,DT,2,2,1,3,0.0,0,0,0,0,0,0,0,0,0,0
4012,Deante Burton,DAL,2020,CB,4,2,1,3,0.0,0,0,0,0,0,0,0,0,0,0
4013,D.J. Foster,ARI,2020,RB,10,1,2,3,0.0,0,0,0,0,0,0,0,0,0,0
4014,Trevor Williams,PHI,2020,CB,2,2,1,3,0.0,0,0,1,0,0,0,0,0,0,0
4015,Austin Calitro,DEN,2020,LB,13,3,0,3,0.0,0,0,0,0,0,0,0,0,0,0
4016,Mack Hollins,MIA,2020,WR,16,1,2,3,0.0,0,0,0,0,0,0,0,0,0,0
4017,Mike Davis,CAR,2020,RB,15,2,1,3,0.0,0,0,0,0,0,0,0,0,0,0
4018,Tanzel Smart,NYJ,2020,DT,3,2,1,3,0.0,0,0,0,0,0,0,0,0,0,0
4019,Rashard Higgins,CLE,2020,WR,13,3,0,3,0.0,0,0,0,0,0,0,0,0,0,0
4020,Damarious Randall,SEA,2020,CB,10,1,2,3,0.0,0,0,0,0,0,0,0,0,0,0
4021,Austin Hooper,CLE,2020,TE,13,2,1,3,0.0,0,0,0,0,0,0,0,0,0,0
4022,Leon Jacobs,JAX,2020,LB,3,3,0,3,0.0,0,1,0,0,0,0,0,0,0,0
4023,Marcus Kemp,KC,2020,WR,10,2,1,3,0.0,0,0,0,0,0,0,0,0,0,0
4024,KhaDarel Hodge,CLE,2020,WR,9,3,0,3,0.0,0,0,0,0,0,0,0,0,0,0
4025,Kevin Rader,PIT,2020,TE,1,2,1,3,0.0,0,0,0,0,0,0,0,0,0,0
4026,Marquez Valdes-Scantling,GB,2020,WR,16,2,1,3,0.0,0,0,0,0,0,0,0,0,0,0
4027,Evan Engram,NYG,2020,TE,16,2,1,3,0.0,0,0,0,0,0,0,0,0,0,0
4028,Peyton Barber,WSH,2020,RB,16,1,2,3,0.0,0,0,0,0,0,0,0,0,0,0
4029,Johnny Mundt,LAR,2020,TE,16,2,1,3,0.0,0,0,0,0,0,0,0,0,0,0
4030,Nate Holley,MIA,2020,S,3,2,1,3,0.0,0,0,0,0,0,0,0,0,0,0
4031,Demone Harris,KC,2020,DE,1,1,2,3,0.0,0,0,0,0,0,0,0,0,0,0
4032,Justin Jackson,LAC,2020,RB,9,1,2,3,0.0,0,0,0,0,0,0,0,0,0,0
4033,Samaje Perine,CIN,2020,RB,16,2,1,3,0.0,0,1,0,0,0,0,0,0,0,0
4034,Andrew Brown,HOU / CIN,2020,DT,7,1,2,3,1.0,4,1,0,0,0,0,0,0,0,0
4035,Dalton Schultz,DAL,2020,TE,16,2,1,3,0.0,0,0,0,0,0,0,0,0,0,0
4036,Jaeden Graham,ATL,2020,TE,16,1,2,3,0.0,0,0,0,0,0,0,0,0,0,0
4037,Terry McLaurin,WSH,2020,WR,15,3,0,3,0.0,0,0,0,0,0,0,0,0,0,0
4038,Khalen Saunders,KC,2020,DT,3,3,0,3,0.0,0,0,0,0,0,0,0,0,0,0
4039,Cullen Gillaspia,HOU,2020,LB,7,0,3,3,0.0,0,0,0,0,0,0,0,0,0,0
4040,Khari Blasingame,TEN,2020,FB,15,2,1,3,0.0,0,0,0,0,0,0,0,0,0,0
4041,Royce Freeman,DEN,2020,RB,16,3,0,3,0.0,0,0,0,0,0,0,0,0,0,0
4042,Devontae Booker,LV,2020,RB,16,2,1,3,0.0,0,0,0,0,0,0,0,0,0,0
4043,Jacob Hollister,SEA,2020,TE,16,0,3,3,0.0,0,0,0,0,0,0,0,0,0,0
4044,Linden Stephens,SEA,2020,CB,13,3,0,3,0.0,0,0,0,0,0,0,0,0,0,0
4045,Christian Blake,ATL,2020,WR,16,2,1,3,0.0,0,0,0,0,0,0,0,0,0,0
4046,Isaiah Mack,NE / TEN,2020,DT,8,1,2,3,0.0,0,0,0,0,0,0,0,0,0,0
4047,Patrick Mahomes,KC,2020,QB,15,2,1,3,0.0,0,0,0,0,0,0,0,0,0,0
4048,Vyncint Smith,NYJ,2020,WR,7,1,2,3,0.0,0,0,0,0,0,0,0,0,0,0
4049,Stanley Morgan,CIN,2020,WR,6,1,2,3,0.0,0,0,0,0,0,0,0,0,0,0
4050,Natrez Patrick,LAR,2020,LB,13,2,1,3,0.0,0,0,0,0,0,0,0,0,0,0
4051,Kevin Toliver II,DEN,2020,CB,2,2,1,3,0.0,0,0,0,0,0,0,0,0,0,0
4052,Jeremiah Ledbetter,TB,2020,DE,3,2,1,3,1.0,11,1,0,0,0,0,0,0,0,0
4053,Jason Strowbridge,MIA,2020,DE,8,1,2,3,0.0,0,1,0,0,0,0,0,0,0,0
4054,Jeremy Cox,DEN,2020,RB,7,1,2,3,0.0,0,0,0,0,0,0,0,0,0,0
4055,Xavier Jones,LAR,2020,RB,13,2,1,3,0.0,0,0,0,0,0,0,0,0,0,0
4056,K.J. Osborn,MIN,2020,WR,9,2,1,3,0.0,0,0,0,0,0,0,0,0,0,0
4057,Tae Hayes,MIA,2020,CB,2,2,1,3,0.0,0,0,0,0,0,0,0,0,0,0
4058,Olamide Zaccheaus,ATL,2020,WR,11,3,0,3,0.0,0,0,0,0,0,0,0,0,0,0
4059,Jacob Bobenmoyer,DEN,2020,LS,16,2,1,3,0.0,0,0,0,0,0,0,0,0,1,0
4060,P.J. Locke,DEN,2020,S,15,2,1,3,0.0,0,0,0,0,0,0,0,0,0,0
4061,Jonah Jackson,DET,2020,G,16,3,0,3,0.0,0,0,0,0,0,0,0,0,0,0
4062,Van Jefferson,LAR,2020,WR,16,2,1,3,0.0,0,0,0,0,0,0,0,0,0,0
4063,Josh Adams,NYJ,2020,RB,8,2,1,3,0.0,0,0,0,0,0,0,0,0,0,0
4064,Miles Boykin,BAL,2020,WR,16,3,0,3,0.0,0,0,0,0,0,0,0,0,0,0
4065,Jalen Guyton,LAC,2020,WR,16,3,0,3,0.0,0,0,0,0,0,0,0,0,0,0
4066,Saivion Smith,DAL,2020,CB,6,2,1,3,0.0,0,0,0,0,0,0,0,0,0,0
4067,Garett Bolles,DEN,2020,OT,15,2,1,3,0.0,0,0,0,0,0,0,0,0,0,0
4068,Jordan Kunaszyk,WSH,2020,LB,6,2,1,3,0.0,0,0,0,0,0,0,0,0,0,0
4069,Travis Homer,SEA,2020,RB,9,3,0,3,0.0,0,0,0,0,0,0,0,0,0,0
4070,Joe Reed,LAC,2020,WR,11,1,2,3,0.0,0,0,0,0,0,0,0,0,1,0
4071,TJ Brunson,NYG,2020,LB,5,2,1,3,0.0,0,0,0,0,0,0,0,0,0,0
4072,Justin Herbert,LAC,2020,QB,15,3,0,3,0.0,0,0,0,0,0,0,0,0,0,0
4073,Rashad Smith,PHI,2020,LB,2,2,1,3,0.0,0,0,0,0,0,0,0,0,0,0
4074,JuJu Hughes,LAR,2020,S,12,1,2,3,0.0,0,0,0,0,0,0,0,0,0,0
4075,Julian Okwara,DET,2020,LB,6,1,2,3,0.0,0,1,0,0,0,0,0,0,0,0
4076,DK Metcalf,SEA,2020,WR,16,3,0,3,0.0,0,0,0,0,0,0,0,0,0,0
4077,Tee Higgins,CIN,2020,WR,16,3,0,3,0.0,0,0,0,0,0,0,0,0,0,0
4078,Stanford Samuels,GB,2020,CB,2,3,0,3,0.0,0,0,0,0,0,0,0,0,0,0
4079,James Lynch,MIN,2020,DT,9,2,1,3,1.0,8,1,0,0,0,0,0,0,0,0
4080,Brandon Aiyuk,SF,2020,WR,12,3,0,3,0.0,0,0,0,0,0,0,0,0,0,0
4081,DeSean Jackson,PHI,2020,WR,5,2,0,2,0.0,0,0,0,0,0,0,0,0,0,0
4082,Julian Edelman,NE,2020,WR,6,1,1,2,0.0,0,0,0,0,0,0,0,0,0,0
4083,Golden Tate,NYG,2020,WR,12,2,0,2,0.0,0,0,0,0,0,0,0,0,0,0
4084,Emmanuel Sanders,NO,2020,WR,14,2,0,2,0.0,0,0,0,0,0,0,0,0,0,0
4085,Morgan Cox,BAL,2020,LS,15,1,1,2,0.0,0,0,0,0,0,0,0,0,0,0
4086,Bruce Miller,JAX,2020,FB,8,2,0,2,0.0,0,0,0,0,0,0,0,1,0,0
4087,Dontrelle Inman,WSH,2020,WR,10,2,0,2,0.0,0,0,0,0,0,0,0,0,0,0
4088,T.Y. Hilton,IND,2020,WR,15,2,0,2,0.0,0,0,0,0,0,0,0,0,0,0
4089,Datone Jones,LV,2020,DE,1,2,0,2,0.0,0,0,0,0,0,0,0,0,0,0
4090,Johnathan Cyprien,SF,2020,S,4,1,1,2,0.0,0,0,0,0,0,0,0,1,0,0
4091,Robert Woods,LAR,2020,WR,16,2,0,2,0.0,0,0,0,0,0,0,0,0,0,0
4092,Morgan Moses,WSH,2020,OT,16,2,0,2,0.0,0,0,0,0,0,0,0,1,0,0
4093,Richard Rodgers,PHI,2020,TE,14,0,2,2,0.0,0,0,0,0,0,0,0,0,0,0
4094,Trey Burton,IND,2020,TE,13,1,1,2,0.0,0,0,0,0,0,0,0,0,0,0
4095,Tyler Shatley,JAX,2020,C,16,2,0,2,0.0,0,0,0,0,0,0,0,0,0,0
4096,Jason Myers,SEA,2020,PK,16,1,1,2,0.0,0,0,0,0,0,0,0,0,0,0
4097,Daryl Williams,BUF,2020,OT,16,2,0,2,0.0,0,0,0,0,0,0,0,0,0,0
4098,Ameer Abdullah,MIN,2020,RB,16,2,0,2,0.0,0,0,0,0,0,0,0,0,0,0
4099,Melvin Gordon III,DEN,2020,RB,15,2,0,2,0.0,0,0,0,0,0,0,0,0,0,0
4100,Chris Moore,BAL,2020,WR,3,2,0,2,0.0,0,1,0,0,0,0,0,0,0,0
4101,Andrew Adams,TB,2020,S,16,1,1,2,0.0,0,0,0,0,0,0,0,0,0,0
4102,Terrance Smith,ARI,2020,LB,3,0,2,2,0.0,0,0,0,0,0,0,0,0,0,0
4103,Darren Waller,LV,2020,TE,16,2,0,2,0.0,0,0,0,0,0,0,0,0,0,0
4104,Kameron Canaday,PIT,2020,LS,16,1,1,2,0.0,0,0,0,0,0,0,0,0,0,0
4105,Pharaoh Brown,HOU,2020,TE,13,2,0,2,0.0,0,0,0,0,0,0,0,0,0,0
4106,Marcus Johnson,IND,2020,WR,11,2,0,2,0.0,0,0,0,0,0,0,0,1,0,0
4107,C.J. Board,NYG,2020,WR,14,1,1,2,0.0,0,1,0,0,0,0,0,0,0,0
4108,Sheldon Day,IND,2020,DT,4,1,1,2,0.0,0,0,1,0,0,0,0,0,0,0
4109,Tavon Young,BAL,2020,CB,2,2,0,2,0.0,0,0,0,0,0,0,0,0,0,0
4110,Reid Ferguson,BUF,2020,LS,16,2,0,2,0.0,0,0,0,0,0,0,0,0,0,0
4111,Sterling Shepard,NYG,2020,WR,12,1,1,2,0.0,0,0,0,0,0,0,0,0,0,0
4112,Zach Pascal,IND,2020,WR,16,2,0,2,0.0,0,0,0,0,0,0,0,0,0,0
4113,Jaydon Mickens,TB,2020,WR,10,2,0,2,0.0,0,0,0,0,0,0,0,0,0,0
4114,Taybor Pepper,SF,2020,LS,12,1,1,2,0.0,0,0,0,0,0,0,0,0,0,0
4115,Jamaal Williams,GB,2020,RB,14,2,0,2,0.0,0,0,0,0,0,0,0,0,0,0
4116,Denzelle Good,LV,2020,G,15,1,1,2,0.0,0,0,0,0,0,0,0,0,0,0
4117,Dwayne Washington,NO,2020,RB,11,2,0,2,0.0,0,0,0,0,0,0,0,0,0,0
4118,Peter Kalambayi,HOU,2020,LB,10,0,2,2,0.0,0,0,0,0,0,0,0,0,0,0
4119,Cordrea Tankersley,MIN,2020,CB,2,2,0,2,0.0,0,0,0,0,0,0,0,0,0,0
4120,Tyler Boyd,CIN,2020,WR,15,2,0,2,0.0,0,0,0,0,0,0,0,0,0,0
4121,James Conner,PIT,2020,RB,13,1,1,2,0.0,0,0,0,0,0,0,0,0,0,0
4122,Jack Cichy,TB,2020,LB,6,1,1,2,0.0,0,0,0,0,0,0,0,0,0,0
4123,Troy Fumagalli,DEN,2020,TE,8,2,0,2,0.0,0,0,0,0,0,0,0,0,0,0
4124,Matt Breida,MIA,2020,RB,12,1,1,2,0.0,0,0,0,0,0,0,0,0,0,0
4125,Anthony Miller,CHI,2020,WR,16,2,0,2,0.0,0,0,0,0,0,0,0,0,0,0
4126,Mike Love,BUF,2020,DE,1,2,0,2,0.0,0,1,0,0,0,0,0,0,0,0
4127,Jordan Wilkins,IND,2020,RB,15,2,0,2,0.0,0,0,0,0,0,0,0,0,0,0
4128,Nate Orchard,WSH,2020,DE,3,0,2,2,0.0,0,0,0,0,0,0,0,0,0,0
4129,Alvin Kamara,NO,2020,RB,15,2,0,2,0.0,0,0,0,0,0,0,0,0,0,0
4130,Pita Taumoepenu,ATL,2020,DE,1,2,0,2,0.0,0,0,0,0,0,0,0,0,0,0
4131,Austin Corbett,LAR,2020,C,16,2,0,2,0.0,0,0,0,0,0,0,0,0,0,0
4132,Zach Triner,TB,2020,LS,16,2,0,2,0.0,0,0,0,0,0,0,0,0,0,0
4133,Craig James,PHI,2020,CB,4,2,0,2,0.0,0,0,0,0,0,0,0,0,0,0
4134,Freedom Akinmoladun,CIN,2020,DT,2,1,1,2,0.0,0,0,0,0,0,0,0,0,0,0
4135,Chris Godwin,TB,2020,WR,12,2,0,2,0.0,0,0,0,0,0,0,0,0,0,0
4136,Mark Andrews,BAL,2020,TE,14,2,0,2,0.0,0,0,0,0,0,0,0,0,0,0
4137,Jaylen Samuels,PIT,2020,RB,14,2,0,2,0.0,0,0,0,0,0,0,0,0,0,0
4138,Christian McCaffrey,CAR,2020,RB,3,1,1,2,0.0,0,0,0,0,0,0,0,0,0,0
4139,Solomon Thomas,SF,2020,DE,2,0,2,2,0.0,0,0,0,0,0,0,0,0,0,0
4140,Ross Dwelley,SF,2020,TE,16,2,0,2,0.0,0,0,0,0,0,0,0,0,0,0
4141,Noah Brown,DAL,2020,WR,16,1,1,2,0.0,0,0,0,0,0,0,0,0,0,0
4142,Curtis Samuel,CAR,2020,WR,15,2,0,2,0.0,0,0,0,0,0,0,0,0,0,0
4143,Jordan Brailford,MIN,2020,LB,5,2,0,2,0.0,0,0,0,0,0,0,0,1,1,0
4144,Buddy Howell,HOU,2020,RB,14,2,0,2,0.0,0,0,0,0,0,0,0,0,0,0
4145,Jeff Wilson Jr.,SF,2020,RB,12,2,0,2,0.0,0,0,0,0,0,0,0,0,0,0
4146,Brian O'Neill,MIN,2020,OT,16,2,0,2,0.0,0,0,0,0,0,0,0,0,0,0
4147,Mike Thomas,CIN,2020,WR,14,2,0,2,0.0,0,1,0,0,0,0,0,0,0,0
4148,Joey Slye,CAR,2020,PK,16,2,0,2,0.0,0,0,0,0,0,0,0,0,0,0
4149,Dalton Risner,DEN,2020,G,16,2,0,2,0.0,0,0,0,0,0,0,0,0,0,0
4150,Matthew Adams,IND,2020,LB,9,1,1,2,0.0,0,0,0,0,0,0,0,0,0,0
4151,Will Dissly,SEA,2020,TE,16,1,1,2,0.0,0,0,0,0,0,0,0,0,0,0
4152,Tim Patrick,DEN,2020,WR,15,2,0,2,0.0,0,1,0,0,0,0,0,0,0,0
4153,Tremon Smith,IND,2020,CB,10,2,0,2,0.0,0,0,0,0,0,0,0,0,0,0
4154,Khalil Davis,TB,2020,DT,2,1,1,2,0.0,0,0,0,0,0,0,0,0,0,0
4155,Devine Ozigbo,JAX,2020,RB,8,1,1,2,0.0,0,0,0,0,0,0,0,0,0,0
4156,Mark Fields II,HOU / MIN,2020,CB,4,2,0,2,0.0,0,0,0,0,0,0,0,0,0,0
4157,Blake Ferguson,MIA,2020,LS,16,1,1,2,0.0,0,0,0,0,0,0,0,0,0,0
4158,Dylan Mabin,LV / MIN,2020,CB,3,1,1,2,0.0,0,0,0,0,0,0,0,0,0,0
4159,Wyatt Ray,TEN,2020,LB,4,2,0,2,1.0,17,1,0,0,0,0,0,0,0,0
4160,Preston Williams,MIA,2020,WR,8,2,0,2,0.0,0,0,0,0,0,0,0,0,0,0
4161,Tyler Conklin,MIN,2020,TE,16,2,0,2,0.0,0,0,0,0,0,0,0,0,0,0
4162,Broderick Washington,BAL,2020,DT,8,0,2,2,0.0,0,0,0,0,0,0,0,0,0,0
4163,Tony Pollard,DAL,2020,RB,16,2,0,2,0.0,0,0,0,0,0,0,0,0,0,0
4164,Lamar Jackson,BAL,2020,QB,15,2,0,2,0.0,0,0,0,0,0,0,0,0,0,0
4165,Jakobi Meyers,NE,2020,WR,14,2,0,2,0.0,0,0,0,0,0,0,0,0,0,0
4166,LeVante Bellamy,DEN,2020,RB,5,2,0,2,0.0,0,0,0,0,0,0,0,0,0,0
4167,J.R. Reed,LAR,2020,S,7,0,2,2,0.0,0,0,0,0,0,0,0,0,0,0
4168,JaMycal Hasty,SF,2020,RB,8,2,0,2,0.0,0,0,0,0,0,0,0,0,0,0
4169,Ross Matiscik,JAX,2020,LS,16,1,1,2,0.0,0,0,0,0,0,0,0,0,0,0
4170,Rob Windsor,IND,2020,DT,2,2,0,2,0.0,0,0,0,0,0,0,0,0,0,0
4171,Jake Bailey,NE,2020,P,16,1,1,2,0.0,0,0,0,0,0,0,0,0,0,0
4172,Casey Toohill,WSH / PHI,2020,DE,8,0,2,2,0.0,0,0,0,0,0,0,0,0,0,0
4173,Equanimeous St. Brown,GB,2020,WR,12,2,0,2,0.0,0,0,0,0,0,0,0,0,0,0
4174,Diontae Johnson,PIT,2020,WR,15,2,0,2,0.0,0,0,0,0,0,0,0,0,0,0
4175,Khalil Dorsey,BAL,2020,CB,6,2,0,2,0.0,0,0,0,0,0,0,0,0,0,0
4176,Freddie Swain,SEA,2020,WR,16,2,0,2,0.0,0,0,0,0,0,0,0,0,1,0
4177,Tyrie Cleveland,DEN,2020,WR,10,1,1,2,0.0,0,0,0,0,0,0,0,0,0,0
4178,Charlie Woerner,SF,2020,TE,14,1,1,2,0.0,0,1,0,0,0,0,0,0,0,0
4179,Benito Jones,MIA,2020,DT,6,1,1,2,0.0,0,1,0,0,0,0,0,0,0,0
4180,Denzel Mims,NYJ,2020,WR,9,1,1,2,0.0,0,0,0,0,0,0,0,0,0,0
4181,Michael Pittman Jr.,IND,2020,WR,13,1,1,2,0.0,0,0,0,0,0,0,0,0,0,0
4182,Dominique Dafney,GB,2020,TE,5,2,0,2,0.0,0,0,0,0,0,0,0,0,0,0
4183,Antoine Brooks Jr.,PIT,2020,LB,4,1,1,2,0.0,0,0,0,0,0,0,0,0,0,0
4184,Byron Pringle,KC,2020,WR,13,2,0,2,0.0,0,0,0,0,0,0,0,0,0,0
4185,Joe Bachie,PHI,2020,LB,4,1,1,2,0.0,0,0,0,0,0,0,0,0,0,0
4186,Cole Christiansen,LAC,2020,LB,4,1,1,2,0.0,0,0,0,0,0,0,0,0,0,0
4187,Reggie Gilliam,BUF,2020,FB,14,2,0,2,0.0,0,0,0,0,0,0,0,1,0,0
4188,Kameron Cline,IND,2020,DE,1,1,1,2,0.0,0,0,0,0,0,0,0,0,0,0
4189,Matt Cole,SF,2020,WR,1,1,1,2,0.0,0,0,0,0,0,0,0,0,0,0
4190,Artavis Pierce,CHI,2020,RB,5,1,1,2,0.0,0,0,0,0,0,0,0,0,0,0
4191,Isaiah Wright,WSH,2020,WR,14,1,1,2,0.0,0,0,0,0,0,0,0,0,0,0
4192,Miles Sanders,PHI,2020,RB,12,2,0,2,0.0,0,0,0,0,0,0,0,0,0,0
4193,DeeJay Dallas,SEA,2020,RB,12,1,1,2,0.0,0,0,0,0,0,0,0,0,0,0
4194,Marquise Brown,BAL,2020,WR,16,2,0,2,0.0,0,0,0,0,0,0,0,0,0,0
4195,CeeDee Lamb,DAL,2020,WR,16,2,0,2,0.0,0,1,0,0,0,0,0,0,0,0
4196,Laviska Shenault Jr.,JAX,2020,WR,14,2,0,2,0.0,0,0,0,0,0,0,0,1,0,0
4197,Lynn Bowden Jr.,MIA,2020,WR,10,2,0,2,0.0,0,0,0,0,0,0,0,0,0,0
4198,Darwin Thompson,KC,2020,RB,14,2,0,2,0.0,0,0,0,0,0,0,0,0,0,0
4199,Jessie Lemonier,LAC,2020,LB,6,1,1,2,0.0,0,0,0,0,0,0,0,0,0,0
4200,John Hightower,PHI,2020,WR,13,2,0,2,0.0,0,0,0,0,0,0,0,0,0,0
4201,Gunner Olszewski,NE,2020,WR,13,1,1,2,0.0,0,0,0,0,0,0,0,0,0,0
4202,Larry Fitzgerald,ARI,2020,WR,13,1,0,1,0.0,0,0,0,0,0,0,0,0,0,0
4203,Ben Roethlisberger,PIT,2020,QB,15,1,0,1,0.0,0,0,0,0,0,0,0,0,0,0
4204,Don Muhlbach,DET,2020,LS,16,0,1,1,0.0,0,0,0,0,0,0,0,0,0,0
4205,Ryan Fitzpatrick,MIA,2020,QB,9,1,0,1,0.0,0,0,0,0,0,0,0,0,0,0
4206,Stephen Gostkowski,TEN,2020,PK,15,1,0,1,0.0,0,0,0,0,0,0,0,0,0,0
4207,Mason Crosby,GB,2020,PK,16,1,0,1,0.0,0,0,0,0,0,0,0,0,0,0
4208,Clark Harris,CIN,2020,LS,16,1,0,1,0.0,0,0,0,0,0,0,0,0,0,0
4209,Brandon Carr,DAL,2020,CB,3,1,0,1,0.0,0,0,0,0,0,0,0,0,0,0
4210,JJ Jansen,CAR,2020,LS,16,0,1,1,0.0,0,0,0,0,0,0,0,0,0,0
4211,Graham Gano,NYG,2020,PK,16,0,1,1,0.0,0,0,0,0,0,0,0,0,0,0
4212,Nick Sundberg,WSH,2020,LS,16,1,0,1,0.0,0,0,0,0,0,0,0,0,0,0
4213,Colt McCoy,NYG,2020,QB,4,1,0,1,0.0,0,0,0,0,0,0,0,0,0,0
4214,Rob Gronkowski,TB,2020,TE,16,1,0,1,0.0,0,0,0,0,0,0,0,0,0,0
4215,Jimmy Graham,CHI,2020,TE,16,1,0,1,0.0,0,0,0,0,0,0,0,0,0,0
4216,Trent Williams,SF,2020,OT,14,1,0,1,0.0,0,0,0,0,0,0,0,0,0,0
4217,Geno Atkins,CIN,2020,DT,8,1,0,1,0.0,0,0,0,0,0,0,0,0,0,0
4218,Joe Webb,NYG,2020,QB,2,1,0,1,0.0,0,0,0,0,0,0,0,0,0,0
4219,Jon Weeks,HOU,2020,LS,16,1,0,1,0.0,0,0,0,0,0,0,0,0,0,0
4220,Antonio Brown,TB,2020,WR,8,1,0,1,0.0,0,0,0,0,0,0,0,0,0,0
4221,James Carpenter,ATL,2020,G,13,1,0,1,0.0,0,0,0,0,0,0,0,0,0,0
4222,Rodney Hudson,LV,2020,C,16,1,0,1,0.0,0,0,0,0,0,0,0,0,0,0
4223,Randall Cobb,HOU,2020,WR,10,0,1,1,0.0,0,0,0,0,0,0,0,0,0,0
4224,Kyle Rudolph,MIN,2020,TE,12,1,0,1,0.0,0,0,0,0,0,0,0,0,0,0
4225,Virgil Green,LAC,2020,TE,6,1,0,1,0.0,0,0,0,0,0,0,0,0,0,0
4226,Jason Kelce,PHI,2020,C,16,1,0,1,0.0,0,0,0,0,0,0,0,0,0,0
4227,Anthony Sherman,KC,2020,FB,13,1,0,1,0.0,0,0,0,0,0,0,0,0,0,0
4228,Dion Lewis,NYG,2020,RB,16,1,0,1,0.0,0,0,0,0,0,0,0,0,0,0
4229,Kyle Nelson,SF,2020,LS,3,1,0,1,0.0,0,0,0,0,0,0,0,0,0,0
4230,Patrick Scales,CHI,2020,LS,16,1,0,1,0.0,0,0,0,0,0,0,0,0,0,0
4231,Kai Forbath,LAR,2020,PK,2,1,0,1,0.0,0,0,0,0,0,0,0,0,0,0
4232,Russell Wilson,SEA,2020,QB,16,1,0,1,0.0,0,0,0,0,0,0,0,0,0,0
4233,Mohamed Sanu,SF / DET,2020,WR,7,1,0,1,0.0,0,0,0,0,0,0,0,0,0,0
4234,Kevin Zeitler,NYG,2020,G,16,1,0,1,0.0,0,0,0,0,0,0,0,0,0,0
4235,Bryan Anger,HOU,2020,P,16,1,0,1,0.0,0,0,0,0,0,0,0,0,0,0
4236,J.R. Sweezy,ARI,2020,G,13,1,0,1,0.0,0,0,0,0,0,0,0,0,0,0
4237,Marvin Jones Jr.,DET,2020,WR,16,1,0,1,0.0,0,0,0,0,0,0,0,0,0,0
4238,Bobby Massie,CHI,2020,OT,8,1,0,1,0.0,0,0,0,0,0,0,0,0,0,0
4239,Joe Looney,DAL,2020,G,13,1,0,1,0.0,0,0,0,0,0,0,0,0,0,0
4240,Ben Jones,TEN,2020,C,16,1,0,1,0.0,0,0,0,0,0,0,0,0,0,0
4241,Josh Harris,ATL,2020,LS,16,0,1,1,0.0,0,0,0,0,0,0,0,0,0,0
4242,Cole Beasley,BUF,2020,WR,15,1,0,1,0.0,0,0,0,0,0,0,0,0,0,0
4243,Charley Hughlett,CLE,2020,LS,16,1,0,1,0.0,0,0,0,0,0,0,0,0,0,0
4244,Neiko Thorpe,SEA,2020,CB,3,1,0,1,0.0,0,0,0,0,0,0,0,0,0,0
4245,Justin Tucker,BAL,2020,PK,16,1,0,1,0.0,0,0,0,0,0,0,0,0,0,0
4246,Greg Van Roten,NYJ,2020,G,13,1,0,1,0.0,0,0,0,0,0,0,0,0,0,0
4247,Andrew DePaola,MIN,2020,LS,7,1,0,1,0.0,0,0,0,0,0,0,0,0,1,0
4248,Justin Pugh,ARI,2020,G,15,1,0,1,0.0,0,0,0,0,0,0,0,0,0,0
4249,Keenan Allen,LAC,2020,WR,14,1,0,1,0.0,0,0,0,0,0,0,0,0,0,0
4250,Giovani Bernard,CIN,2020,RB,16,1,0,1,0.0,0,0,0,0,0,0,0,0,0,0
4251,Jordan Reed,SF,2020,TE,10,1,0,1,0.0,0,0,0,0,0,0,0,0,0,0
4252,Brian Winters,BUF,2020,G,16,1,0,1,0.0,0,0,0,0,0,0,0,0,0,0
4253,Kenjon Barner,TB,2020,RB,6,1,0,1,0.0,0,0,0,0,0,0,0,0,0,0
4254,David Bakhtiari,GB,2020,OT,12,1,0,1,0.0,0,0,0,0,0,0,0,0,0,0
4255,Dustin Hopkins,WSH,2020,PK,16,1,0,1,0.0,0,0,0,0,0,0,0,0,0,0
4256,Oday Aboushi,DET,2020,G,16,1,0,1,0.0,0,0,0,0,0,0,0,0,0,0
4257,Theo Riddick,LV,2020,RB,4,1,0,1,0.0,0,0,0,0,0,0,0,0,0,0
4258,Tress Way,WSH,2020,P,16,1,0,1,0.0,0,0,0,0,0,0,0,0,0,0
4259,Brandon McManus,DEN,2020,PK,15,1,0,1,0.0,0,0,0,0,0,0,0,0,0,0
4260,Adam Thielen,MIN,2020,WR,15,1,0,1,0.0,0,0,0,0,0,0,0,0,0,0
4261,Deon Lacey,BUF,2020,LB,5,0,1,1,0.0,0,0,0,0,0,0,0,0,0,0
4262,Sammy Watkins,KC,2020,WR,10,1,0,1,0.0,0,0,0,0,0,0,0,1,0,0
4263,Teddy Bridgewater,CAR,2020,QB,15,1,0,1,0.0,0,0,0,0,0,0,0,0,0,0
4264,Odell Beckham Jr.,CLE,2020,WR,7,1,0,1,0.0,0,0,0,0,0,0,0,0,0,0
4265,Joel Bitonio,CLE,2020,G,16,1,0,1,0.0,0,0,0,0,0,0,0,0,0,0
4266,Gabe Jackson,LV,2020,G,16,1,0,1,0.0,0,0,0,0,0,0,0,0,0,0
4267,Derek Carr,LV,2020,QB,16,1,0,1,0.0,0,0,0,0,0,0,0,0,0,0
4268,Timmy Jernigan,DEN / JAX,2020,DT,3,0,1,1,0.0,0,0,0,0,0,0,0,0,0,0
4269,Allen Robinson II,CHI,2020,WR,16,1,0,1,0.0,0,0,0,0,0,0,0,0,0,0
4270,Dakota Dozier,MIN,2020,G,16,1,0,1,0.0,0,0,0,0,0,0,0,0,0,0
4271,Bennett Jackson,NYJ,2020,S,4,1,0,1,0.0,0,0,0,0,0,0,0,0,0,0
4272,James White,NE,2020,RB,14,1,0,1,0.0,0,0,0,0,0,0,0,0,0,0
4273,Zach Fulton,HOU,2020,G,16,1,0,1,0.0,0,0,0,0,0,0,0,0,0,0
4274,Cam Fleming,NYG,2020,OT,16,1,0,1,0.0,0,0,0,0,0,0,0,0,0,0
4275,Josh Andrews,NYJ,2020,G,15,1,0,1,0.0,0,0,0,0,0,0,0,0,0,0
4276,Bennie Fowler,NO,2020,WR,5,1,0,1,0.0,0,0,0,0,0,0,0,0,1,0
4277,Ryan Groy,LAC,2020,G,4,1,0,1,0.0,0,0,0,0,0,0,0,0,0,0
4278,Trey Hopkins,CIN,2020,C,15,1,0,1,0.0,0,0,0,0,0,0,0,0,0,0
4279,Casey Kreiter,NYG,2020,LS,16,1,0,1,0.0,0,0,0,0,0,0,0,0,0,0
4280,Cairo Santos,CHI,2020,PK,16,1,0,1,0.0,0,0,0,0,0,0,0,0,0,0
4281,Taysom Hill,NO,2020,QB,16,1,0,1,0.0,0,0,0,0,0,0,0,0,0,0
4282,Nick Easton,NO,2020,C,12,1,0,1,0.0,0,0,0,0,0,0,0,0,0,0
4283,David Johnson,HOU,2020,RB,12,0,1,1,0.0,0,0,0,0,0,0,0,0,0,0
4284,Ibraheim Campbell,IND,2020,S,5,0,1,1,0.0,0,0,0,0,0,0,0,0,0,0
4285,Eric Tomlinson,BAL / NYG,2020,TE,1,1,0,1,0.0,0,0,0,0,0,0,0,0,0,0
4286,Jon Feliciano,BUF,2020,G,9,1,0,1,0.0,0,0,0,0,0,0,0,0,0,0
4287,Ty Sambrailo,TEN,2020,OT,10,0,1,1,0.0,0,0,0,0,0,0,0,0,0,0
4288,Michael Burton,NO,2020,FB,15,1,0,1,0.0,0,0,0,0,0,0,0,0,0,0
4289,Quinton Spain,BUF / CIN,2020,G,9,1,0,1,0.0,0,0,0,0,0,0,0,0,0,0
4290,A.J. Cann,JAX,2020,G,15,1,0,1,0.0,0,0,0,0,0,0,0,0,0,0
4291,Jamil Douglas,TEN,2020,G,14,1,0,1,0.0,0,0,0,0,0,0,0,0,0,0
4292,Jesse Davis,MIA,2020,G,16,1,0,1,0.0,0,0,0,0,0,0,0,0,0,0
4293,Seth DeValve,ARI,2020,TE,4,1,0,1,0.0,0,0,0,0,0,0,0,0,0,0
4294,Tyler Higbee,LAR,2020,TE,15,1,0,1,0.0,0,0,0,0,0,0,0,0,0,0
4295,Mark Nzeocha,SF,2020,LB,5,1,0,1,0.0,0,0,0,0,0,0,0,0,0,0
4296,Nick Vannett,DEN,2020,TE,15,1,0,1,0.0,0,0,0,0,0,0,0,0,0,0
4297,Jamison Crowder,NYJ,2020,WR,12,1,0,1,0.0,0,0,0,0,0,0,0,0,0,0
4298,Bobby Hart,CIN,2020,OT,14,1,0,1,0.0,0,0,0,0,0,0,0,0,0,0
4299,Shaq Mason,NE,2020,G,13,1,0,1,0.0,0,0,0,0,0,0,0,0,0,0
4300,Marcus Mariota,LV,2020,QB,1,1,0,1,0.0,0,0,0,0,0,0,0,0,0,0
4301,Tyler Lockett,SEA,2020,WR,16,1,0,1,0.0,0,0,0,0,0,0,0,0,0,0
4302,Damiere Byrd,NE,2020,WR,16,1,0,1,0.0,0,0,0,0,0,0,0,0,0,0
4303,Joe Thuney,NE,2020,G,16,1,0,1,0.0,0,0,0,0,0,0,0,0,0,0
4304,Marvin Hall,CLE / DET,2020,WR,11,1,0,1,0.0,0,0,0,0,0,0,0,0,0,0
4305,Chris Conley,JAX,2020,WR,15,1,0,1,0.0,0,0,0,0,0,0,0,0,0,0
4306,Donovan Smith,TB,2020,OT,15,1,0,1,0.0,0,0,0,0,0,0,0,0,0,0
4307,Tyler Kroft,BUF,2020,TE,10,1,0,1,0.0,0,0,0,0,0,0,0,0,0,0
4308,Halapoulivaati Vaitai,DET,2020,G,10,1,0,1,0.0,0,0,0,0,0,0,0,0,0,0
4309,Conor McDermott,NYJ,2020,OT,15,1,0,1,0.0,0,0,0,0,0,0,0,0,0,0
4310,Brandon Williams,NYG,2020,CB,6,1,0,1,0.0,0,0,0,0,0,0,0,0,0,0
4311,Mason Schreck,CIN,2020,TE,14,1,0,1,0.0,0,0,0,0,0,0,0,0,0,0
4312,Taylor Moton,CAR,2020,OT,16,1,0,1,0.0,0,0,0,0,0,0,0,0,0,0
4313,Dee Virgin,DET,2020,CB,2,1,0,1,0.0,0,0,0,0,0,0,0,0,0,0
4314,Patrick Ricard,BAL,2020,FB,15,1,0,1,0.0,0,0,0,0,0,0,0,0,0,0
4315,Stefon Diggs,BUF,2020,WR,16,1,0,1,0.0,0,0,0,0,0,0,0,0,0,0
4316,Bradley Pinion,TB,2020,P,16,1,0,1,0.0,0,0,0,0,0,0,0,0,0,0
4317,Andrus Peat,NO,2020,G,13,0,1,1,0.0,0,0,0,0,0,0,0,0,0,0
4318,Tevin Coleman,SF,2020,RB,8,1,0,1,0.0,0,0,0,0,0,0,0,0,0,0
4319,Ken Crawley,NO,2020,CB,6,1,0,1,0.0,0,0,1,1,-1,-1,0,0,0,0
4320,Kenyan Drake,ARI,2020,RB,15,1,0,1,0.0,0,0,0,0,0,0,0,0,0,0
4321,Bryan Cox,BUF,2020,DE,1,1,0,1,0.0,0,0,0,0,0,0,0,0,0,0
4322,Colin Thompson,CAR,2020,TE,15,1,0,1,0.0,0,0,0,0,0,0,0,0,0,0
4323,Hunter Bradley,GB,2020,LS,16,0,1,1,0.0,0,0,0,0,0,0,0,0,0,0
4324,Brandin Bryant,BUF,2020,DT,1,1,0,1,0.0,0,0,0,0,0,0,0,0,0,0
4325,Mo Alie-Cox,IND,2020,TE,15,1,0,1,0.0,0,0,0,0,0,0,0,0,0,0
4326,Mitchell Trubisky,CHI,2020,QB,10,1,0,1,0.0,0,0,0,0,0,0,0,0,0,0
4327,Greg Ward,PHI,2020,WR,16,1,0,1,0.0,0,0,0,0,0,0,0,0,0,0
4328,Andrew Wylie,KC,2020,G,14,1,0,1,0.0,0,0,0,0,0,0,0,0,0,0
4329,Corey Davis,TEN,2020,WR,14,1,0,1,0.0,0,0,0,0,0,0,0,0,0,0
4330,Demarcus Robinson,KC,2020,WR,16,1,0,1,0.0,0,0,0,0,0,0,0,0,0,0
4331,Steven Mitchell Jr.,HOU,2020,WR,6,1,0,1,0.0,0,0,0,0,0,0,0,0,0,0
4332,Joe Ostman,PHI,2020,LB,3,1,0,1,0.0,0,0,0,0,0,0,0,0,0,0
4333,Wayne Gallman,NYG,2020,RB,15,0,1,1,0.0,0,0,0,0,0,0,0,0,0,0
4334,Mike Williams,LAC,2020,WR,15,1,0,1,0.0,0,0,1,1,0,0,0,0,0,0
4335,Jake Butt,DEN,2020,TE,5,1,0,1,0.0,0,0,0,0,0,0,0,0,0,0
4336,Kendrick Bourne,SF,2020,WR,15,1,0,1,0.0,0,0,0,0,0,0,0,0,0,0
4337,Dan Skipper,DET,2020,OT,5,0,1,1,0.0,0,0,0,0,0,0,0,0,0,0
4338,Hunter Henry,LAC,2020,TE,14,1,0,1,0.0,0,0,0,0,0,0,0,0,0,0
4339,Geoff Swaim,TEN,2020,TE,10,0,1,1,0.0,0,0,0,0,0,0,0,0,0,0
4340,Jared Goff,LAR,2020,QB,15,1,0,1,0.0,0,0,0,0,0,0,0,0,0,0
4341,Anthony Firkser,TEN,2020,TE,16,1,0,1,0.0,0,0,0,0,0,0,0,0,0,0
4342,Younghoe Koo,ATL,2020,PK,15,0,1,1,0.0,0,0,0,0,0,0,0,0,0,0
4343,Jake Elliott,PHI,2020,PK,16,1,0,1,0.0,0,0,0,0,0,0,0,0,0,0
4344,Dion Dawkins,BUF,2020,OT,16,1,0,1,0.0,0,0,0,0,0,0,0,0,0,0
4345,Sharif Finch,NYJ,2020,LB,3,0,1,1,0.0,0,0,0,0,0,0,0,0,0,0
4346,Ezekiel Elliott,DAL,2020,RB,15,1,0,1,0.0,0,0,0,0,0,0,0,0,0,0
4347,Darron Lee,BUF,2020,LB,2,1,0,1,0.0,0,0,0,0,0,0,0,0,0,0
4348,Boston Scott,PHI,2020,RB,16,1,0,1,0.0,0,0,0,0,0,0,0,0,0,0
4349,Gus Edwards,BAL,2020,RB,16,1,0,1,0.0,0,0,0,0,0,0,0,1,0,0
4350,River Cracraft,SF,2020,WR,9,1,0,1,0.0,0,0,0,0,0,0,0,0,0,0
4351,Phillip Lindsay,DEN,2020,RB,11,1,0,1,0.0,0,0,0,0,0,0,0,0,0,0
4352,Darrell Daniels,ARI,2020,TE,12,1,0,1,0.0,0,0,0,0,0,0,0,1,0,0
4353,William Fuller V,HOU,2020,WR,11,1,0,1,0.0,0,0,0,0,0,0,0,0,0,0
4354,Cole Luke,WSH,2020,CB,5,0,1,1,0.0,0,1,0,0,0,0,0,0,0,0
4355,Mike McGlinchey,SF,2020,OT,16,1,0,1,0.0,0,0,0,0,0,0,0,0,0,0
4356,Kai Nacua,SF,2020,S,5,1,0,1,0.0,0,0,0,0,0,0,0,0,0,0
4357,Jonnu Smith,TEN,2020,TE,15,1,0,1,0.0,0,0,0,0,0,0,0,0,0,0
4358,Robert Foster,WSH,2020,WR,4,0,1,1,0.0,0,0,0,0,0,0,0,0,0,0
4359,Harrison Butker,KC,2020,PK,16,1,0,1,0.0,0,0,0,0,0,0,0,0,0,0
4360,Brady Sheldon,NYJ,2020,LB,2,0,1,1,0.0,0,0,0,0,0,0,0,0,0,0
4361,DaeSean Hamilton,DEN,2020,WR,16,1,0,1,0.0,0,0,0,0,0,0,0,0,0,0
4362,Kareem Hunt,CLE,2020,RB,16,1,0,1,0.0,0,0,0,0,0,0,0,0,0,0
4363,Austin Ekeler,LAC,2020,RB,10,1,0,1,0.0,0,0,0,0,0,0,0,0,0,0
4364,Keelan Cole Sr.,JAX,2020,WR,16,1,0,1,0.0,0,0,0,0,0,0,0,0,0,0
4365,Brandon Parker,LV,2020,OT,11,0,1,1,0.0,0,0,0,0,0,0,0,0,0,0
4366,Brandon Powell,ATL,2020,WR,15,1,0,1,0.0,0,0,0,0,0,0,0,0,0,0
4367,Jermaine Eluemunor,NE,2020,G,12,1,0,1,0.0,0,0,0,0,0,0,0,0,0,0
4368,Josh Reynolds,LAR,2020,WR,16,1,0,1,0.0,0,0,0,0,0,0,0,0,0,0
4369,Cam Robinson,JAX,2020,OT,16,1,0,1,0.0,0,0,0,0,0,0,0,0,0,0
4370,DJ Chark Jr.,JAX,2020,WR,13,1,0,1,0.0,0,0,0,0,0,0,0,0,0,0
4371,Logan Cooke,JAX,2020,P,14,1,0,1,0.0,0,0,0,0,0,0,0,0,0,0
4372,Elgton Jenkins,GB,2020,G,16,0,1,1,0.0,0,0,0,0,0,0,0,0,0,0
4373,Malik Turner,DAL,2020,WR,6,1,0,1,0.0,0,0,0,0,0,0,0,0,0,0
4374,Nick Gates,NYG,2020,C,16,1,0,1,0.0,0,0,0,0,0,0,0,0,0,0
4375,Orlando Brown Jr.,BAL,2020,OT,16,1,0,1,0.0,0,0,0,0,0,0,0,0,0,0
4376,Joe Mixon,CIN,2020,RB,6,1,0,1,0.0,0,0,0,0,0,0,0,0,0,0
4377,Tyreek Hill,KC,2020,WR,15,1,0,1,0.0,0,0,0,0,0,0,0,1,0,0
4378,Reggie Bonnafon,CAR,2020,RB,2,1,0,1,0.0,0,0,0,0,0,0,0,0,0,0
4379,Chase Edmonds,ARI,2020,RB,16,1,0,1,0.0,0,0,0,0,0,0,0,0,0,0
4380,Parris Campbell,IND,2020,WR,2,1,0,1,0.0,0,0,0,0,0,0,0,0,0,0
4381,Devaroe Lawrence,WSH,2020,DT,1,1,0,1,0.0,0,0,0,0,0,0,0,0,0,0
4382,Quincy Wilson,NYJ,2020,CB,3,1,0,1,0.0,0,1,0,0,0,0,0,0,0,0
4383,Otaro Alaka,BAL,2020,LB,5,0,1,1,0.0,0,0,0,0,0,0,0,0,0,0
4384,James Washington,PIT,2020,WR,16,1,0,1,0.0,0,0,0,0,0,0,0,0,0,0
4385,Deshaun Watson,HOU,2020,QB,16,1,0,1,0.0,0,0,0,0,0,0,0,0,0,0
4386,Richie James,SF,2020,WR,11,1,0,1,0.0,0,0,0,0,0,0,0,0,0,0
4387,Ryan Izzo,NE,2020,TE,12,1,0,1,0.0,0,0,0,0,0,0,0,0,0,0
4388,Ito Smith,ATL,2020,RB,14,1,0,1,0.0,0,0,0,0,0,0,0,0,0,0
4389,Justin Herron,NE,2020,OT,12,1,0,1,0.0,0,0,0,0,0,0,0,0,0,0
4390,Dontrell Hilliard,HOU / CLE,2020,RB,5,1,0,1,0.0,0,0,0,0,0,0,0,0,0,0
4391,J.C. Hassenauer,PIT,2020,C,15,1,0,1,0.0,0,0,0,0,0,0,0,0,0,0
4392,Deebo Samuel Sr.,SF,2020,WR,7,1,0,1,0.0,0,0,0,0,0,0,0,0,0,0
4393,Patrick Laird,MIA,2020,RB,16,1,0,1,0.0,0,0,0,0,0,0,0,0,0,0
4394,Kaleb McGary,ATL,2020,OT,14,1,0,1,0.0,0,0,0,0,0,0,0,0,0,0
4395,Drew Sample,CIN,2020,TE,16,1,0,1,0.0,0,0,0,0,0,0,0,0,0,0
4396,Courtland Sutton,DEN,2020,WR,1,1,0,1,0.0,0,0,0,0,0,0,0,0,0,0
4397,Frank Ragnow,DET,2020,C,14,1,0,1,0.0,0,0,0,0,0,0,0,0,0,0
4398,Isaiah McKenzie,BUF,2020,WR,16,1,0,1,0.0,0,0,0,0,0,0,0,0,0,0
4399,Quenton Nelson,IND,2020,G,16,1,0,1,0.0,0,0,0,0,0,0,0,0,0,0
4400,Drue Tranquill,LAC,2020,LB,1,1,0,1,0.0,0,0,0,0,0,0,0,0,0,0
4401,Kolton Miller,LV,2020,OT,14,1,0,1,0.0,0,0,0,0,0,0,0,0,0,0
4402,Hunter Renfrow,LV,2020,WR,16,1,0,1,0.0,0,0,0,0,0,0,0,0,0,0
4403,Sean Chandler,NYG,2020,S,3,1,0,1,0.0,0,0,0,0,0,0,0,0,0,0
4404,Michael Dogbe,ARI,2020,DE,3,1,0,1,1.0,3,1,0,0,0,0,0,0,0,0
4405,D'Ernest Johnson,CLE,2020,RB,16,0,1,1,0.0,0,0,0,0,0,0,0,0,0,0
4406,Matt Nelson,DET,2020,OT,16,1,0,1,0.0,0,0,0,0,0,0,0,0,0,0
4407,Ali Marpet,TB,2020,G,13,1,0,1,0.0,0,0,0,0,0,0,0,0,0,0
4408,Chris Lindstrom,ATL,2020,G,16,1,0,1,0.0,0,0,0,0,0,0,0,0,0,0
4409,Ray-Ray McCloud III,PIT,2020,WR,16,1,0,1,0.0,0,0,0,0,0,0,0,0,0,0
4410,Connor Williams,DAL,2020,G,16,0,1,1,0.0,0,0,0,0,0,0,0,0,0,0
4411,Dru Samia,MIN,2020,G,13,1,0,1,0.0,0,0,0,0,0,0,0,0,0,0
4412,Foster Moreau,LV,2020,TE,16,0,1,1,0.0,0,0,0,0,0,0,0,0,0,0
4413,Jordan Miller,ATL,2020,CB,1,1,0,1,0.0,0,0,0,0,0,0,0,0,0,0
4414,Tyron Johnson,LAC,2020,WR,12,1,0,1,0.0,0,0,0,0,0,0,0,0,0,0
4415,Aaron Crawford,BAL,2020,DT,1,0,1,1,0.0,0,0,0,0,0,0,0,0,0,0
4416,Joshua Kelley,LAC,2020,RB,14,1,0,1,0.0,0,0,0,0,0,0,0,0,0,0
4417,Anthony Chesley,HOU,2020,CB,3,1,0,1,0.0,0,0,0,0,0,0,0,0,0,0
4418,Jarren Williams,NYG,2020,CB,2,0,1,1,0.0,0,0,0,0,0,0,0,0,0,0
4419,Noah Dawkins,NYJ,2020,LB,5,1,0,1,0.0,0,0,0,0,0,0,0,0,0,0
4420,Adam Trautman,NO,2020,TE,15,1,0,1,0.0,0,0,0,0,0,0,0,0,0,0
4421,Auzoyah Alufohai,HOU,2020,DT,3,0,1,1,0.0,0,0,0,0,0,0,0,0,0,0
4422,Marquise Copeland,LAR,2020,DT,1,1,0,1,0.0,0,0,0,0,0,0,0,0,0,0
4423,Andy Isabella,ARI,2020,WR,13,1,0,1,0.0,0,0,0,0,0,0,0,0,0,0
4424,Scotty Miller,TB,2020,WR,16,1,0,1,0.0,0,0,0,0,0,0,0,0,0,0
4425,Jovante Moffatt,CLE,2020,S,9,0,1,1,0.0,0,0,0,0,0,0,0,0,0,0
4426,Antonio Callaway,MIA,2020,WR,5,1,0,1,0.0,0,0,0,0,0,0,0,0,0,0
4427,Fred Johnson,CIN,2020,OT,12,1,0,1,0.0,0,0,0,0,0,0,0,0,0,0
4428,Chris Westry,DAL,2020,CB,2,1,0,1,0.0,0,0,0,0,0,0,0,0,0,0
4429,Ty Johnson,DET / NYJ,2020,RB,2,0,1,1,0.0,0,0,0,0,0,0,0,0,0,0
4430,Rashod Berry,NE,2020,DE,3,1,0,1,0.0,0,0,0,0,0,0,0,0,0,0
4431,Terence Steele,DAL,2020,OT,16,1,0,1,0.0,0,0,0,0,0,0,0,0,0,0
4432,Joe Gaziano,LAC,2020,DE,2,0,1,1,0.0,0,0,0,0,0,0,0,0,0,0
4433,Colton McKivitz,SF,2020,OT,14,1,0,1,0.0,0,0,0,0,0,0,0,0,0,0
4434,Isaiah Zuber,NE,2020,WR,4,0,1,1,0.0,0,0,0,0,0,0,0,0,0,0
4435,Jack Fox,DET,2020,P,16,1,0,1,0.0,0,0,0,0,0,0,0,0,0,0
4436,Geron Christian,WSH,2020,OT,6,1,0,1,0.0,0,0,0,0,0,0,0,0,0,0
4437,Nyheim Hines,IND,2020,RB,16,1,0,1,0.0,0,0,0,0,0,0,0,0,0,0
4438,Darius Slayton,NYG,2020,WR,16,0,1,1,0.0,0,0,0,0,0,0,0,0,0,0
4439,Reggie Robinson II,DAL,2020,CB,5,1,0,1,0.0,0,0,0,0,0,0,0,1,0,0
4440,Bisi Johnson,MIN,2020,WR,16,1,0,1,0.0,0,0,0,0,0,0,0,0,0,0
4441,Josh Thomas,BUF,2020,S,2,1,0,1,0.0,0,0,0,0,0,0,0,0,0,0
4442,Tyler Bass,BUF,2020,PK,16,1,0,1,0.0,0,0,0,0,0,0,0,0,0,0
4443,Alec Ingold,LV,2020,FB,16,1,0,1,0.0,0,0,0,0,0,0,0,0,0,0
4444,Daniel Jones,NYG,2020,QB,14,0,1,1,0.0,0,0,0,0,0,0,0,0,0,0
4445,Michael Jackson,NE,2020,CB,1,1,0,1,0.0,0,0,0,0,0,0,0,0,0,0
4446,Steven Sims,WSH,2020,WR,12,1,0,1,0.0,0,0,0,0,0,0,0,0,0,0
4447,Markus Bailey,CIN,2020,LB,11,1,0,1,0.0,0,0,1,0,0,0,0,0,0,0
4448,Josh Allen,BUF,2020,QB,16,1,0,1,0.0,0,0,0,0,0,0,0,0,0,0
4449,Gerald Everett,LAR,2020,TE,16,1,0,1,0.0,0,0,0,0,0,0,0,0,0,0
4450,Drew Lock,DEN,2020,QB,13,0,1,1,0.0,0,0,0,0,0,0,0,0,0,0
4451,Hayden Hurst,ATL,2020,TE,16,1,0,1,0.0,0,0,0,0,0,0,0,0,0,0
4452,Calvin Ridley,ATL,2020,WR,15,1,0,1,0.0,0,0,0,0,0,0,0,0,0,0
4453,Clay Johnston,CAR,2020,LB,2,0,1,1,0.0,0,0,0,0,0,0,0,0,0,0
4454,Jeff Smith,NYJ,2020,WR,12,1,0,1,0.0,0,0,0,0,0,0,0,0,0,0
4455,Brandon Knight,DAL,2020,OT,13,1,0,1,0.0,0,0,0,0,0,0,0,0,0,0
4456,Michael Dickson,SEA,2020,P,16,1,0,1,0.0,0,0,0,0,0,0,0,0,0,0
4457,Ron'Dell Carter,DAL,2020,DE,3,0,1,1,0.0,0,0,0,0,0,0,0,0,0,0
4458,Dane Cruikshank,TEN,2020,S,2,0,1,1,0.0,0,0,1,1,13,13,0,0,0,0
4459,Jack Driscoll,PHI,2020,OT,11,1,0,1,0.0,0,0,0,0,0,0,0,0,0,0
4460,Bobby Price,DET,2020,CB,2,1,0,1,0.0,0,0,0,0,0,0,0,0,0,0
4461,La'Mical Perine,NYJ,2020,RB,10,1,0,1,0.0,0,0,0,0,0,0,0,0,0,0
4462,Mecole Hardman,KC,2020,WR,16,0,1,1,0.0,0,0,0,0,0,0,0,0,0,0
4463,Javon Wims,CHI,2020,WR,13,0,1,1,0.0,0,0,0,0,0,0,0,0,0,0
4464,Marquez Callaway,NO,2020,WR,11,1,0,1,0.0,0,0,0,0,0,0,0,0,2,0
4465,Stephen Sullivan,SEA,2020,TE,1,0,1,1,0.0,0,1,0,0,0,0,0,0,0,0
4466,David Montgomery,CHI,2020,RB,15,1,0,1,0.0,0,0,0,0,0,0,0,0,0,0
4467,Quintez Cephus,DET,2020,WR,13,1,0,1,0.0,0,0,0,0,0,0,0,0,0,0
4468,T.J. Hockenson,DET,2020,TE,16,1,0,1,0.0,0,0,0,0,0,0,0,0,0,0
4469,Sean McKeon,DAL,2020,TE,14,0,1,1,0.0,0,0,0,0,0,0,0,0,0,0
4470,Cedrick Wilson Jr.,DAL,2020,WR,16,1,0,1,0.0,0,0,0,0,0,0,0,1,0,0
4471,Darrynton Evans,TEN,2020,RB,5,1,0,1,0.0,0,0,0,0,0,0,0,0,0,0
4472,Austin Cutting,MIN,2020,LS,9,1,0,1,0.0,0,0,0,0,0,0,0,0,0,0
4473,Nick Harris,CLE,2020,C,12,1,0,1,0.0,0,0,0,0,0,0,0,0,0,0
4474,Devin Duvernay,BAL,2020,WR,16,1,0,1,0.0,0,0,0,0,0,0,0,0,0,0
4475,Corey Bojorquez,BUF,2020,P,16,1,0,1,0.0,0,0,0,0,0,0,0,0,0,0
4476,Keandre Jones,CIN,2020,LB,2,0,1,1,0.0,0,0,0,0,0,0,0,0,0,0
4477,Darnell Mooney,CHI,2020,WR,16,1,0,1,0.0,0,0,0,0,0,0,0,0,0,0
4478,Devin Singletary,BUF,2020,RB,16,1,0,1,0.0,0,1,0,0,0,0,0,0,0,0
4479,Harrison Bryant,CLE,2020,TE,15,1,0,1,0.0,0,0,0,0,0,0,0,0,0,0
4480,Netane Muti,DEN,2020,G,4,1,0,1,0.0,0,0,0,0,0,0,0,0,0,0
4481,Jared Mayden,SF,2020,S,2,1,0,1,0.0,0,0,0,0,0,0,0,0,0,0
4482,Irv Smith Jr.,MIN,2020,TE,13,1,0,1,0.0,0,0,0,0,0,0,0,0,0,0
4483,Omari Cobb,KC,2020,LB,1,1,0,1,0.0,0,0,0,0,0,0,0,0,0,0
4484,Kaden Smith,NYG,2020,TE,15,1,0,1,0.0,0,0,0,0,0,0,0,0,0,0
4485,Ian Thomas,CAR,2020,TE,16,1,0,1,0.0,0,0,0,0,0,0,0,0,0,0
4486,A.J. Brown,TEN,2020,WR,14,1,0,1,0.0,0,0,0,0,0,0,0,0,0,0
4487,N'Keal Harry,NE,2020,WR,14,1,0,1,0.0,0,0,0,0,0,0,0,0,0,0
4488,James Robinson,JAX,2020,RB,14,1,0,1,0.0,0,0,0,0,0,0,0,0,0,0
4489,Mekhi Becton,NYJ,2020,OT,14,1,0,1,0.0,0,0,0,0,0,0,0,0,0,0
4490,KJ Hamler,DEN,2020,WR,13,1,0,1,0.0,0,0,0,0,0,0,0,0,0,0
4491,Tristan Wirfs,TB,2020,OT,16,1,0,1,0.0,0,0,0,0,0,0,0,0,0,0
4492,Dalton Keene,NE,2020,TE,6,1,0,1,0.0,0,0,0,0,0,0,0,0,0,0
4493,Walter Palmore,DAL,2020,DT,1,0,1,1,0.0,0,0,0,0,0,0,0,0,0,0
4494,Tua Tagovailoa,MIA,2020,QB,10,1,0,1,0.0,0,0,0,0,0,0,0,0,0,0
4495,Jalen Reagor,PHI,2020,WR,11,1,0,1,0.0,0,0,0,0,0,0,0,0,0,0
4496,Kenny Robinson,CAR,2020,S,9,0,1,1,0.0,0,0,0,0,0,0,0,0,0,0
4497,Clyde Edwards-Helaire,KC,2020,RB,13,0,1,1,0.0,0,0,0,0,0,0,0,0,0,0
4498,Jonathan Taylor,IND,2020,RB,15,1,0,1,0.0,0,0,0,0,0,0,0,0,0,0
4499,Cole Kmet,CHI,2020,TE,16,1,0,1,0.0,0,0,0,0,0,0,0,0,0,0
4500,Justin Jefferson,MIN,2020,WR,16,1,0,1,0.0,0,0,0,0,0,0,0,0,0,0
4501,J.T. Hassell,NYJ,2020,S,3,1,0,1,0.0,0,0,0,0,0,0,0,0,0,0
4502,Jordan Mailata,PHI,2020,OT,15,1,0,1,0.0,0,0,0,0,0,0,0,1,0,0
4503,Antonio Gibson,WSH,2020,RB,14,1,0,1,0.0,0,0,0,0,0,0,0,0,0,0
4504,Damien Lewis,SEA,2020,G,16,1,0,1,0.0,0,0,0,0,0,0,0,0,0,0
4505,Aaron Brewer,ARI,2020,LS,16,0,0,0,0.0,0,0,0,0,0,0,0,0,1,0
4506,Troymaine Pope,LAC,2020,RB,6,0,0,0,0.0,0,0,0,0,0,0,0,0,1,0
4507,Bradlee Anae,DAL,2020,LB,7,0,0,0,0.0,0,0,0,0,0,0,0,0,0,0
4508,Brandon Zylstra,CAR,2020,WR,16,0,0,0,0.0,0,0,0,0,0,0,0,0,1,1
