name,team,opponent,week,season,isHome,NO,YDS,AVG,TB,In 20,LONG
Nolan Cooney,ARI,WSH,1,2023,True,5,235,47.0,0,2,56
Tress Way,WSH,ARI,1,2023,False,6,266,44.3,0,3,59
Jamie Gillan,NYG,JAX,7,2022,True,2,80,40.0,1,0,46
Logan Cooke,JAX,NYG,7,2022,False,2,106,53.0,0,0,57
Tress Way,WSH,BUF,3,2021,True,5,235,47.0,1,1,55
Matt Haack,BUF,WSH,3,2021,False,2,97,48.5,0,2,60
Corey Bojorquez,GB,CHI,6,2021,True,3,168,56.0,1,0,82
Pat O'Donnell,CHI,GB,6,2021,False,4,161,40.3,0,3,48
Corey Bojorquez,GB,SF,3,2021,True,3,164,54.7,0,1,63
Mitch Wishnowsky,SF,GB,3,2021,False,4,213,53.3,1,3,59
Thomas Morstead,MIA,SF,13,2022,True,4,206,51.5,0,0,63
Mitch Wishnowsky,SF,MIA,13,2022,False,4,178,44.5,0,2,56
Tress Way,WSH,PHI,15,2021,True,5,240,48.0,0,1,60
Arryn Siposs,PHI,WSH,15,2021,False,2,75,37.5,1,1,41
Michael Dickson,SEA,TEN,16,2023,True,3,134,44.7,0,2,63
Ty Zentner,TEN,SEA,16,2023,False,3,117,39.0,0,2,47
Johnny Hekker,CAR,CHI,10,2023,True,6,272,45.3,0,3,55
Trenton Gill,CHI,CAR,10,2023,False,6,280,46.7,1,3,62
Trenton Gill,CHI,NYJ,12,2022,True,5,244,48.8,0,0,61
Braden Mann,NYJ,CHI,12,2022,False,2,118,59.0,0,1,62
Michael Palardy,NE,ARI,14,2022,True,6,253,42.2,2,2,49
Andy Lee,ARI,NE,14,2022,False,2,97,48.5,0,1,53
Jake Camarda,TB,ATL,18,2022,True,5,253,50.6,1,2,66
Bradley Pinion,ATL,TB,18,2022,False,3,154,51.3,0,1,53
Trenton Gill,CHI,LAC,8,2023,True,3,126,42.0,0,1,47
JK Scott,LAC,CHI,8,2023,False,2,88,44.0,0,1,63
Michael Dickson,SEA,GB,10,2021,True,6,274,45.7,0,4,61
Corey Bojorquez,GB,SEA,10,2021,False,3,140,46.7,0,1,50
Ethan Evans,LAR,ARI,12,2023,True,2,73,36.5,1,1,41
Blake Gillikin,ARI,LAR,12,2023,False,5,228,45.6,0,0,60
Tommy Townsend,KC,JAX,2,2023,True,4,193,48.3,0,1,58
Logan Cooke,JAX,KC,2,2023,False,5,243,48.6,0,4,57
Pat O'Donnell,CHI,TB,7,2021,True,4,160,40.0,1,1,50
Bradley Pinion,TB,CHI,7,2021,False,4,161,40.3,1,1,49
Jake Camarda,TB,SF,11,2023,True,3,144,48.0,0,1,56
Mitch Wishnowsky,SF,TB,11,2023,False,3,153,51.0,0,0,60
Johnny Hekker,CAR,SEA,3,2023,True,5,246,49.2,0,3,58
Michael Dickson,SEA,CAR,3,2023,False,2,93,46.5,0,0,51
AJ Cole,LV,LAC,1,2022,True,2,106,53.0,0,1,56
JK Scott,LAC,LV,1,2022,False,4,196,49.0,0,1,51
Matt Haack,BUF,NO,12,2021,True,3,127,42.3,0,2,48
Blake Gillikin,NO,BUF,12,2021,False,5,235,47.0,0,0,53
Arryn Siposs,PHI,NYJ,13,2021,True,1,38,38.0,0,1,38
Braden Mann,NYJ,PHI,13,2021,False,2,78,39.0,0,0,45
Braden Mann,PHI,LAR,5,2023,True,1,41,41.0,0,1,41
Ethan Evans,LAR,PHI,5,2023,False,4,215,53.8,0,2,65
Logan Cooke,JAX,IND,10,2021,True,7,332,47.4,0,5,59
Rigoberto Sanchez,IND,JAX,10,2021,False,7,319,45.6,0,1,55
Jack Fox,DET,BAL,7,2023,True,4,184,46.0,0,2,61
Jordan Stout,BAL,DET,7,2023,False,2,112,56.0,0,0,57
Ryan Wright,MIN,GB,17,2022,True,2,95,47.5,0,0,55
Pat O'Donnell,GB,MIN,17,2022,False,2,81,40.5,0,1,43
Ryan Wright,MIN,CAR,4,2023,True,4,216,54.0,0,0,61
Johnny Hekker,CAR,MIN,4,2023,False,5,229,45.8,1,2,59
Mitch Wishnowsky,SF,SEA,15,2022,True,6,253,42.2,1,3,46
Michael Dickson,SEA,SF,15,2022,False,7,349,49.9,1,3,64
Jamie Gillan,NYG,DAL,10,2023,True,7,350,50.0,1,2,58
Bryan Anger,DAL,NYG,10,2023,False,2,93,46.5,0,2,48
Rigoberto Sanchez,IND,CAR,9,2023,True,5,241,48.2,0,3,61
Johnny Hekker,CAR,IND,9,2023,False,4,174,43.5,0,2,50
Jordan Stout,BAL,SF,16,2023,True,3,130,43.3,0,2,56
Mitch Wishnowsky,SF,BAL,16,2023,False,2,112,56.0,0,1,57
Kevin Huber,CIN,CLE,18,2021,True,7,311,44.4,1,1,57
Dustin Colquitt,CLE,CIN,18,2021,False,4,150,37.5,0,0,56
Brett Kern,TEN,SEA,2,2021,True,2,94,47.0,0,1,53
Michael Dickson,SEA,TEN,2,2021,False,6,310,51.7,2,2,66
Pat O'Donnell,GB,MIN,1,2022,True,4,179,44.8,0,3,53
Ryan Wright,MIN,GB,1,2022,False,5,232,46.4,0,3,56
Tress Way,WSH,SEA,10,2023,True,5,227,45.4,0,2,52
Michael Dickson,SEA,WSH,10,2023,False,4,181,45.3,1,1,49
Trenton Gill,CHI,DAL,8,2022,True,4,203,50.8,0,1,62
Bryan Anger,DAL,CHI,8,2022,False,2,142,71.0,1,0,83
Logan Cooke,JAX,IND,1,2023,True,5,223,44.6,0,2,52
Rigoberto Sanchez,IND,JAX,1,2023,False,5,208,41.6,0,0,46
Blake Gillikin,ARI,PIT,13,2023,True,5,252,50.4,1,2,62
Pressley Harvin III,PIT,ARI,13,2023,False,4,179,44.8,0,2,49
Thomas Morstead,MIA,DET,8,2022,True,1,38,38.0,0,1,38
Jack Fox,DET,MIA,8,2022,False,2,117,58.5,0,0,60
AJ Cole,LV,KC,14,2021,True,3,150,50.0,1,0,60
Tommy Townsend,KC,LV,14,2021,False,1,52,52.0,0,1,52
Cameron Nizialek,ATL,TB,2,2021,True,4,157,39.3,1,1,54
Bradley Pinion,TB,ATL,2,2021,False,4,189,47.3,0,2,57
Cameron Johnston,HOU,TEN,15,2023,True,6,280,46.7,0,3,56
Ty Zentner,TEN,HOU,15,2023,False,8,362,45.3,1,1,58
Riley Dixon,DEN,MIA,3,2023,True,5,234,46.8,0,3,61
Jake Bailey,MIA,DEN,3,2023,False,1,48,48.0,0,0,48
AJ Cole,LV,PIT,16,2022,True,5,208,41.6,0,1,47
Pressley Harvin III,PIT,LV,16,2022,False,3,140,46.7,0,1,55
Riley Dixon,LAR,NO,11,2022,True,6,286,47.7,0,1,60
Blake Gillikin,NO,LAR,11,2022,False,5,239,47.8,0,3,55
AJ Cole,LV,DEN,11,2022,True,4,187,46.8,0,1,58
Corliss Waitman,DEN,LV,11,2022,False,4,187,46.8,0,0,54
Pat O'Donnell,GB,PHI,12,2022,True,2,83,41.5,0,1,42
Arryn Siposs,PHI,GB,12,2022,False,1,52,52.0,0,1,52
Riley Dixon,DEN,LV,18,2023,True,5,278,55.6,1,1,64
AJ Cole,LV,DEN,18,2023,False,4,234,58.5,0,1,66
Rigoberto Sanchez,IND,TEN,3,2021,True,4,197,49.3,0,1,56
Brett Kern,TEN,IND,3,2021,False,1,42,42.0,0,0,42
Daniel Whelan,GB,MIN,17,2023,True,2,99,49.5,0,0,54
Ryan Wright,MIN,GB,17,2023,False,4,205,51.3,1,1,68
Mitch Wishnowsky,SF,PIT,1,2023,True,3,134,44.7,0,3,56
Pressley Harvin III,PIT,SF,1,2023,False,6,254,42.3,0,1,57
Bryce Baringer,NE,NYJ,3,2023,True,8,322,40.3,0,4,50
Thomas Morstead,NYJ,NE,3,2023,False,8,410,51.3,2,1,58
Blake Gillikin,NO,TB,15,2021,True,9,412,45.8,0,4,58
Bradley Pinion,TB,NO,15,2021,False,8,336,42.0,0,3,53
Rigoberto Sanchez,IND,ATL,16,2023,True,4,193,48.3,0,2,55
Bradley Pinion,ATL,IND,16,2023,False,3,134,44.7,0,2,51
Brett Kern,TEN,NE,12,2021,True,2,95,47.5,0,0,48
Jake Bailey,NE,TEN,12,2021,False,1,48,48.0,0,1,48
Jake Camarda,TB,ARI,16,2022,True,5,244,48.8,0,0,57
Andy Lee,ARI,TB,16,2022,False,7,322,46.0,0,4,58
Brad Robbins,CIN,KC,17,2023,True,4,190,47.5,0,1,53
Tommy Townsend,KC,CIN,17,2023,False,1,57,57.0,0,1,57
Riley Dixon,NYG,MIA,13,2021,True,6,248,41.3,1,2,46
Michael Palardy,MIA,NYG,13,2021,False,6,290,48.3,0,3,65
Jordan Berry,MIN,LAC,10,2021,True,3,137,45.7,0,2,55
Ty Long,LAC,MIN,10,2021,False,5,242,48.4,0,2,59
Tress Way,WSH,DAL,18,2023,False,1,50,50.0,0,0,50
Ryan Wright,MIN,CHI,18,2022,True,1,35,35.0,0,0,35
Trenton Gill,CHI,MIN,18,2022,False,3,111,37.0,0,2,44
Matt Haack,IND,NYG,17,2022,True,4,147,36.8,0,1,45
Jamie Gillan,NYG,IND,17,2022,False,1,47,47.0,1,0,47
Pat O'Donnell,GB,BUF,8,2022,True,2,89,44.5,0,0,46
Sam Martin,BUF,GB,8,2022,False,2,73,36.5,0,1,44
Cameron Johnston,HOU,LV,7,2022,True,1,55,55.0,0,1,55
AJ Cole,LV,HOU,7,2022,False,2,93,46.5,0,1,50
Pressley Harvin III,PIT,SEA,17,2023,True,1,46,46.0,0,1,46
Michael Dickson,SEA,PIT,17,2023,False,3,159,53.0,2,0,66
Michael Dickson,SEA,LAR,15,2021,True,6,297,49.5,1,3,59
Johnny Hekker,LAR,SEA,15,2021,False,3,130,43.3,0,1,51
Jamie Gillan,NYG,DAL,12,2022,True,4,193,48.3,2,1,49
Bryan Anger,DAL,NYG,12,2022,False,1,51,51.0,0,0,51
Michael Dickson,SEA,LAR,13,2022,True,2,114,57.0,0,0,62
Riley Dixon,LAR,SEA,13,2022,False,3,164,54.7,0,2,60
Dustin Colquitt,ATL,NO,9,2021,True,5,224,44.8,0,1,52
Blake Gillikin,NO,ATL,9,2021,False,3,122,40.7,1,1,45
Bradley Pinion,ATL,DET,3,2023,True,6,295,49.2,0,1,57
Jack Fox,DET,ATL,3,2023,False,6,274,45.7,0,3,62
Bryan Anger,DAL,SF,5,2023,True,5,254,50.8,0,1,54
Mitch Wishnowsky,SF,DAL,5,2023,False,4,187,46.8,0,2,59
Ethan Evans,LAR,CIN,3,2023,True,6,306,51.0,0,1,58
Brad Robbins,CIN,LAR,3,2023,False,5,211,42.2,0,1,46
Mitch Wishnowsky,SF,LAR,8,2022,True,3,123,41.0,0,3,49
Riley Dixon,LAR,SF,8,2022,False,5,253,50.6,0,1,58
Thomas Morstead,MIA,CHI,9,2022,True,1,51,51.0,0,0,51
Trenton Gill,CHI,MIA,9,2022,False,2,83,41.5,0,0,46
Ryan Stonehouse,TEN,PIT,9,2023,True,3,171,57.0,0,3,61
Pressley Harvin III,PIT,TEN,9,2023,False,4,200,50.0,0,3,62
Jake Bailey,NE,ATL,11,2021,True,4,193,48.3,0,3,60
Dustin Colquitt,ATL,NE,11,2021,False,5,269,53.8,0,1,62
Sam Martin,DEN,NYG,1,2021,True,2,78,39.0,0,0,41
Riley Dixon,NYG,DEN,1,2021,False,3,162,54.0,1,0,61
Rigoberto Sanchez,IND,JAX,6,2023,True,3,143,47.7,0,1,52
Logan Cooke,JAX,IND,6,2023,False,4,203,50.8,0,1,62
Matt Haack,BUF,TEN,6,2021,True,2,93,46.5,0,0,53
Johnny Townsend,TEN,BUF,6,2021,False,2,107,53.5,0,0,63
Cameron Johnston,HOU,CLE,2,2021,True,4,209,52.3,1,1,56
Jamie Gillan,CLE,HOU,2,2021,False,2,80,40.0,0,1,43
Tress Way,WSH,DET,2,2022,True,6,284,47.3,1,1,62
Jack Fox,DET,WSH,2,2022,False,5,277,55.4,0,1,63
Ty Long,LAC,WSH,1,2021,True,2,94,47.0,0,0,47
Tress Way,WSH,LAC,1,2021,False,3,138,46.0,0,2,56
Logan Cooke,JAX,HOU,17,2022,True,5,217,43.4,0,4,57
Cameron Johnston,HOU,JAX,17,2022,False,6,274,45.7,0,2,53
Jack Fox,DET,MIN,16,2023,True,3,143,47.7,0,2,57
Ryan Wright,MIN,DET,16,2023,False,2,100,50.0,0,1,50
Jake Bailey,MIA,WSH,13,2023,True,3,127,42.3,0,1,47
Tress Way,WSH,MIA,13,2023,False,5,214,42.8,0,2,51
Cameron Johnston,HOU,SF,17,2021,True,7,328,46.9,1,1,53
Mitch Wishnowsky,SF,HOU,17,2021,False,4,159,39.8,0,2,52
Andy Lee,ARI,SEA,11,2021,True,4,165,41.3,1,0,48
Michael Dickson,SEA,ARI,11,2021,False,5,257,51.4,1,3,60
Pressley Harvin III,PIT,LV,3,2023,True,6,323,53.8,0,3,63
AJ Cole,LV,PIT,3,2023,False,5,262,52.4,1,1,60
Andy Lee,ARI,LAR,10,2022,True,5,237,47.4,1,1,58
Riley Dixon,LAR,ARI,10,2022,False,5,252,50.4,1,0,60
Blake Gillikin,NO,CAR,3,2022,True,6,285,47.5,1,2,55
Johnny Hekker,CAR,NO,3,2022,False,6,281,46.8,0,4,59
Brad Robbins,CIN,TEN,4,2023,True,5,257,51.4,1,0,62
Ryan Stonehouse,TEN,CIN,4,2023,False,2,93,46.5,0,2,48
Bryan Anger,DAL,NYG,3,2022,True,4,178,44.5,1,2,54
Jamie Gillan,NYG,DAL,3,2022,False,3,135,45.0,0,1,55
Matt Haack,BUF,TB,14,2021,True,6,286,47.7,0,4,63
Bradley Pinion,TB,BUF,14,2021,False,5,196,39.2,0,1,55
JK Scott,LAC,MIN,3,2023,True,3,112,37.3,0,1,52
Ryan Wright,MIN,LAC,3,2023,False,3,145,48.3,2,1,53
Jake Camarda,TB,CAR,7,2022,True,6,279,46.5,2,2,62
Johnny Hekker,CAR,TB,7,2022,False,7,360,51.4,1,2,62
Thomas Morstead,ATL,BUF,17,2021,True,4,159,39.8,1,1,48
Tommy Townsend,KC,TEN,7,2021,True,2,93,46.5,0,1,52
Brett Kern,TEN,KC,7,2021,False,2,94,47.0,0,2,49
Pressley Harvin III,PIT,CLE,11,2023,True,9,355,39.4,0,4,48
Corey Bojorquez,CLE,PIT,11,2023,False,8,380,47.5,1,3,65
Sam Martin,BUF,BAL,4,2022,True,3,136,45.3,0,1,56
Jordan Stout,BAL,BUF,4,2022,False,3,152,50.7,1,0,57
Andy Lee,ARI,CLE,6,2021,True,2,101,50.5,0,0,57
Jamie Gillan,CLE,ARI,6,2021,False,2,106,53.0,0,0,54
JK Scott,JAX,NE,17,2021,True,4,159,39.8,0,0,47
Jake Bailey,NE,JAX,17,2021,False,1,40,40.0,0,1,40
Blake Gillikin,NO,TB,13,2022,True,6,262,43.7,0,3,62
Jake Camarda,TB,NO,13,2022,False,5,247,49.4,2,1,66
Ty Zentner,HOU,JAX,3,2023,True,4,173,43.3,0,1,54
Logan Cooke,JAX,HOU,3,2023,False,2,94,47.0,1,1,54
Ryan Stonehouse,TEN,GB,11,2022,True,3,152,50.7,0,1,59
Pat O'Donnell,GB,TEN,11,2022,False,4,189,47.3,0,1,55
Jordan Berry,MIN,SF,12,2021,True,3,160,53.3,0,1,59
Mitch Wishnowsky,SF,MIN,12,2021,False,3,183,61.0,2,1,67
Jordan Stout,BAL,PIT,5,2023,True,4,154,38.5,0,3,50
Brad Wing,PIT,BAL,5,2023,False,6,257,42.8,1,2,47
Matt Haack,IND,MIN,15,2022,True,7,305,43.6,0,3,55
Ryan Wright,MIN,IND,15,2022,False,5,231,46.2,0,2,63
Michael Palardy,MIA,NE,1,2021,True,4,180,45.0,1,0,52
Jake Bailey,NE,MIA,1,2021,False,2,99,49.5,1,0,62
Johnny Hekker,LAR,SEA,5,2021,True,5,232,46.4,0,4,54
Michael Dickson,SEA,LAR,5,2021,False,4,202,50.5,0,4,68
Logan Cooke,JAX,NYJ,16,2022,True,2,64,32.0,0,2,38
Braden Mann,NYJ,JAX,16,2022,False,5,201,40.2,0,2,51
Mitch Wishnowsky,SF,DEN,3,2022,True,7,362,51.7,2,3,74
Corliss Waitman,DEN,SF,3,2022,False,10,476,47.6,0,6,57
Kevin Huber,CIN,BAL,7,2021,True,4,216,54.0,1,1,60
Sam Koch,BAL,CIN,7,2021,False,6,264,44.0,1,2,50
Jordan Berry,MIN,GB,17,2021,True,6,296,49.3,0,1,64
Corey Bojorquez,GB,MIN,17,2021,False,2,63,31.5,1,0,39
Cameron Johnston,HOU,CIN,10,2023,True,4,169,42.3,0,2,47
Brad Robbins,CIN,HOU,10,2023,False,5,259,51.8,0,2,56
Mitch Wishnowsky,SF,DET,1,2021,True,2,76,38.0,0,2,43
Jack Fox,DET,SF,1,2021,False,3,152,50.7,0,1,57
Brad Robbins,CIN,SF,8,2023,True,3,140,46.7,1,0,49
Mitch Wishnowsky,SF,CIN,8,2023,False,3,151,50.3,0,2,62
Pressley Harvin III,PIT,GB,4,2021,True,3,102,34.0,0,1,45
Corey Bojorquez,GB,PIT,4,2021,False,3,138,46.0,0,1,57
Thomas Morstead,NYJ,ATL,5,2021,True,4,205,51.3,0,2,59
Dustin Colquitt,ATL,NYJ,5,2021,False,2,56,28.0,0,1,32
JK Scott,LAC,ATL,9,2022,True,4,168,42.0,0,1,48
Bradley Pinion,ATL,LAC,9,2022,False,4,204,51.0,0,0,57
AJ Cole,LV,DET,8,2023,True,5,242,48.4,0,2,52
Jack Fox,DET,LV,8,2023,False,1,48,48.0,0,0,48
Tress Way,WSH,HOU,11,2022,True,5,221,44.2,1,1,52
Cameron Johnston,HOU,WSH,11,2022,False,6,286,47.7,0,1,53
Brad Wing,PIT,HOU,4,2023,True,5,238,47.6,1,1,52
Ty Zentner,HOU,PIT,4,2023,False,3,114,38.0,0,1,42
Daniel Whelan,GB,DEN,7,2023,True,3,155,51.7,1,2,59
Riley Dixon,DEN,GB,7,2023,False,3,132,44.0,0,0,49
Ryan Stonehouse,TEN,TB,10,2023,True,4,227,56.8,1,2,62
Jake Camarda,TB,TEN,10,2023,False,5,171,34.2,0,1,47
Corey Bojorquez,CLE,WSH,17,2022,True,4,187,46.8,0,2,64
Tress Way,WSH,CLE,17,2022,False,2,90,45.0,0,1,48
Jack Fox,DET,CHI,10,2022,True,4,185,46.3,0,0,59
Trenton Gill,CHI,DET,10,2022,False,3,129,43.0,1,1,46
Braden Mann,PHI,WSH,8,2023,True,2,117,58.5,1,0,59
Tress Way,WSH,PHI,8,2023,False,2,96,48.0,0,1,56
Johnny Hekker,CAR,NO,18,2022,True,6,281,46.8,0,4,54
Blake Gillikin,NO,CAR,18,2022,False,5,224,44.8,1,2,68
Blake Gillikin,NO,CLE,16,2022,True,6,254,42.3,1,2,52
Corey Bojorquez,CLE,NO,16,2022,False,5,213,42.6,1,3,57
Michael Palardy,MIA,NO,16,2021,True,6,255,42.5,0,3,47
Blake Gillikin,NO,MIA,16,2021,False,7,316,45.1,0,2,54
Ty Zentner,TEN,HOU,17,2023,True,5,248,49.6,0,2,64
Cameron Johnston,HOU,TEN,17,2023,False,3,155,51.7,0,1,54
Tommy Townsend,KC,BAL,2,2021,True,3,135,45.0,0,0,54
Sam Koch,BAL,KC,2,2021,False,2,95,47.5,0,1,49
Cameron Johnston,HOU,IND,6,2021,True,5,212,42.4,0,4,55
Rigoberto Sanchez,IND,HOU,6,2021,False,5,217,43.4,0,2,50
Braden Mann,NYJ,DEN,7,2022,True,8,438,54.8,3,2,72
Corliss Waitman,DEN,NYJ,7,2022,False,6,240,40.0,0,3,46
Tommy Townsend,KC,CIN,13,2022,True,1,55,55.0,0,0,55
Drue Chrisman,CIN,KC,13,2022,False,1,40,40.0,0,1,40
Corey Bojorquez,GB,CIN,5,2021,True,2,67,33.5,0,1,36
Kevin Huber,CIN,GB,5,2021,False,5,194,38.8,1,2,46
Jake Camarda,TB,GB,15,2023,True,1,65,65.0,0,1,65
Daniel Whelan,GB,TB,15,2023,False,2,94,47.0,0,1,51
JK Scott,LAC,TEN,2,2023,True,6,234,39.0,0,4,47
Ryan Stonehouse,TEN,LAC,2,2023,False,5,306,61.2,1,0,63
Bryce Baringer,NE,LV,6,2023,True,3,138,46.0,0,0,53
AJ Cole,LV,NE,6,2023,False,2,103,51.5,0,1,57
AJ Cole,LV,MIA,11,2023,True,6,315,52.5,0,2,61
Jake Bailey,MIA,LV,11,2023,False,3,143,47.7,0,2,66
Braden Mann,PHI,SEA,15,2023,True,5,248,49.6,0,3,61
Michael Dickson,SEA,PHI,15,2023,False,5,280,56.0,0,1,59
Bradley Pinion,ATL,CHI,17,2023,True,3,128,42.7,0,0,45
Trenton Gill,CHI,ATL,17,2023,False,4,195,48.8,1,0,53
Tommy Townsend,KC,LAC,18,2023,True,6,274,45.7,2,3,61
JK Scott,LAC,KC,18,2023,False,5,218,43.6,0,2,49
Bradley Pinion,ATL,WSH,12,2022,True,3,122,40.7,0,1,48
Tress Way,WSH,ATL,12,2022,False,3,127,42.3,0,2,45
Mitch Wishnowsky,SF,PHI,2,2021,True,5,226,45.2,0,3,52
Arryn Siposs,PHI,SF,2,2021,False,4,204,51.0,2,1,68
Sterling Hofrichter,TB,CAR,16,2021,True,3,123,41.0,0,1,45
Lachlan Edwards,CAR,TB,16,2021,False,5,253,50.6,0,1,60
Corliss Waitman,DEN,SEA,1,2022,True,1,36,36.0,0,1,36
Michael Dickson,SEA,DEN,1,2022,False,2,101,50.5,0,0,54
Tommy Townsend,KC,LV,12,2023,True,4,211,52.8,0,2,57
AJ Cole,LV,KC,12,2023,False,3,117,39.0,0,1,51
Tress Way,WSH,NYG,7,2023,True,10,513,51.3,1,4,58
Jamie Gillan,NYG,WSH,7,2023,False,8,395,49.4,0,2,58
Michael Dickson,SEA,SF,2,2022,True,5,249,49.8,0,1,54
Mitch Wishnowsky,SF,SEA,2,2022,False,3,132,44.0,0,2,47
Arryn Siposs,PHI,NYG,12,2021,True,3,130,43.3,0,2,46
Riley Dixon,NYG,PHI,12,2021,False,5,196,39.2,0,1,46
Ty Long,LAC,BAL,6,2021,True,5,262,52.4,1,1,69
Sam Koch,BAL,LAC,6,2021,False,2,86,43.0,0,1,53
Johnny Townsend,TEN,JAX,5,2021,True,4,170,42.5,1,1,45
Logan Cooke,JAX,TEN,5,2021,False,2,80,40.0,0,0,42
Ty Long,LAC,CIN,13,2021,True,4,169,42.3,1,0,49
Kevin Huber,CIN,LAC,13,2021,False,4,180,45.0,0,1,50
Sam Martin,BUF,KC,6,2022,True,2,108,54.0,0,0,63
Tommy Townsend,KC,BUF,6,2022,False,3,173,57.7,0,1,60
Lou Hedley,NO,GB,3,2023,True,7,293,41.9,0,2,49
Daniel Whelan,GB,NO,3,2023,False,4,153,38.3,0,2,45
Pressley Harvin III,PIT,IND,15,2023,True,4,160,40.0,0,1,55
Rigoberto Sanchez,IND,PIT,15,2023,False,1,57,57.0,0,1,57
Arryn Siposs,PHI,ARI,5,2022,True,4,184,46.0,0,3,55
Andy Lee,ARI,PHI,5,2022,False,4,196,49.0,0,2,55
Michael Dickson,SEA,HOU,14,2021,True,4,169,42.3,0,2,48
Cameron Johnston,HOU,SEA,14,2021,False,5,229,45.8,1,1,58
Pressley Harvin III,PIT,CLE,3,2022,True,5,212,42.4,0,1,48
Corey Bojorquez,CLE,PIT,3,2022,False,5,203,40.6,1,2,61
Cameron Johnston,HOU,DEN,2,2022,True,5,268,53.6,0,2,64
Corliss Waitman,DEN,HOU,2,2022,False,5,214,42.8,2,1,50
Sam Koch,BAL,PIT,13,2021,True,4,203,50.8,0,1,57
Pressley Harvin III,PIT,BAL,13,2021,False,5,217,43.4,0,1,64
Jamie Gillan,NYG,SF,3,2023,True,6,316,52.7,0,1,60
Mitch Wishnowsky,SF,NYG,3,2023,False,3,128,42.7,0,2,46
Andy Lee,ARI,DAL,17,2021,True,3,121,40.3,0,1,47
Bryan Anger,DAL,ARI,17,2021,False,4,195,48.8,0,2,57
AJ Cole,LV,DEN,1,2023,True,1,49,49.0,0,0,49
Riley Dixon,DEN,LV,1,2023,False,2,80,40.0,0,1,43
Johnny Hekker,CAR,TB,17,2022,True,5,251,50.2,1,3,58
Jake Camarda,TB,CAR,17,2022,False,5,227,45.4,0,2,50
Arryn Siposs,PHI,DAL,3,2021,True,6,258,43.0,0,2,51
Bryan Anger,DAL,PHI,3,2021,False,4,202,50.5,0,2,57
Bryan Anger,DAL,NYG,1,2023,True,3,146,48.7,1,1,56
Jamie Gillan,NYG,DAL,1,2023,False,3,160,53.3,0,0,62
Logan Cooke,JAX,KC,10,2022,True,6,281,46.8,2,2,63
Tommy Townsend,KC,JAX,10,2022,False,2,91,45.5,0,1,51
Thomas Morstead,NYJ,LV,10,2023,True,5,276,55.2,2,0,62
AJ Cole,LV,NYJ,10,2023,False,5,253,50.6,1,3,63
Ty Long,LAC,KC,3,2021,True,4,172,43.0,0,2,55
Tommy Townsend,KC,LAC,3,2021,False,1,51,51.0,0,0,51
Andy Lee,ARI,DEN,15,2022,True,6,299,49.8,0,2,59
Corliss Waitman,DEN,ARI,15,2022,False,5,224,44.8,0,3,56
Corey Bojorquez,CLE,DEN,12,2023,True,3,181,60.3,2,0,72
Riley Dixon,DEN,CLE,12,2023,False,5,226,45.2,0,1,50
Corliss Waitman,DEN,CAR,12,2022,True,7,367,52.4,0,2,58
Johnny Hekker,CAR,DEN,12,2022,False,5,255,51.0,0,4,59
Jamie Gillan,NYG,PHI,16,2023,True,4,158,39.5,0,1,44
Braden Mann,PHI,NYG,16,2023,False,2,108,54.0,0,0,54
Pat O'Donnell,CHI,MIN,18,2021,True,1,43,43.0,0,1,43
Jordan Berry,MIN,CHI,18,2021,False,6,272,45.3,0,2,57
Arryn Siposs,PHI,WSH,3,2022,True,6,277,46.2,2,4,53
Tress Way,WSH,PHI,3,2022,False,8,426,53.3,0,2,58
Pat O'Donnell,CHI,GB,14,2021,True,4,185,46.3,1,0,54
Corey Bojorquez,GB,CHI,14,2021,False,4,171,42.8,0,1,57
Riley Dixon,DEN,BUF,10,2023,True,5,242,48.4,2,2,63
Sam Martin,BUF,DEN,10,2023,False,3,134,44.7,0,0,46
Riley Dixon,LAR,SF,4,2022,True,4,229,57.3,0,0,60
Mitch Wishnowsky,SF,LAR,4,2022,False,4,158,39.5,1,1,43
Pat O'Donnell,GB,TB,3,2022,True,7,339,48.4,0,5,63
Jake Camarda,TB,GB,3,2022,False,6,297,49.5,0,1,62
Corey Bojorquez,GB,NO,1,2021,True,4,176,44.0,0,1,59
Blake Gillikin,NO,GB,1,2021,False,2,103,51.5,0,1,58
Ryan Wright,MIN,MIA,6,2022,True,10,441,44.1,0,6,73
Thomas Morstead,MIA,MIN,6,2022,False,6,307,51.2,1,2,63
Jordan Stout,BAL,LAC,12,2023,True,3,121,40.3,0,2,55
JK Scott,LAC,BAL,12,2023,False,3,156,52.0,0,1,57
Corey Bojorquez,CLE,LAR,13,2023,True,5,236,47.2,1,2,62
Ethan Evans,LAR,CLE,13,2023,False,5,293,58.6,2,1,64
Ethan Evans,LAR,DAL,8,2023,True,4,183,45.8,0,1,58
Bryan Anger,DAL,LAR,8,2023,False,2,93,46.5,0,1,52
Mitch Wishnowsky,SF,MIN,7,2023,True,1,62,62.0,0,0,62
Ryan Wright,MIN,SF,7,2023,False,1,42,42.0,1,0,42
Tommy Townsend,KC,IND,3,2022,True,3,170,56.7,0,2,65
Matt Haack,IND,KC,3,2022,False,3,154,51.3,0,2,57
Bryan Anger,DAL,LAR,5,2022,True,6,288,48.0,1,3,67
Riley Dixon,LAR,DAL,5,2022,False,5,223,44.6,0,2,53
Corey Bojorquez,CLE,IND,7,2023,True,5,272,54.4,0,1,69
Rigoberto Sanchez,IND,CLE,7,2023,False,5,260,52.0,0,1,57
Brad Robbins,CIN,JAX,13,2023,True,1,33,33.0,0,1,33
Logan Cooke,JAX,CIN,13,2023,False,5,203,40.6,0,2,43
Logan Cooke,JAX,HOU,1,2021,True,6,297,49.5,0,1,58
Cameron Johnston,HOU,JAX,1,2021,False,6,266,44.3,0,3,52
Bryan Anger,DAL,BUF,15,2023,True,5,275,55.0,0,3,62
Sam Martin,BUF,DAL,15,2023,False,2,95,47.5,1,0,49
AJ Cole,LV,CHI,7,2023,True,2,82,41.0,0,2,43
Trenton Gill,CHI,LV,7,2023,False,3,120,40.0,0,0,47
Jack Fox,DET,GB,4,2023,True,4,180,45.0,0,1,52
Daniel Whelan,GB,DET,4,2023,False,5,259,51.8,0,0,57
JK Scott,LAC,IND,16,2022,True,4,153,38.3,1,1,42
Matt Haack,IND,LAC,16,2022,False,3,146,48.7,0,1,53
Jack Fox,DET,ATL,16,2021,True,2,109,54.5,0,1,57
Thomas Morstead,ATL,DET,16,2021,False,2,115,57.5,0,1,61
Johnny Hekker,LAR,IND,2,2021,True,3,109,36.3,0,1,46
Rigoberto Sanchez,IND,LAR,2,2021,False,2,85,42.5,0,1,45
Jack Fox,DET,CLE,11,2021,True,6,280,46.7,2,2,61
Jamie Gillan,CLE,DET,11,2021,False,5,189,37.8,0,2,52
Bryan Anger,DAL,PHI,6,2022,True,2,119,59.5,1,0,60
Arryn Siposs,PHI,DAL,6,2022,False,4,187,46.8,0,2,59
Jake Bailey,NE,NYJ,8,2022,True,4,163,40.8,1,2,43
Braden Mann,NYJ,NE,8,2022,False,4,188,47.0,1,0,67
Ryan Wright,MIN,NO,4,2022,True,3,126,42.0,0,2,51
Blake Gillikin,NO,MIN,4,2022,False,4,194,48.5,0,1,63
Michael Palardy,NE,MIN,12,2022,True,3,123,41.0,0,0,56
Ryan Wright,MIN,NE,12,2022,False,3,158,52.7,0,3,59
Johnny Hekker,CAR,DET,5,2023,True,3,114,38.0,0,1,45
Jack Fox,DET,CAR,5,2023,False,2,88,44.0,0,2,55
Andy Lee,ARI,TEN,1,2021,True,3,144,48.0,1,2,58
Brett Kern,TEN,ARI,1,2021,False,3,151,50.3,0,0,59
Tress Way,WSH,CAR,11,2021,True,3,139,46.3,0,1,56
Lachlan Edwards,CAR,WSH,11,2021,False,4,185,46.3,1,0,55
Braden Mann,NYJ,MIN,13,2022,True,2,81,40.5,0,1,44
Ryan Wright,MIN,NYJ,13,2022,False,6,292,48.7,0,2,63
JK Scott,LAC,DEN,17,2023,True,4,184,46.0,0,2,61
Riley Dixon,DEN,LAC,17,2023,False,5,243,48.6,1,3,63
Arryn Siposs,PHI,IND,11,2022,True,4,167,41.8,0,1,49
Matt Haack,IND,PHI,11,2022,False,4,208,52.0,1,2,59
Riley Dixon,DEN,HOU,13,2023,True,6,266,44.3,0,3,57
Cameron Johnston,HOU,DEN,13,2023,False,7,354,50.6,2,2,69
Braden Mann,PHI,NYG,18,2023,True,4,201,50.3,0,1,55
Jamie Gillan,NYG,PHI,18,2023,False,5,228,45.6,0,4,55
Jordan Stout,BAL,CLE,4,2023,True,7,334,47.7,0,3,59
Corey Bojorquez,CLE,BAL,4,2023,False,8,373,46.6,0,1,67
Matt Ammendola,NYJ,CAR,1,2021,True,6,291,48.5,0,2,65
Braden Mann,NYJ,CAR,1,2021,True,1,56,56.0,0,0,56
Joseph Charlton,CAR,NYJ,1,2021,False,6,225,37.5,0,2,54
Sam Koch,BAL,CIN,16,2021,True,3,133,44.3,0,1,47
Pat O'Donnell,GB,MIA,16,2022,True,1,46,46.0,0,0,46
Thomas Morstead,MIA,GB,16,2022,False,1,46,46.0,0,1,46
Cameron Johnston,HOU,ATL,5,2023,True,6,234,39.0,0,2,48
Bradley Pinion,ATL,HOU,5,2023,False,5,200,40.0,1,1,45
Ryan Wright,MIN,CIN,15,2023,True,3,152,50.7,0,0,58
Brad Robbins,CIN,MIN,15,2023,False,4,192,48.0,0,2,56
Ethan Evans,LAR,NYG,17,2023,True,5,287,57.4,1,2,72
Jamie Gillan,NYG,LAR,17,2023,False,5,222,44.4,0,1,52
Mitch Wishnowsky,SF,ARI,5,2021,True,2,97,48.5,0,1,58
Andy Lee,ARI,SF,5,2021,False,4,205,51.3,1,1,56
Trenton Gill,CHI,NO,9,2023,True,2,95,47.5,0,0,49
Lou Hedley,NO,CHI,9,2023,False,4,164,41.0,0,3,48
Daniel Whelan,GB,CAR,16,2023,True,3,142,47.3,0,0,54
Johnny Hekker,CAR,GB,16,2023,False,3,151,50.3,0,1,56
AJ Cole,LV,LAC,4,2023,True,5,269,53.8,0,3,70
JK Scott,LAC,LV,4,2023,False,4,160,40.0,0,0,49
Corey Bojorquez,CLE,HOU,16,2023,True,3,148,49.3,0,0,55
Cameron Johnston,HOU,CLE,16,2023,False,6,266,44.3,0,4,56
Andy Lee,ARI,ATL,17,2022,True,1,34,34.0,0,1,34
Bradley Pinion,ATL,ARI,17,2022,False,3,148,49.3,0,2,62
Jake Camarda,TB,HOU,9,2023,True,4,202,50.5,0,2,53
Cameron Johnston,HOU,TB,9,2023,False,3,174,58.0,0,0,62
Thomas Morstead,MIA,CIN,4,2022,True,3,150,50.0,0,0,66
Kevin Huber,CIN,MIA,4,2022,False,4,159,39.8,0,3,48
Bryan Anger,DAL,CAR,11,2023,True,3,176,58.7,1,1,63
Johnny Hekker,CAR,DAL,11,2023,False,5,242,48.4,1,1,61
Kevin Huber,CIN,LV,11,2021,True,2,105,52.5,0,0,58
AJ Cole,LV,CIN,11,2021,False,4,186,46.5,1,2,54
Logan Cooke,JAX,TEN,18,2023,True,1,43,43.0,0,0,43
Ty Zentner,TEN,JAX,18,2023,False,3,144,48.0,0,1,50
Bryan Anger,DAL,NE,6,2021,True,1,51,51.0,0,0,51
Jake Bailey,NE,DAL,6,2021,False,4,161,40.3,0,2,44
Jack Fox,DET,NO,13,2023,True,5,254,50.8,0,1,60
Lou Hedley,NO,DET,13,2023,False,4,180,45.0,1,0,49
Jake Bailey,NE,BUF,13,2021,True,6,252,42.0,1,1,71
Matt Haack,BUF,NE,13,2021,False,5,233,46.6,2,2,59
AJ Cole,LV,KC,5,2022,True,2,104,52.0,0,0,60
Tommy Townsend,KC,LV,5,2022,False,3,145,48.3,0,1,60
Andy Lee,ARI,MIN,8,2022,True,3,139,46.3,0,2,61
Ryan Wright,MIN,ARI,8,2022,False,5,233,46.6,0,2,58
Mitch Wishnowsky,SF,ATL,6,2022,True,3,158,52.7,0,1,59
Bradley Pinion,ATL,SF,6,2022,False,5,215,43.0,0,3,52
Logan Cooke,JAX,NO,7,2023,True,5,224,44.8,0,4,54
Lou Hedley,NO,JAX,7,2023,False,4,169,42.3,0,2,62
Bradley Pinion,ATL,SEA,3,2022,True,1,73,73.0,1,0,73
Michael Dickson,SEA,ATL,3,2022,False,2,102,51.0,0,2,51
Drue Chrisman,CIN,PIT,11,2022,True,3,162,54.0,0,2,65
Pressley Harvin III,PIT,CIN,11,2022,False,6,273,45.5,0,2,56
Ryan Wright,MIN,DET,14,2022,True,3,159,53.0,0,1,64
Jack Fox,DET,MIN,14,2022,False,2,96,48.0,0,1,66
Cameron Johnston,HOU,TEN,16,2022,True,5,221,44.2,0,2,53
Ryan Stonehouse,TEN,HOU,16,2022,False,6,301,50.2,0,1,61
Blake Gillikin,NO,CAR,2,2021,True,6,294,49.0,0,1,60
Joseph Charlton,CAR,NO,2,2021,False,4,160,40.0,0,3,51
Jamie Gillan,CLE,MIN,4,2021,True,7,279,39.9,0,3,54
Jordan Berry,MIN,CLE,4,2021,False,6,291,48.5,0,1,58
Jordan Stout,BAL,NYJ,1,2022,True,6,291,48.5,1,3,64
Braden Mann,NYJ,BAL,1,2022,False,6,253,42.2,0,2,50
JK Scott,LAC,CLE,5,2022,True,1,37,37.0,0,0,37
Corey Bojorquez,CLE,LAC,5,2022,False,2,119,59.5,0,1,61
Jack Fox,DET,KC,1,2023,True,5,222,44.4,0,3,61
Tommy Townsend,KC,DET,1,2023,False,5,247,49.4,0,3,58
Blake Gillikin,ARI,HOU,11,2023,True,2,107,53.5,0,0,59
Cameron Johnston,HOU,ARI,11,2023,False,2,94,47.0,0,1,50
Michael Dickson,SEA,TB,10,2022,True,5,253,50.6,0,4,68
Jake Camarda,TB,SEA,10,2022,False,2,122,61.0,0,0,63
Cameron Johnston,HOU,MIA,9,2021,True,5,235,47.0,0,3,58
Michael Palardy,MIA,HOU,9,2021,False,5,207,41.4,0,3,50
Dustin Colquitt,ATL,MIA,7,2021,True,3,126,42.0,0,1,50
Michael Palardy,MIA,ATL,7,2021,False,3,154,51.3,0,1,58
Michael Palardy,MIA,BUF,8,2021,True,5,259,51.8,2,0,59
Matt Haack,BUF,MIA,8,2021,False,4,163,40.8,0,1,55
Bradley Pinion,ATL,ARI,10,2023,True,4,203,50.8,0,1,60
Blake Gillikin,ARI,ATL,10,2023,False,3,156,52.0,0,1,54
Bryan Anger,DAL,TEN,17,2022,True,3,121,40.3,0,3,42
Ryan Stonehouse,TEN,DAL,17,2022,False,5,237,47.4,1,1,55
Ryan Stonehouse,TEN,WSH,5,2022,True,8,416,52.0,0,4,66
Tress Way,WSH,TEN,5,2022,False,6,247,41.2,0,2,48
Pat O'Donnell,CHI,CLE,3,2021,True,7,397,56.7,0,0,63
Jamie Gillan,CLE,CHI,3,2021,False,2,82,41.0,0,1,48
Jamie Gillan,CLE,KC,1,2021,True,1,52,52.0,0,0,52
Tommy Townsend,KC,CLE,1,2021,False,2,91,45.5,0,2,47
Rigoberto Sanchez,IND,TEN,13,2023,True,5,256,51.2,0,0,57
Ryan Stonehouse,TEN,IND,13,2023,False,4,218,54.5,1,1,63
Nick Folk,TEN,IND,13,2023,False,2,81,40.5,0,0,41
Ty Long,LAC,DEN,12,2021,True,3,136,45.3,0,0,48
Sam Martin,DEN,LAC,12,2021,False,3,125,41.7,0,2,43
Brett Kern,TEN,IND,8,2021,True,4,188,47.0,0,2,52
Rigoberto Sanchez,IND,TEN,8,2021,False,4,182,45.5,0,2,63
Bradley Pinion,TB,ATL,13,2021,True,3,133,44.3,0,2,60
Thomas Morstead,ATL,TB,13,2021,False,5,215,43.0,0,3,53
Logan Cooke,JAX,SEA,8,2021,True,4,195,48.8,1,0,54
Michael Dickson,SEA,JAX,8,2021,False,5,226,45.2,0,3,59
Matt Haack,IND,DEN,5,2022,True,7,310,44.3,1,3,54
Corliss Waitman,DEN,IND,5,2022,False,5,229,45.8,0,1,52
Jamie Gillan,CLE,CIN,9,2021,True,3,118,39.3,0,1,48
Kevin Huber,CIN,CLE,9,2021,False,3,122,40.7,0,1,44
Thomas Morstead,NYJ,DEN,3,2021,True,6,280,46.7,0,2,51
Sam Martin,DEN,NYJ,3,2021,False,3,122,40.7,0,1,53
Pat O'Donnell,CHI,LV,5,2021,True,5,234,46.8,0,2,53
AJ Cole,LV,CHI,5,2021,False,4,224,56.0,0,3,70
Michael Dickson,SEA,WSH,12,2021,True,8,400,50.0,0,3,55
Tress Way,WSH,SEA,12,2021,False,5,218,43.6,0,3,53
Bryan Anger,DAL,MIN,11,2022,True,2,101,50.5,0,2,53
Ryan Wright,MIN,DAL,11,2022,False,7,338,48.3,0,4,58
Jake Camarda,TB,NO,2,2022,True,6,229,38.2,0,3,49
Blake Gillikin,NO,TB,2,2022,False,5,218,43.6,0,2,54
Riley Dixon,NYG,DAL,5,2021,True,2,90,45.0,0,0,50
Bryan Anger,DAL,NYG,5,2021,False,1,61,61.0,0,1,61
Jake Camarda,TB,NO,4,2023,True,4,190,47.5,0,2,63
Lou Hedley,NO,TB,4,2023,False,4,162,40.5,0,3,52
Jack Fox,DET,LAC,10,2023,True,1,29,29.0,0,1,29
JK Scott,LAC,DET,10,2023,False,2,107,53.5,0,0,58
Bryan Anger,DAL,PHI,16,2022,False,1,57,57.0,0,0,57
Jake Camarda,TB,DAL,1,2022,True,3,152,50.7,1,2,63
Bryan Anger,DAL,TB,1,2022,False,5,254,50.8,0,2,58
Matt Haack,IND,DAL,13,2022,True,3,119,39.7,0,1,40
Bryan Anger,DAL,IND,13,2022,False,4,198,49.5,1,1,60
Daniel Whelan,GB,NYG,14,2023,True,3,119,39.7,0,1,48
Jamie Gillan,NYG,GB,14,2023,False,4,164,41.0,0,3,50
Thomas Morstead,ATL,JAX,12,2021,True,5,224,44.8,1,3,55
Logan Cooke,JAX,ATL,12,2021,False,3,130,43.3,0,2,44
Mitch Wishnowsky,SF,TEN,16,2021,True,2,70,35.0,0,1,40
Brett Kern,TEN,SF,16,2021,False,5,230,46.0,1,2,59
Sam Koch,BAL,CLE,14,2021,True,5,228,45.6,0,1,60
Dustin Colquitt,CLE,BAL,14,2021,False,5,196,39.2,1,2,43
Jake Bailey,NE,CAR,9,2021,True,3,152,50.7,1,2,55
Lachlan Edwards,CAR,NE,9,2021,False,4,205,51.3,0,0,59
Pat O'Donnell,CHI,SEA,16,2021,True,3,135,45.0,1,0,64
Michael Dickson,SEA,CHI,16,2021,False,4,148,37.0,1,1,41
Jamie Gillan,CLE,NE,10,2021,True,4,189,47.3,0,2,59
Jake Bailey,NE,CLE,10,2021,False,1,66,66.0,0,1,66
AJ Cole,LV,LAC,4,2021,True,5,256,51.2,0,1,56
Ty Long,LAC,LV,4,2021,False,5,221,44.2,0,3,58
Tristan Vizcaino,LAC,LV,4,2021,False,1,32,32.0,0,1,32
Corey Bojorquez,GB,DET,18,2021,True,1,35,35.0,0,1,35
Jack Fox,DET,GB,18,2021,False,2,97,48.5,0,0,67
Arryn Siposs,PHI,LV,7,2021,True,3,143,47.7,0,1,52
AJ Cole,LV,PHI,7,2021,False,2,94,47.0,0,1,59
Jake Camarda,TB,SF,14,2022,True,3,157,52.3,0,0,61
Mitch Wishnowsky,SF,TB,14,2022,False,3,134,44.7,0,1,62
Jake Bailey,MIA,PHI,7,2023,True,3,135,45.0,1,1,59
Braden Mann,PHI,MIA,7,2023,False,1,57,57.0,0,0,57
AJ Cole,LV,CLE,15,2021,True,4,177,44.3,0,1,49
Dustin Colquitt,CLE,LV,15,2021,False,7,313,44.7,0,2,51
Bryan Anger,DAL,LAC,6,2023,True,4,209,52.3,0,1,56
JK Scott,LAC,DAL,6,2023,False,5,203,40.6,0,1,50
Bradley Pinion,ATL,JAX,4,2023,True,5,271,54.2,0,3,62
Logan Cooke,JAX,ATL,4,2023,False,3,160,53.3,0,3,59
Jamie Gillan,NYG,TEN,1,2022,True,6,309,51.5,0,5,69
Ryan Stonehouse,TEN,NYG,1,2022,False,6,342,57.0,0,3,66
Ryan Wright,MIN,PHI,2,2022,True,5,246,49.2,0,3,58
Arryn Siposs,PHI,MIN,2,2022,False,4,179,44.8,0,2,49
Lou Hedley,NO,HOU,6,2023,True,3,126,42.0,0,0,43
Cameron Johnston,HOU,NO,6,2023,False,5,237,47.4,1,3,63
Sam Martin,BUF,KC,14,2023,True,4,186,46.5,0,1,61
Tommy Townsend,KC,BUF,14,2023,False,4,160,40.0,0,1,46
Blake Gillikin,NO,PHI,11,2021,True,6,299,49.8,0,3,62
Arryn Siposs,PHI,NO,11,2021,False,5,221,44.2,0,1,53
JK Scott,LAC,ARI,12,2022,True,6,234,39.0,0,4,48
Andy Lee,ARI,LAC,12,2022,False,3,150,50.0,0,0,52
Pressley Harvin III,PIT,PHI,8,2022,True,4,180,45.0,0,1,55
Arryn Siposs,PHI,PIT,8,2022,False,4,183,45.8,0,1,49
Brad Robbins,CIN,CLE,1,2023,True,10,409,40.9,1,2,54
Corey Bojorquez,CLE,CIN,1,2023,False,7,331,47.3,0,3,66
JK Scott,LAC,DEN,18,2022,True,5,279,55.8,2,2,60
Corliss Waitman,DEN,LAC,18,2022,False,5,238,47.6,0,1,59
Lachlan Edwards,CAR,ARI,10,2021,True,3,153,51.0,0,1,55
Andy Lee,ARI,CAR,10,2021,False,4,194,48.5,0,2,51
Rigoberto Sanchez,IND,BUF,11,2021,True,1,31,31.0,0,1,31
Matt Haack,BUF,IND,11,2021,False,1,55,55.0,0,0,55
Kevin Huber,CIN,CHI,2,2021,True,2,75,37.5,0,1,39
Pat O'Donnell,CHI,CIN,2,2021,False,4,169,42.3,1,2,47
Dustin Colquitt,CLE,GB,16,2021,True,1,37,37.0,0,0,37
Corey Bojorquez,GB,CLE,16,2021,False,5,235,47.0,0,1,56
Pat O'Donnell,GB,WSH,7,2022,True,5,208,41.6,0,2,55
Tress Way,WSH,GB,7,2022,False,4,192,48.0,0,3,68
Pressley Harvin III,PIT,CIN,12,2023,True,4,172,43.0,2,2,59
Brad Robbins,CIN,PIT,12,2023,False,6,251,41.8,1,1,44
Thomas Morstead,MIA,BAL,2,2022,True,2,82,41.0,0,1,44
Jordan Stout,BAL,MIA,2,2022,False,2,81,40.5,0,0,45
Andy Lee,ARI,JAX,3,2021,True,5,253,50.6,1,0,59
Logan Cooke,JAX,ARI,3,2021,False,6,289,48.2,0,3,56
Corliss Waitman,DEN,LAR,16,2022,True,2,100,50.0,0,1,56
Logan Cooke,JAX,PHI,4,2022,True,3,160,53.3,0,0,61
Arryn Siposs,PHI,JAX,4,2022,False,3,134,44.7,1,1,53
AJ Cole,LV,TEN,3,2022,True,3,144,48.0,0,2,58
Ryan Stonehouse,TEN,LV,3,2022,False,3,181,60.3,1,2,70
Jake Bailey,MIA,BAL,17,2023,True,3,158,52.7,1,1,62
Jordan Stout,BAL,MIA,17,2023,False,2,71,35.5,0,0,38
Matt Haack,IND,HOU,1,2022,True,4,179,44.8,0,3,70
Cameron Johnston,HOU,IND,1,2022,False,7,318,45.4,0,3,52
Michael Dickson,SEA,NYG,4,2023,True,4,214,53.5,0,3,63
Jamie Gillan,NYG,SEA,4,2023,False,5,268,53.6,1,2,61
Lou Hedley,NO,ATL,12,2023,True,1,46,46.0,0,0,46
Bradley Pinion,ATL,NO,12,2023,False,2,91,45.5,0,2,55
Tommy Townsend,KC,LAC,15,2021,True,1,32,32.0,0,0,32
Ty Long,LAC,KC,15,2021,False,1,41,41.0,0,0,41
Johnny Hekker,CAR,MIA,6,2023,True,4,189,47.3,0,1,55
Jake Bailey,MIA,CAR,6,2023,False,4,194,48.5,0,1,60
Riley Dixon,LAR,LAC,17,2022,True,5,222,44.4,0,1,57
JK Scott,LAC,LAR,17,2022,False,4,161,40.3,0,3,48
AJ Cole,LV,NO,8,2022,True,5,229,45.8,0,4,54
Blake Gillikin,NO,LV,8,2022,False,2,80,40.0,0,2,46
Ryan Stonehouse,TEN,PHI,13,2022,True,7,401,57.3,0,1,62
Arryn Siposs,PHI,TEN,13,2022,False,5,215,43.0,0,1,48
Michael Dickson,SEA,LAC,7,2022,True,1,46,46.0,0,1,46
JK Scott,LAC,SEA,7,2022,False,5,228,45.6,0,3,50
AJ Cole,LV,KC,16,2023,True,6,271,45.2,0,3,50
Tommy Townsend,KC,LV,16,2023,False,4,167,41.8,0,1,57
Blake Gillikin,NO,WSH,5,2021,True,5,268,53.6,0,3,60
Tress Way,WSH,NO,5,2021,False,3,154,51.3,0,0,56
Corey Bojorquez,CLE,CIN,18,2023,True,7,335,47.9,0,4,58
Brad Robbins,CIN,CLE,18,2023,False,6,274,45.7,0,1,56
Rigoberto Sanchez,IND,MIA,4,2021,True,4,200,50.0,0,2,57
Michael Palardy,MIA,IND,4,2021,False,5,239,47.8,1,3,56
Andy Lee,ARI,SF,18,2022,True,3,154,51.3,0,0,53
Mitch Wishnowsky,SF,ARI,18,2022,False,5,218,43.6,0,3,47
Pressley Harvin III,PIT,BAL,17,2022,True,2,99,49.5,0,1,51
Jordan Stout,BAL,PIT,17,2022,False,4,179,44.8,1,2,56
Pat O'Donnell,CHI,DET,12,2021,True,4,183,45.8,0,2,51
Jack Fox,DET,CHI,12,2021,False,6,300,50.0,1,0,70
Logan Cooke,JAX,TB,16,2023,True,1,65,65.0,0,0,65
Jake Camarda,TB,JAX,16,2023,False,2,101,50.5,0,1,51
Cameron Johnston,HOU,CHI,3,2022,True,5,242,48.4,0,5,56
Trenton Gill,CHI,HOU,3,2022,False,4,182,45.5,0,1,56
Jordan Stout,BAL,CIN,2,2023,True,2,117,58.5,1,0,63
Brad Robbins,CIN,BAL,2,2023,False,3,120,40.0,0,1,41
Rigoberto Sanchez,IND,SF,7,2021,True,6,273,45.5,1,2,79
Mitch Wishnowsky,SF,IND,7,2021,False,4,193,48.3,0,1,65
Blake Gillikin,NO,PIT,10,2022,True,5,259,51.8,1,2,62
Pressley Harvin III,PIT,NO,10,2022,False,3,123,41.0,0,2,48
Tress Way,WSH,DAL,12,2023,True,3,119,39.7,0,3,57
Bryan Anger,DAL,WSH,12,2023,False,3,158,52.7,0,2,59
Jake Camarda,TB,IND,12,2023,True,4,208,52.0,2,1,63
Rigoberto Sanchez,IND,TB,12,2023,False,2,94,47.0,0,0,53
Blake Gillikin,NO,ATL,1,2022,True,5,272,54.4,0,1,59
Bradley Pinion,ATL,NO,1,2022,False,4,180,45.0,0,2,51
Logan Cooke,JAX,LAC,3,2022,True,1,56,56.0,0,1,56
JK Scott,LAC,JAX,3,2022,False,4,175,43.8,0,1,50
Pressley Harvin III,PIT,BAL,18,2021,True,8,298,37.3,0,3,49
Sam Koch,BAL,PIT,18,2021,False,7,268,38.3,0,3,50
Sterling Hofrichter,TB,NYJ,17,2021,True,3,104,34.7,0,2,39
Braden Mann,NYJ,TB,17,2021,False,4,154,38.5,0,2,46
Rigoberto Sanchez,IND,ARI,16,2021,True,3,115,38.3,0,2,44
Ryan Winslow,ARI,IND,16,2021,False,1,39,39.0,0,0,39
Jack Fox,DET,SEA,4,2022,False,2,97,48.5,0,0,49
Lachlan Edwards,CAR,ATL,8,2021,True,4,175,43.8,0,1,49
Dustin Colquitt,ATL,CAR,8,2021,False,4,190,47.5,0,2,55
Cameron Johnston,HOU,NYG,10,2022,True,5,229,45.8,0,2,52
Jamie Gillan,NYG,HOU,10,2022,False,6,242,40.3,1,1,49
Tommy Townsend,KC,LAC,11,2022,True,2,92,46.0,0,0,50
JK Scott,LAC,KC,11,2022,False,3,147,49.0,0,1,52
Jamie Gillan,CLE,BAL,12,2021,True,6,261,43.5,0,2,52
Sam Koch,BAL,CLE,12,2021,False,3,136,45.3,1,1,53
Corey Bojorquez,CLE,SEA,8,2023,True,3,142,47.3,0,1,59
Michael Dickson,SEA,CLE,8,2023,False,5,274,54.8,1,2,67
Ryan Stonehouse,TEN,LAC,15,2022,True,7,392,56.0,1,4,68
JK Scott,LAC,TEN,15,2022,False,7,291,41.6,1,2,54
Blake Gillikin,NO,PHI,17,2022,True,6,256,42.7,0,5,55
Brett Kern,PHI,NO,17,2022,False,6,251,41.8,0,0,53
Trenton Gill,CHI,CLE,15,2023,True,10,448,44.8,1,2,56
Corey Bojorquez,CLE,CHI,15,2023,False,9,390,43.3,0,5,53
Johnny Hekker,LAR,MIN,16,2021,True,2,108,54.0,0,1,55
Jordan Berry,MIN,LAR,16,2021,False,5,226,45.2,0,2,63
AJ Cole,LV,JAX,9,2022,True,4,196,49.0,0,3,60
Logan Cooke,JAX,LV,9,2022,False,3,163,54.3,0,0,60
Joseph Charlton,CAR,DAL,4,2021,True,3,136,45.3,0,0,49
Bryan Anger,DAL,CAR,4,2021,False,4,190,47.5,1,2,63
Riley Dixon,LAR,BUF,1,2022,False,4,180,45.0,0,2,57
Bryan Anger,DAL,MIN,8,2021,True,4,181,45.3,0,1,54
Jordan Berry,MIN,DAL,8,2021,False,6,237,39.5,0,3,51
Jake Bailey,MIA,NYJ,12,2023,True,1,40,40.0,0,0,40
Thomas Morstead,NYJ,MIA,12,2023,False,6,317,52.8,0,3,61
Jamie Gillan,NYG,GB,5,2022,True,2,100,50.0,0,0,58
Pat O'Donnell,GB,NYG,5,2022,False,3,124,41.3,0,1,50
Jake Camarda,TB,MIN,1,2023,True,6,327,54.5,1,2,63
Ryan Wright,MIN,TB,1,2023,False,5,257,51.4,0,0,58
Corey Bojorquez,CLE,ATL,4,2022,True,3,144,48.0,0,2,62
Bradley Pinion,ATL,CLE,4,2022,False,3,153,51.0,0,0,54
AJ Cole,LV,IND,17,2021,True,2,104,52.0,1,1,60
Rigoberto Sanchez,IND,LV,17,2021,False,5,223,44.6,0,1,55
Jack Fox,DET,TB,6,2023,True,4,180,45.0,1,2,50
Jake Camarda,TB,DET,6,2023,False,6,325,54.2,1,3,66
Thomas Morstead,NYJ,IND,9,2021,True,3,156,52.0,0,1,57
Rigoberto Sanchez,IND,NYJ,9,2021,False,2,85,42.5,0,1,47
Daniel Whelan,GB,ATL,2,2023,True,4,199,49.8,1,0,59
Bradley Pinion,ATL,GB,2,2023,False,1,45,45.0,0,0,45
Trenton Gill,CHI,MIN,5,2022,True,2,112,56.0,1,0,60
Ryan Wright,MIN,CHI,5,2022,False,1,15,15.0,0,0,15
Bryce Baringer,NE,NYG,12,2023,True,6,270,45.0,0,2,54
Jamie Gillan,NYG,NE,12,2023,False,8,363,45.4,1,4,74
Thomas Morstead,NYJ,NE,7,2021,True,2,100,50.0,0,0,51
Jake Bailey,NE,NYJ,7,2021,False,1,35,35.0,0,1,35
Brett Kern,PHI,CHI,15,2022,True,2,90,45.0,0,0,50
Trenton Gill,CHI,PHI,15,2022,False,6,252,42.0,0,3,56
Johnny Hekker,LAR,ARI,14,2021,True,3,120,40.0,0,1,42
Andy Lee,ARI,LAR,14,2021,False,1,52,52.0,0,0,52
Joseph Charlton,CAR,HOU,3,2021,True,3,111,37.0,0,0,42
Cameron Johnston,HOU,CAR,3,2021,False,6,267,44.5,0,3,53
Thomas Morstead,NYJ,NE,18,2023,True,7,322,46.0,0,3,59
Bryce Baringer,NE,NYJ,18,2023,False,9,422,46.9,1,2,63
Sam Martin,BUF,CHI,16,2022,True,3,161,53.7,0,1,62
Trenton Gill,CHI,BUF,16,2022,False,4,197,49.3,0,1,63
Jake Bailey,NE,MIA,18,2021,True,3,138,46.0,1,2,47
Michael Palardy,MIA,NE,18,2021,False,4,209,52.3,0,2,63
Braden Mann,PHI,TB,3,2023,True,1,38,38.0,0,1,38
Jake Camarda,TB,PHI,3,2023,False,4,230,57.5,0,2,74
Corey Bojorquez,CLE,BAL,7,2022,True,3,173,57.7,1,1,76
Jordan Stout,BAL,CLE,7,2022,False,3,181,60.3,1,1,69
Bradley Pinion,ATL,CAR,15,2023,True,5,198,39.6,0,2,52
Johnny Hekker,CAR,ATL,15,2023,False,5,235,47.0,1,2,53
Jamie Gillan,NYG,LV,9,2023,True,4,169,42.3,0,1,48
AJ Cole,LV,NYG,9,2023,False,5,318,63.6,2,1,69
Trenton Gill,CHI,GB,2,2022,True,4,198,49.5,0,1,57
Pat O'Donnell,GB,CHI,2,2022,False,2,122,61.0,1,1,72
Nolan Cooney,ARI,SF,4,2023,True,3,117,39.0,0,0,49
Mitch Wishnowsky,SF,ARI,4,2023,False,1,45,45.0,0,1,45
Cameron Johnston,HOU,ARI,7,2021,True,7,344,49.1,1,2,69
Andy Lee,ARI,HOU,7,2021,False,4,199,49.8,0,0,55
Rigoberto Sanchez,IND,BAL,3,2023,True,7,325,46.4,0,3,54
Jordan Stout,BAL,IND,3,2023,False,7,329,47.0,0,2,65
Braden Mann,PHI,NYJ,6,2023,True,2,81,40.5,0,1,41
Thomas Morstead,NYJ,PHI,6,2023,False,4,194,48.5,0,3,54
Pressley Harvin III,PIT,IND,12,2022,True,4,182,45.5,1,2,54
Matt Haack,IND,PIT,12,2022,False,3,150,50.0,0,0,59
Thomas Morstead,ATL,SF,15,2021,True,2,99,49.5,0,1,53
Mitch Wishnowsky,SF,ATL,15,2021,False,4,196,49.0,1,0,60
Johnny Hekker,LAR,BAL,17,2021,True,2,92,46.0,0,2,53
Sam Koch,BAL,LAR,17,2021,False,3,139,46.3,0,2,61
Blake Gillikin,ARI,CLE,9,2023,True,9,460,51.1,0,2,58
Corey Bojorquez,CLE,ARI,9,2023,False,7,410,58.6,2,2,73
Jamie Gillan,NYG,MIA,5,2023,True,4,161,40.3,0,3,49
Jake Bailey,MIA,NYG,5,2023,False,2,69,34.5,0,1,49
Braden Mann,NYJ,BUF,18,2021,True,10,497,49.7,0,3,60
Matt Haack,BUF,NYJ,18,2021,False,7,237,33.9,1,2,53
JK Scott,LAC,SF,10,2022,True,5,200,40.0,1,1,44
Mitch Wishnowsky,SF,LAC,10,2022,False,4,132,33.0,0,1,40
AJ Cole,LV,PIT,2,2021,True,4,190,47.5,1,2,55
Pressley Harvin III,PIT,LV,2,2021,False,4,197,49.3,0,3,59
Cameron Johnston,HOU,JAX,15,2021,True,4,193,48.3,0,3,55
Logan Cooke,JAX,HOU,15,2021,False,5,237,47.4,0,1,54
Jake Camarda,TB,PIT,6,2022,True,5,230,46.0,0,1,52
Pressley Harvin III,PIT,TB,6,2022,False,5,221,44.2,0,2,53
Drue Chrisman,CIN,TEN,12,2022,True,5,259,51.8,0,2,62
Ryan Stonehouse,TEN,CIN,12,2022,False,5,269,53.8,2,2,71
Michael Palardy,NE,LV,15,2022,True,5,226,45.2,0,2,53
AJ Cole,LV,NE,15,2022,False,7,324,46.3,0,2,50
Tommy Townsend,KC,MIN,5,2023,True,3,140,46.7,1,1,58
Ryan Wright,MIN,KC,5,2023,False,1,54,54.0,0,0,54
Jack Fox,DET,PIT,10,2021,True,10,464,46.4,2,1,61
Pressley Harvin III,PIT,DET,10,2021,False,6,280,46.7,1,3,61
Andy Lee,ARI,LV,2,2022,True,3,136,45.3,1,1,56
AJ Cole,LV,ARI,2,2022,False,3,161,53.7,0,0,66
Michael Dickson,SEA,MIN,3,2021,True,2,88,44.0,0,1,45
Jordan Berry,MIN,SEA,3,2021,False,2,94,47.0,0,1,49
Ryan Wright,MIN,ATL,9,2023,True,3,133,44.3,0,1,52
Bradley Pinion,ATL,MIN,9,2023,False,4,175,43.8,1,2,46
Sam Martin,DEN,LAC,17,2021,True,3,137,45.7,0,1,56
Ty Long,LAC,DEN,17,2021,False,3,115,38.3,0,2,48
Corey Bojorquez,CLE,PIT,18,2022,True,4,194,48.5,1,0,56
Pressley Harvin III,PIT,CLE,18,2022,False,3,144,48.0,0,1,57
Bryan Anger,DAL,TB,1,2021,True,3,147,49.0,0,1,62
Bradley Pinion,TB,DAL,1,2021,False,4,197,49.3,0,3,65
AJ Cole,LV,BUF,2,2023,True,3,149,49.7,0,2,53
Sam Martin,BUF,LV,2,2023,False,1,54,54.0,0,1,54
Jordan Stout,BAL,ARI,8,2023,True,5,242,48.4,0,4,59
Blake Gillikin,ARI,BAL,8,2023,False,4,207,51.8,0,0,66
Matt Haack,BUF,KC,5,2021,True,4,160,40.0,1,1,48
Tommy Townsend,KC,BUF,5,2021,False,2,88,44.0,0,1,46
Kevin Huber,CIN,NYJ,8,2021,True,4,185,46.3,0,3,55
Thomas Morstead,NYJ,CIN,8,2021,False,1,45,45.0,0,0,45
Ryan Stonehouse,TEN,JAX,11,2023,True,4,214,53.5,1,2,73
Logan Cooke,JAX,TEN,11,2023,False,2,103,51.5,0,1,54
Jamie Gillan,NYG,WSH,11,2023,True,7,318,45.4,1,2,56
Tress Way,WSH,NYG,11,2023,False,2,90,45.0,0,0,50
Mitch Wishnowsky,SF,WSH,17,2023,True,2,76,38.0,0,2,40
Tress Way,WSH,SF,17,2023,False,3,156,52.0,0,1,55
Logan Cooke,JAX,BUF,5,2023,True,5,247,49.4,1,3,60
Sam Martin,BUF,JAX,5,2023,False,6,258,43.0,0,2,53
Bradley Pinion,ATL,LAR,2,2022,True,1,44,44.0,0,0,44
Mitch Wishnowsky,SF,CIN,14,2021,True,7,291,41.6,0,1,50
Kevin Huber,CIN,SF,14,2021,False,4,173,43.3,1,1,50
Bryan Anger,DAL,MIA,16,2023,True,3,178,59.3,0,0,61
Jake Bailey,MIA,DAL,16,2023,False,2,111,55.5,0,1,58
Lou Hedley,NO,IND,8,2023,True,4,158,39.5,0,4,47
Rigoberto Sanchez,IND,NO,8,2023,False,5,258,51.6,0,0,57
Daniel Whelan,GB,LV,5,2023,True,4,184,46.0,0,1,54
AJ Cole,LV,GB,5,2023,False,4,189,47.3,0,4,55
Bryan Anger,DAL,WSH,18,2022,True,10,478,47.8,0,3,59
Tress Way,WSH,DAL,18,2022,False,7,319,45.6,1,3,50
Thomas Morstead,MIA,LAC,14,2022,True,7,327,46.7,0,4,55
JK Scott,LAC,MIA,14,2022,False,4,176,44.0,0,0,55
Jack Fox,DET,CHI,4,2021,True,3,166,55.3,0,2,56
Pat O'Donnell,CHI,DET,4,2021,False,3,159,53.0,0,0,60
Bryan Anger,DAL,PHI,18,2021,True,1,44,44.0,0,0,44
Arryn Siposs,PHI,DAL,18,2021,False,3,87,29.0,0,0,42
Johnny Townsend,TEN,NYJ,4,2021,True,5,188,37.6,0,1,63
Thomas Morstead,NYJ,TEN,4,2021,False,6,277,46.2,0,2,56
Ryan Wright,MIN,DEN,11,2023,True,2,95,47.5,2,0,48
Riley Dixon,DEN,MIN,11,2023,False,4,217,54.3,1,0,68
Jordan Stout,BAL,TB,8,2022,True,4,210,52.5,0,2,57
Jake Camarda,TB,BAL,8,2022,False,5,267,53.4,1,2,66
Rigoberto Sanchez,IND,CIN,14,2023,True,4,194,48.5,0,2,55
Brad Robbins,CIN,IND,14,2023,False,4,147,36.8,0,1,52
Thomas Morstead,MIA,NYJ,5,2022,True,3,131,43.7,0,1,48
Braden Mann,NYJ,MIA,5,2022,False,4,185,46.3,0,2,51
Andy Lee,ARI,SEA,6,2022,True,4,162,40.5,0,1,48
Michael Dickson,SEA,ARI,6,2022,False,6,293,48.8,1,1,64
Johnny Hekker,LAR,GB,12,2021,True,5,205,41.0,0,1,53
Corey Bojorquez,GB,LAR,12,2021,False,5,212,42.4,0,3,61
Pat O'Donnell,CHI,LAR,1,2021,True,1,36,36.0,0,1,36
Johnny Hekker,LAR,CHI,1,2021,False,1,50,50.0,0,0,50
Trenton Gill,CHI,ATL,11,2022,True,4,160,40.0,0,1,44
Bradley Pinion,ATL,CHI,11,2022,False,3,139,46.3,1,1,50
Trenton Gill,CHI,GB,18,2023,True,3,137,45.7,1,2,51
JK Scott,LAC,GB,11,2023,True,3,143,47.7,0,1,57
Daniel Whelan,GB,LAC,11,2023,False,4,193,48.3,1,2,61
Jake Bailey,NE,IND,15,2021,True,2,80,40.0,0,0,46
Rigoberto Sanchez,IND,NE,15,2021,False,2,87,43.5,0,1,46
Arryn Siposs,PHI,CAR,5,2021,True,6,276,46.0,0,1,64
Joseph Charlton,CAR,PHI,5,2021,False,5,189,37.8,0,3,44
Zane Gonzalez,CAR,PHI,5,2021,False,1,40,40.0,1,0,40
Lachlan Edwards,CAR,MIA,12,2021,True,5,261,52.2,1,0,58
Michael Palardy,MIA,CAR,12,2021,False,4,162,40.5,0,4,46
Trenton Gill,CHI,NYG,4,2022,True,5,264,52.8,0,3,58
Jamie Gillan,NYG,CHI,4,2022,False,5,273,54.6,2,0,59
Tommy Townsend,KC,DEN,14,2022,True,3,199,66.3,1,1,76
Corliss Waitman,DEN,KC,14,2022,False,7,333,47.6,1,0,51
Jordan Berry,MIN,ARI,2,2021,True,5,231,46.2,0,1,60
Andy Lee,ARI,MIN,2,2021,False,4,221,55.3,0,2,60
Arryn Siposs,PHI,DEN,10,2021,True,3,154,51.3,0,1,54
Sam Martin,DEN,PHI,10,2021,False,4,212,53.0,0,0,60
Tress Way,WSH,CHI,6,2022,True,6,307,51.2,0,2,58
Trenton Gill,CHI,WSH,6,2022,False,4,185,46.3,0,1,54
Mitch Wishnowsky,SF,PHI,13,2023,True,2,95,47.5,0,0,49
Braden Mann,PHI,SF,13,2023,False,3,152,50.7,0,3,52
Jordan Stout,BAL,NYG,6,2022,True,2,95,47.5,1,0,53
Jamie Gillan,NYG,BAL,6,2022,False,4,185,46.3,0,2,60
Corey Bojorquez,CLE,CIN,14,2022,True,4,220,55.0,0,1,65
Drue Chrisman,CIN,CLE,14,2022,False,5,205,41.0,0,2,51
Cameron Johnston,HOU,BUF,4,2021,True,5,251,50.2,0,1,61
Matt Haack,BUF,HOU,4,2021,False,1,44,44.0,0,0,44
Blake Gillikin,ARI,SEA,7,2023,True,5,240,48.0,0,1,58
Michael Dickson,SEA,ARI,7,2023,False,3,143,47.7,1,1,52
JK Scott,LAC,LV,13,2022,True,3,137,45.7,0,1,48
AJ Cole,LV,LAC,13,2022,False,4,181,45.3,1,2,60
Ryan Wright,MIN,CHI,6,2023,True,5,249,49.8,1,0,63
Trenton Gill,CHI,MIN,6,2023,False,4,176,44.0,0,1,50
Ethan Evans,LAR,SEA,1,2023,True,1,45,45.0,0,0,45
Michael Dickson,SEA,LAR,1,2023,False,4,236,59.0,2,0,73
Sam Martin,BUF,NYJ,9,2022,True,2,111,55.5,1,1,61
Braden Mann,NYJ,BUF,9,2022,False,3,147,49.0,0,2,63
Cameron Nizialek,ATL,NYG,3,2021,True,6,284,47.3,1,3,58
Riley Dixon,NYG,ATL,3,2021,False,5,229,45.8,1,2,55
Jack Fox,DET,GB,2,2021,True,2,107,53.5,0,2,55
Corey Bojorquez,GB,DET,2,2021,False,3,140,46.7,0,2,56
Sam Koch,BAL,DEN,4,2021,True,7,335,47.9,1,1,57
Sam Martin,DEN,BAL,4,2021,False,10,491,49.1,2,4,68
Logan Cooke,JAX,TEN,14,2021,True,5,225,45.0,0,3,54
Brett Kern,TEN,JAX,14,2021,False,5,192,38.4,0,2,46
Johnny Hekker,CAR,CIN,9,2022,True,5,270,54.0,0,2,63
Kevin Huber,CIN,CAR,9,2022,False,3,120,40.0,0,1,44
Tress Way,WSH,DEN,8,2021,True,1,66,66.0,0,0,66
Sam Martin,DEN,WSH,8,2021,False,3,135,45.0,0,3,48
Jordan Stout,BAL,PIT,14,2022,True,3,124,41.3,0,1,46
Pressley Harvin III,PIT,BAL,14,2022,False,3,111,37.0,1,0,48
Braden Mann,PHI,DAL,14,2023,True,1,39,39.0,0,0,39
Bryan Anger,DAL,PHI,14,2023,False,1,48,48.0,0,0,48
Ryan Stonehouse,TEN,KC,9,2022,True,8,390,48.8,0,2,63
Tommy Townsend,KC,TEN,9,2022,False,6,283,47.2,1,2,53
Ty Zentner,HOU,BAL,1,2023,True,4,176,44.0,1,0,48
Jordan Stout,BAL,HOU,1,2023,False,5,249,49.8,0,3,67
AJ Cole,LV,NYG,9,2021,True,2,100,50.0,0,0,58
Riley Dixon,NYG,LV,9,2021,False,3,146,48.7,0,3,58
Brad Robbins,CIN,ARI,5,2023,True,3,145,48.3,0,1,59
Blake Gillikin,ARI,CIN,5,2023,False,4,219,54.8,0,0,62
Ethan Evans,LAR,IND,4,2023,True,3,123,41.0,0,2,48
Rigoberto Sanchez,IND,LAR,4,2023,False,4,193,48.3,0,1,54
Sam Martin,BUF,LAC,16,2023,True,4,209,52.3,0,3,58
JK Scott,LAC,BUF,16,2023,False,4,200,50.0,0,1,57
Cameron Johnston,HOU,IND,18,2023,True,6,298,49.7,0,4,62
Rigoberto Sanchez,IND,HOU,18,2023,False,4,216,54.0,0,0,63
Johnny Hekker,CAR,SEA,14,2022,True,2,107,53.5,1,0,67
Michael Dickson,SEA,CAR,14,2022,False,4,177,44.3,0,0,49
Jack Fox,DET,SEA,17,2021,True,3,132,44.0,0,0,57
Michael Dickson,SEA,DET,17,2021,False,1,45,45.0,0,0,45
Jordan Stout,BAL,CLE,15,2022,True,1,41,41.0,0,1,41
Corey Bojorquez,CLE,BAL,15,2022,False,3,155,51.7,0,1,70
Thomas Morstead,NYJ,DEN,5,2023,True,3,156,52.0,0,1,54
Riley Dixon,DEN,NYJ,5,2023,False,4,181,45.3,0,0,49
Arryn Siposs,PHI,NE,1,2023,True,4,197,49.3,0,0,54
Bryce Baringer,NE,PHI,1,2023,False,5,226,45.2,1,3,65
Jake Elliott,PHI,NYG,14,2022,True,1,35,35.0,0,0,35
Jamie Gillan,NYG,PHI,14,2022,False,5,241,48.2,0,3,52
Jack Fox,DET,CHI,14,2023,True,4,207,51.8,0,1,58
Trenton Gill,CHI,DET,14,2023,False,3,129,43.0,0,1,53
Drue Chrisman,CIN,NE,16,2022,True,3,130,43.3,0,1,51
Michael Palardy,NE,CIN,16,2022,False,6,238,39.7,0,1,52
Braden Mann,NYJ,SEA,17,2022,True,3,130,43.3,0,1,59
Michael Dickson,SEA,NYJ,17,2022,False,4,169,42.3,0,2,47
Rigoberto Sanchez,IND,JAX,18,2021,True,2,78,39.0,0,0,45
Joseph Charlton,JAX,IND,18,2021,False,3,152,50.7,1,0,57
Andy Lee,ARI,DET,15,2021,True,3,132,44.0,0,1,49
Jack Fox,DET,ARI,15,2021,False,3,133,44.3,0,1,55
Corliss Waitman,DEN,KC,17,2022,True,5,257,51.4,1,2,57
Tommy Townsend,KC,DEN,17,2022,False,5,263,52.6,0,1,60
Sam Martin,BUF,PHI,12,2023,True,4,171,42.8,0,3,54
Braden Mann,PHI,BUF,12,2023,False,5,269,53.8,0,1,59
Ryan Wright,MIN,WSH,9,2022,True,6,310,51.7,0,2,61
Tress Way,WSH,MIN,9,2022,False,5,240,48.0,1,3,57
Jordan Berry,MIN,CHI,15,2021,True,7,295,42.1,1,2,61
Pat O'Donnell,CHI,MIN,15,2021,False,3,161,53.7,0,1,72
Riley Dixon,DEN,LAC,14,2023,True,7,313,44.7,0,5,56
JK Scott,LAC,DEN,14,2023,False,5,287,57.4,1,2,83
Ryan Wright,MIN,DET,18,2023,True,4,224,56.0,0,1,58
Jack Fox,DET,MIN,18,2023,False,5,268,53.6,2,2,61
Tommy Townsend,KC,NYJ,4,2023,True,2,98,49.0,0,1,53
Thomas Morstead,NYJ,KC,4,2023,False,5,214,42.8,0,4,49
Thomas Morstead,MIA,NE,17,2022,True,4,189,47.3,0,4,51
Michael Palardy,NE,MIA,17,2022,False,5,212,42.4,2,0,58
Logan Cooke,JAX,NYJ,16,2021,True,1,59,59.0,0,0,59
Braden Mann,NYJ,JAX,16,2021,False,1,55,55.0,0,1,55
Jamie Gillan,NYG,PHI,18,2022,True,6,264,44.0,0,0,54
Brett Kern,PHI,NYG,18,2022,False,2,67,33.5,0,1,38
Jake Camarda,TB,BUF,8,2023,True,6,305,50.8,1,2,63
Sam Martin,BUF,TB,8,2023,False,4,180,45.0,1,3,48
Bryan Anger,DAL,LAC,2,2021,True,1,44,44.0,0,1,44
Braden Mann,NYJ,MIA,18,2022,True,5,241,48.2,0,4,61
Thomas Morstead,MIA,NYJ,18,2022,False,4,181,45.3,0,2,55
Bradley Pinion,TB,WSH,10,2021,True,3,124,41.3,0,2,46
Tress Way,WSH,TB,10,2021,False,2,89,44.5,0,0,45
Thomas Morstead,NYJ,NYG,8,2023,True,11,529,48.1,0,4,55
Jamie Gillan,NYG,NYJ,8,2023,False,13,549,42.2,0,5,58
JK Scott,LAC,HOU,4,2022,True,4,185,46.3,0,3,53
Cameron Johnston,HOU,LAC,4,2022,False,3,156,52.0,0,1,55
Andy Lee,ARI,SF,9,2021,True,4,207,51.8,1,1,53
Mitch Wishnowsky,SF,ARI,9,2021,False,4,163,40.8,0,2,57
Johnny Hekker,CAR,BAL,11,2022,True,6,265,44.2,0,4,53
Jordan Stout,BAL,CAR,11,2022,False,7,251,35.9,1,4,52
Tommy Townsend,KC,NE,15,2023,True,4,196,49.0,0,1,61
Bryce Baringer,NE,KC,15,2023,False,6,288,48.0,0,1,64
Jordan Stout,BAL,JAX,12,2022,True,1,53,53.0,1,0,53
Logan Cooke,JAX,BAL,12,2022,False,3,206,68.7,2,1,70
Jack Fox,DET,NYG,11,2022,True,5,241,48.2,1,1,63
Jamie Gillan,NYG,DET,11,2022,False,4,153,38.3,0,2,51
Bradley Pinion,ATL,TB,7,2023,True,3,134,44.7,0,0,48
Jake Camarda,TB,ATL,7,2023,False,3,144,48.0,0,1,52
Corey Bojorquez,CLE,CAR,1,2022,True,4,187,46.8,1,2,56
Johnny Hekker,CAR,CLE,1,2022,False,5,250,50.0,0,0,61
Braden Mann,PHI,ARI,17,2023,False,2,117,58.5,0,0,61
Arryn Siposs,PHI,LAC,9,2021,False,3,130,43.3,0,1,44
Bryan Anger,DAL,NYG,15,2021,True,4,160,40.0,0,4,50
Riley Dixon,NYG,DAL,15,2021,False,2,101,50.5,0,1,51
Logan Cooke,JAX,CIN,4,2021,True,4,183,45.8,0,3,57
Kevin Huber,CIN,JAX,4,2021,False,3,142,47.3,1,0,56
Bradley Pinion,ATL,NO,18,2023,True,5,254,50.8,1,1,66
Lou Hedley,NO,ATL,18,2023,False,4,183,45.8,0,1,50
Matt Haack,IND,NE,9,2022,True,8,348,43.5,0,2,54
Jake Bailey,NE,IND,9,2022,False,7,271,38.7,0,1,58
Logan Cooke,JAX,TEN,14,2022,True,3,133,44.3,0,1,49
Ryan Stonehouse,TEN,JAX,14,2022,False,3,150,50.0,0,0,53
Andy Lee,ARI,LAR,4,2021,True,2,88,44.0,0,0,47
Johnny Hekker,LAR,ARI,4,2021,False,1,37,37.0,0,1,37
Rigoberto Sanchez,IND,NE,10,2023,True,5,224,44.8,0,4,69
Bryce Baringer,NE,IND,10,2023,False,4,250,62.5,2,1,79
Michael Dickson,SEA,NO,5,2022,True,5,233,46.6,0,2,55
Blake Gillikin,NO,SEA,5,2022,False,4,189,47.3,2,0,62
Jake Camarda,TB,ATL,14,2023,True,6,325,54.2,0,2,63
Bradley Pinion,ATL,TB,14,2023,False,4,180,45.0,0,2,49
Braden Mann,NYJ,MIA,15,2021,True,6,279,46.5,0,3,63
Michael Palardy,MIA,NYJ,15,2021,False,3,159,53.0,0,1,56
Rigoberto Sanchez,IND,HOU,13,2021,True,3,124,41.3,0,3,43
Cameron Johnston,HOU,IND,13,2021,False,6,302,50.3,0,1,60
Kevin Huber,CIN,DAL,2,2022,True,5,236,47.2,0,1,63
Bryan Anger,DAL,CIN,2,2022,False,5,217,43.4,0,4,51
Sam Martin,BUF,DET,12,2022,True,4,197,49.3,0,2,56
Jack Fox,DET,BUF,12,2022,False,2,103,51.5,0,2,57
Jordan Stout,BAL,NE,3,2022,True,3,133,44.3,0,1,58
Jake Bailey,NE,BAL,3,2022,False,2,100,50.0,0,0,56
Ryan Stonehouse,TEN,IND,5,2023,True,1,43,43.0,0,0,43
Rigoberto Sanchez,IND,TEN,5,2023,False,1,50,50.0,0,1,50
Johnny Hekker,CAR,LAR,6,2022,True,7,362,51.7,2,3,68
Riley Dixon,LAR,CAR,6,2022,False,5,240,48.0,0,1,60
Pressley Harvin III,PIT,CIN,12,2021,True,5,190,38.0,0,2,42
Kevin Huber,CIN,PIT,12,2021,False,3,139,46.3,0,1,53
Bryan Anger,DAL,ARI,3,2023,True,2,102,51.0,0,0,52
Nolan Cooney,ARI,DAL,3,2023,False,2,94,47.0,0,0,52
Tommy Townsend,KC,GB,13,2023,True,1,57,57.0,0,0,57
Daniel Whelan,GB,KC,13,2023,False,2,76,38.0,0,2,40
Bryce Baringer,NE,DEN,16,2023,True,7,319,45.6,0,3,53
Riley Dixon,DEN,NE,16,2023,False,7,301,43.0,0,2,47
Blake Gillikin,NO,ATL,18,2021,True,2,100,50.0,0,1,52
Thomas Morstead,ATL,NO,18,2021,False,2,93,46.5,0,1,48
Blake Gillikin,ARI,CHI,16,2023,True,6,313,52.2,1,1,77
Trenton Gill,CHI,ARI,16,2023,False,5,260,52.0,1,2,76
Jake Bailey,NE,MIA,1,2022,True,3,118,39.3,0,3,48
Thomas Morstead,MIA,NE,1,2022,False,4,183,45.8,0,3,58
Lou Hedley,NO,MIN,10,2023,True,6,279,46.5,1,1,48
Ryan Wright,MIN,NO,10,2023,False,6,258,43.0,0,3,50
Brett Kern,TEN,PIT,15,2021,True,3,143,47.7,0,0,54
Pressley Harvin III,PIT,TEN,15,2021,False,5,199,39.8,0,1,51
Jamie Gillan,NYG,BUF,6,2023,True,4,202,50.5,0,2,64
Sam Martin,BUF,NYG,6,2023,False,3,127,42.3,0,1,52
Sam Martin,DEN,LV,16,2021,True,5,223,44.6,0,3,56
AJ Cole,LV,DEN,16,2021,False,2,85,42.5,0,2,47
Tress Way,WSH,NE,9,2023,True,5,239,47.8,1,4,64
Bryce Baringer,NE,WSH,9,2023,False,6,326,54.3,1,2,60
Tommy Townsend,KC,WSH,6,2021,True,2,53,26.5,0,1,34
Tress Way,WSH,KC,6,2021,False,4,232,58.0,0,2,66
Matt Haack,BUF,JAX,9,2021,True,3,148,49.3,1,0,59
Logan Cooke,JAX,BUF,9,2021,False,4,180,45.0,0,1,53
Johnny Hekker,CAR,NYG,2,2022,True,5,212,42.4,0,4,50
Jamie Gillan,NYG,CAR,2,2022,False,5,253,50.6,1,0,67
Ryan Stonehouse,TEN,BUF,2,2022,True,6,333,55.5,1,2,64
Sam Martin,BUF,TEN,2,2022,False,3,145,48.3,0,2,57
Sam Martin,DEN,CLE,7,2021,True,4,202,50.5,0,0,59
Jamie Gillan,CLE,DEN,7,2021,False,3,155,51.7,0,2,65
Kevin Huber,CIN,DEN,15,2021,True,7,368,52.6,0,3,61
Sam Martin,DEN,CIN,15,2021,False,6,309,51.5,1,2,63
Brett Kern,TEN,LAR,9,2021,True,5,217,43.4,0,3,57
Johnny Hekker,LAR,TEN,9,2021,False,4,199,49.8,1,0,57
Tommy Townsend,KC,LV,18,2022,True,4,196,49.0,0,3,61
AJ Cole,LV,KC,18,2022,False,2,122,61.0,0,1,63
Trenton Gill,CHI,NE,7,2022,True,2,81,40.5,0,1,46
Jake Bailey,NE,CHI,7,2022,False,4,160,40.0,0,0,47
Pressley Harvin III,PIT,MIA,7,2022,True,6,251,41.8,0,2,57
Thomas Morstead,MIA,PIT,7,2022,False,6,256,42.7,0,4,53
Thomas Morstead,NYJ,CLE,17,2023,True,5,213,42.6,1,3,57
Matt Haack,CLE,NYJ,17,2023,False,3,155,51.7,0,0,56
Jack Fox,DET,DEN,14,2021,True,2,106,53.0,0,0,54
Sam Martin,DEN,DET,14,2021,False,3,130,43.3,0,0,47
Corliss Waitman,DEN,BAL,13,2022,True,7,288,41.1,0,2,46
Jordan Stout,BAL,DEN,13,2022,False,6,303,50.5,0,5,63
Sam Koch,BAL,MIA,10,2021,True,8,321,40.1,0,4,53
Michael Palardy,MIA,BAL,10,2021,False,8,348,43.5,0,2,52
Sam Koch,BAL,LV,1,2021,True,4,179,44.8,0,1,49
AJ Cole,LV,BAL,1,2021,False,6,316,52.7,0,2,67
Jack Fox,DET,NYJ,15,2022,True,4,178,44.5,1,1,49
Braden Mann,NYJ,DET,15,2022,False,6,300,50.0,3,1,55
Michael Palardy,MIA,JAX,6,2021,True,4,158,39.5,1,2,59
Logan Cooke,JAX,MIA,6,2021,False,4,152,38.0,0,1,45
Jake Bailey,NE,LAC,8,2021,True,3,146,48.7,0,2,62
Ty Long,LAC,NE,8,2021,False,5,240,48.0,0,0,52
Ryan Wright,MIN,PHI,2,2023,True,3,157,52.3,0,2,57
Arryn Siposs,PHI,MIN,2,2023,False,4,150,37.5,0,2,44
Rigoberto Sanchez,IND,BAL,5,2021,True,2,90,45.0,0,1,52
Sam Koch,BAL,IND,5,2021,False,4,198,49.5,0,2,53
AJ Cole,LV,LAR,14,2022,True,3,148,49.3,0,2,64
Riley Dixon,LAR,LV,14,2022,False,3,156,52.0,1,1,65
Arryn Siposs,PHI,DET,8,2021,True,1,47,47.0,0,0,47
Jack Fox,DET,PHI,8,2021,False,3,140,46.7,0,2,58
Tress Way,WSH,IND,8,2022,True,6,294,49.0,0,4,65
Matt Haack,IND,WSH,8,2022,False,4,227,56.8,0,3,62
JK Scott,LAC,NE,13,2023,True,8,367,45.9,1,7,62
Bryce Baringer,NE,LAC,13,2023,False,7,321,45.9,0,3,70
Mitch Wishnowsky,SF,CLE,6,2023,True,6,314,52.3,0,2,60
Corey Bojorquez,CLE,SF,6,2023,False,4,218,54.5,1,3,69
Mitch Wishnowsky,SF,LAR,2,2023,True,4,197,49.3,1,2,67
Ethan Evans,LAR,SF,2,2023,False,2,108,54.0,0,1,72
Jordan Berry,MIN,CIN,1,2021,True,8,402,50.3,0,1,63
Kevin Huber,CIN,MIN,1,2021,False,7,332,47.4,1,3,61
Logan Cooke,JAX,LAR,13,2021,True,5,247,49.4,0,5,68
Johnny Hekker,LAR,JAX,13,2021,False,3,150,50.0,0,1,58
JK Scott,LAC,NYJ,9,2023,True,8,364,45.5,1,1,54
Thomas Morstead,NYJ,LAC,9,2023,False,7,352,50.3,0,2,59
Riley Dixon,LAR,ARI,3,2022,True,3,135,45.0,0,0,51
Andy Lee,ARI,LAR,3,2022,False,4,160,40.0,0,0,54
AJ Cole,LV,DAL,12,2021,True,5,243,48.6,0,4,68
Bryan Anger,DAL,LV,12,2021,False,7,385,55.0,0,2,60
Riley Dixon,DEN,DET,15,2023,True,5,259,51.8,1,2,56
Jack Fox,DET,DEN,15,2023,False,4,141,35.3,1,1,48
Jake Bailey,MIA,BUF,4,2023,True,3,138,46.0,0,0,47
Sam Martin,BUF,MIA,4,2023,False,2,93,46.5,0,1,53
Tress Way,WSH,LV,13,2021,True,4,197,49.3,1,3,54
AJ Cole,LV,WSH,13,2021,False,4,202,50.5,0,2,67
Daniel Whelan,GB,DET,12,2023,True,4,152,38.0,0,4,46
Jack Fox,DET,GB,12,2023,False,2,83,41.5,0,1,45
Pat O'Donnell,GB,CHI,13,2022,True,3,134,44.7,0,0,52
Trenton Gill,CHI,GB,13,2022,False,1,39,39.0,0,0,39
Matt Haack,IND,LV,10,2022,True,3,143,47.7,0,1,53
AJ Cole,LV,IND,10,2022,False,5,294,58.8,0,3,67
Cameron Johnston,HOU,IND,18,2022,True,4,170,42.5,0,3,51
Matt Haack,IND,HOU,18,2022,False,2,117,58.5,0,1,60
Thomas Morstead,NYJ,DAL,2,2023,True,5,241,48.2,0,1,58
Bryan Anger,DAL,NYJ,2,2023,False,3,155,51.7,0,1,55
Arryn Siposs,PHI,ATL,1,2021,True,4,189,47.3,0,3,54
Cameron Nizialek,ATL,PHI,1,2021,False,6,279,46.5,0,2,62
Ryan Wright,MIN,LV,14,2023,True,8,383,47.9,0,4,59
Greg Joseph,MIN,LV,14,2023,True,1,14,14.0,0,0,14
AJ Cole,LV,MIN,14,2023,False,8,433,54.1,2,2,83
Bryan Anger,DAL,WSH,14,2021,True,6,268,44.7,1,1,59
Tress Way,WSH,DAL,14,2021,False,7,356,50.9,1,3,59
Jordan Stout,BAL,JAX,15,2023,True,3,129,43.0,0,2,51
Logan Cooke,JAX,BAL,15,2023,False,3,148,49.3,0,1,60
Corey Bojorquez,CLE,HOU,13,2022,True,6,311,51.8,0,4,67
Cameron Johnston,HOU,CLE,13,2022,False,7,354,50.6,1,2,64
Brad Robbins,CIN,PIT,16,2023,True,3,132,44.0,0,2,51
Pressley Harvin III,PIT,CIN,16,2023,False,5,194,38.8,0,1,42
Bradley Pinion,ATL,TB,5,2022,True,6,290,48.3,0,3,62
Jake Camarda,TB,ATL,5,2022,False,4,197,49.3,1,0,65
Jamie Gillan,NYG,MIN,16,2022,True,3,129,43.0,0,3,61
Ryan Wright,MIN,NYG,16,2022,False,5,241,48.2,1,1,57
Jamie Gillan,NYG,ARI,2,2023,True,3,111,37.0,0,1,42
Nolan Cooney,ARI,NYG,2,2023,False,3,146,48.7,1,0,54
Corey Bojorquez,CLE,BAL,10,2023,True,2,89,44.5,0,0,46
Jordan Stout,BAL,CLE,10,2023,False,3,161,53.7,2,1,59
Kevin Huber,CIN,DET,6,2021,True,3,163,54.3,0,1,58
Jack Fox,DET,CIN,6,2021,False,6,333,55.5,1,1,64
Riley Dixon,DEN,KC,6,2023,True,5,224,44.8,0,1,52
Tommy Townsend,KC,DEN,6,2023,False,3,144,48.0,0,1,62
Tress Way,WSH,DAL,4,2022,True,6,270,45.0,0,5,52
Bryan Anger,DAL,WSH,4,2022,False,6,256,42.7,0,2,58
Lachlan Edwards,CAR,NO,17,2021,True,5,235,47.0,0,1,62
Blake Gillikin,NO,CAR,17,2021,False,5,215,43.0,1,3,63
Riley Dixon,LAR,GB,15,2022,True,4,151,37.8,0,1,47
Pat O'Donnell,GB,LAR,15,2022,False,1,37,37.0,0,1,37
Lachlan Edwards,CAR,TB,18,2021,True,2,85,42.5,0,2,50
Bradley Pinion,TB,CAR,18,2021,False,3,133,44.3,0,0,46
Johnny Hekker,CAR,ATL,8,2022,True,3,141,47.0,0,1,52
Bradley Pinion,ATL,CAR,8,2022,False,4,210,52.5,0,1,60
Riley Dixon,DEN,CHI,4,2023,True,4,163,40.8,0,2,45
Trenton Gill,CHI,DEN,4,2023,False,2,90,45.0,0,1,56
Drue Chrisman,CIN,TB,15,2022,True,4,180,45.0,0,2,53
Jake Camarda,TB,CIN,15,2022,False,1,51,51.0,0,0,51
Jake Bailey,NE,HOU,5,2021,True,1,58,58.0,0,0,58
Cameron Johnston,HOU,NE,5,2021,False,3,99,33.0,0,1,54
Riley Dixon,LAR,SEA,18,2022,True,6,286,47.7,2,3,67
Michael Dickson,SEA,LAR,18,2022,False,5,233,46.6,0,1,54
Johnny Hekker,CAR,JAX,17,2023,True,6,297,49.5,1,1,52
Logan Cooke,JAX,CAR,17,2023,False,3,140,46.7,0,1,53
Ryan Stonehouse,TEN,NO,1,2023,True,3,107,35.7,0,1,62
Lou Hedley,NO,TEN,1,2023,False,5,241,48.2,0,1,52
AJ Cole,LV,SEA,12,2022,True,2,91,45.5,0,1,50
Michael Dickson,SEA,LV,12,2022,False,4,191,47.8,0,2,61
Trenton Gill,CHI,DET,11,2023,True,2,91,45.5,1,0,47
Jack Fox,DET,CHI,11,2023,False,2,97,48.5,0,2,60
Corey Bojorquez,GB,ARI,8,2021,True,3,154,51.3,0,2,58
Andy Lee,ARI,GB,8,2021,False,3,166,55.3,0,1,62
Michael Dickson,SEA,SF,14,2023,True,6,311,51.8,1,3,62
Mitch Wishnowsky,SF,SEA,14,2023,False,5,246,49.2,1,2,56
Corey Bojorquez,CLE,PIT,2,2023,True,5,238,47.6,1,1,54
Pressley Harvin III,PIT,CLE,2,2023,False,7,320,45.7,2,4,61
Sam Koch,BAL,DET,3,2021,True,3,137,45.7,0,2,54
Jack Fox,DET,BAL,3,2021,False,6,273,45.5,0,2,59
Trenton Gill,CHI,TB,2,2023,True,5,232,46.4,0,1,55
Jake Camarda,TB,CHI,2,2023,False,4,211,52.8,1,3,72
Michael Dickson,SEA,SF,4,2021,True,8,405,50.6,2,2,62
Mitch Wishnowsky,SF,SEA,4,2021,False,6,262,43.7,1,3,54
Kevin Huber,CIN,BAL,5,2022,True,4,154,38.5,0,0,51
Jordan Stout,BAL,CIN,5,2022,False,2,79,39.5,0,2,41
Corey Bojorquez,GB,KC,9,2021,True,4,217,54.3,1,1,63
Tommy Townsend,KC,GB,9,2021,False,6,341,56.8,0,5,64
Mitch Wishnowsky,SF,JAX,11,2021,True,2,88,44.0,0,0,45
Logan Cooke,JAX,SF,11,2021,False,4,193,48.3,0,2,52
Logan Cooke,JAX,CLE,14,2023,True,7,321,45.9,0,2,57
Corey Bojorquez,CLE,JAX,14,2023,False,8,412,51.5,1,3,72
Kevin Huber,CIN,CLE,8,2022,True,4,147,36.8,0,1,51
Corey Bojorquez,CLE,CIN,8,2022,False,2,67,33.5,0,0,57
Blake Gillikin,NO,SF,12,2022,True,4,183,45.8,1,2,57
Mitch Wishnowsky,SF,NO,12,2022,False,4,175,43.8,0,2,45
Blake Gillikin,NO,NYJ,14,2021,True,5,258,51.6,0,1,62
Braden Mann,NYJ,NO,14,2021,False,6,313,52.2,0,1,60
Riley Dixon,NYG,WSH,2,2021,True,3,123,41.0,0,2,53
Tress Way,WSH,NYG,2,2021,False,4,200,50.0,0,0,55
Michael Dickson,SEA,BAL,9,2023,True,7,320,45.7,0,3,60
Jordan Stout,BAL,SEA,9,2023,False,2,113,56.5,0,0,66
Michael Dickson,SEA,ARI,18,2023,True,5,258,51.6,0,2,62
Blake Gillikin,ARI,SEA,18,2023,False,3,152,50.7,0,2,61
Bradley Pinion,TB,NO,8,2021,True,3,126,42.0,0,2,54
Blake Gillikin,NO,TB,8,2021,False,3,158,52.7,0,1,63
Bryan Anger,DAL,KC,11,2021,True,6,280,46.7,0,3,53
Tommy Townsend,KC,DAL,11,2021,False,3,166,55.3,1,1,68
Harrison Butker,KC,DAL,11,2021,False,1,31,31.0,0,1,31
Pressley Harvin III,PIT,BUF,5,2022,True,4,163,40.8,0,1,69
Sam Martin,BUF,PIT,5,2022,False,2,110,55.0,2,0,61
Jake Bailey,MIA,NE,2,2023,True,3,144,48.0,0,0,55
Bryce Baringer,NE,MIA,2,2023,False,4,192,48.0,0,3,58
Lou Hedley,NO,CAR,2,2023,True,5,210,42.0,1,2,49
Johnny Hekker,CAR,NO,2,2023,False,5,239,47.8,0,2,54
Bradley Pinion,ATL,NYJ,13,2023,True,9,433,48.1,0,4,59
Thomas Morstead,NYJ,ATL,13,2023,False,7,339,48.4,0,3,58
Braden Mann,NYJ,GB,6,2022,True,6,268,44.7,0,0,61
Pat O'Donnell,GB,NYJ,6,2022,False,5,244,48.8,0,2,62
Mitch Wishnowsky,SF,SEA,13,2021,True,3,137,45.7,0,0,60
Michael Dickson,SEA,SF,13,2021,False,4,205,51.3,0,2,65
Tress Way,WSH,ATL,6,2023,True,6,260,43.3,0,3,51
Bradley Pinion,ATL,WSH,6,2023,False,3,140,46.7,0,2,52
Jack Fox,DET,DAL,7,2022,True,3,144,48.0,1,0,54
Bryan Anger,DAL,DET,7,2022,False,5,243,48.6,1,0,56
Tress Way,WSH,PHI,10,2022,True,2,87,43.5,0,1,50
Arryn Siposs,PHI,WSH,10,2022,False,3,141,47.0,0,0,53
Cameron Johnston,HOU,MIA,12,2022,True,7,350,50.0,0,2,56
Thomas Morstead,MIA,HOU,12,2022,False,6,296,49.3,1,0,55
Riley Dixon,NYG,PHI,16,2021,True,8,294,36.8,1,3,48
Arryn Siposs,PHI,NYG,16,2021,False,4,170,42.5,0,0,51
Kevin Huber,CIN,NO,6,2022,True,3,131,43.7,0,1,50
Blake Gillikin,NO,CIN,6,2022,False,3,149,49.7,0,0,61
Ty Long,LAC,LV,18,2021,True,3,162,54.0,0,0,56
AJ Cole,LV,LAC,18,2021,False,4,181,45.3,0,2,54
Johnny Hekker,CAR,ATL,1,2023,True,5,266,53.2,0,1,69
Bradley Pinion,ATL,CAR,1,2023,False,7,337,48.1,0,3,60
Tommy Townsend,KC,LV,10,2021,True,1,42,42.0,0,0,42
AJ Cole,LV,KC,10,2021,False,5,250,50.0,1,1,63
Andy Lee,ARI,CHI,13,2021,True,2,99,49.5,0,1,58
Pat O'Donnell,CHI,ARI,13,2021,False,2,91,45.5,0,1,53
Blake Gillikin,ARI,LAR,6,2023,True,3,134,44.7,0,1,48
Ethan Evans,LAR,ARI,6,2023,False,4,186,46.5,1,1,52
Riley Dixon,NYG,LAC,14,2021,True,5,228,45.6,1,1,63
Ty Long,LAC,NYG,14,2021,False,3,78,26.0,0,0,38
Blake Gillikin,NO,ARI,7,2022,True,2,94,47.0,0,2,58
Andy Lee,ARI,NO,7,2022,False,4,177,44.3,1,0,56
Mitch Wishnowsky,SF,ARI,15,2023,True,2,96,48.0,0,1,56
Blake Gillikin,ARI,SF,15,2023,False,2,112,56.0,0,1,62
Sam Martin,DEN,PIT,5,2021,True,4,176,44.0,0,4,52
Pressley Harvin III,PIT,DEN,5,2021,False,2,119,59.5,0,0,63
Sam Martin,BUF,MIA,3,2022,True,1,31,31.0,0,1,31
Thomas Morstead,MIA,BUF,3,2022,False,5,218,43.6,0,2,60
Michael Dickson,SEA,LAR,11,2023,True,4,202,50.5,0,2,62
Ethan Evans,LAR,SEA,11,2023,False,5,263,52.6,0,1,65
Logan Cooke,JAX,HOU,12,2023,True,2,77,38.5,0,2,42
Cameron Johnston,HOU,JAX,12,2023,False,4,192,48.0,0,2,53
Jack Fox,DET,GB,18,2022,True,4,188,47.0,0,0,57
Pat O'Donnell,GB,DET,18,2022,False,1,37,37.0,0,0,37
Ryan Stonehouse,TEN,CLE,3,2023,True,7,374,53.4,2,4,74
Corey Bojorquez,CLE,TEN,3,2023,False,3,139,46.3,0,2,53
Jake Bailey,MIA,LAC,1,2023,True,1,38,38.0,0,0,38
JK Scott,LAC,MIA,1,2023,False,3,145,48.3,1,0,62
Sam Martin,BUF,NE,7,2023,True,1,55,55.0,0,0,55
Bryce Baringer,NE,BUF,7,2023,False,2,110,55.0,0,2,64
Bradley Pinion,ATL,TEN,8,2023,True,6,305,50.8,0,1,60
Ryan Stonehouse,TEN,ATL,8,2023,False,8,420,52.5,2,6,72
Logan Cooke,JAX,DET,13,2022,True,3,137,45.7,0,1,54
Tress Way,WSH,NYG,18,2021,True,6,245,40.8,3,2,56
Riley Dixon,NYG,WSH,18,2021,False,6,306,51.0,0,1,56
Daniel Whelan,GB,CHI,1,2023,True,5,249,49.8,2,1,68
Trenton Gill,CHI,GB,1,2023,False,4,212,53.0,0,1,54
Sam Martin,DEN,DAL,9,2021,True,3,94,31.3,0,0,51
Bryan Anger,DAL,DEN,9,2021,False,4,194,48.5,2,1,55
Michael Dickson,SEA,IND,1,2021,True,5,185,37.0,0,4,49
Rigoberto Sanchez,IND,SEA,1,2021,False,4,187,46.8,0,1,52
Jake Bailey,NE,PIT,2,2022,True,4,166,41.5,2,1,58
Pressley Harvin III,PIT,NE,2,2022,False,4,206,51.5,1,0,69
Pressley Harvin III,PIT,MIN,14,2021,True,6,258,43.0,0,1,49
Jordan Berry,MIN,PIT,14,2021,False,3,146,48.7,0,1,51
Bradley Pinion,ATL,NO,15,2022,True,5,208,41.6,0,3,46
Blake Gillikin,NO,ATL,15,2022,False,4,181,45.3,0,1,53
Michael Palardy,MIA,TEN,17,2021,True,4,147,36.8,0,1,42
Brett Kern,TEN,MIA,17,2021,False,4,177,44.3,0,3,52
Mitch Wishnowsky,SF,CAR,5,2022,True,2,75,37.5,0,2,38
Johnny Hekker,CAR,SF,5,2022,False,3,154,51.3,0,2,67
Michael Dickson,SEA,CIN,6,2023,True,3,115,38.3,0,2,43
Brad Robbins,CIN,SEA,6,2023,False,6,274,45.7,0,1,55
Braden Mann,NYJ,BUF,14,2022,True,7,311,44.4,1,2,51
Sam Martin,BUF,NYJ,14,2022,False,7,347,49.6,1,2,67
AJ Cole,LV,DEN,6,2021,True,4,228,57.0,2,2,71
Sam Martin,DEN,LV,6,2021,False,4,164,41.0,0,2,47
Jamie Gillan,NYG,WSH,15,2022,True,5,213,42.6,0,3,56
Tress Way,WSH,NYG,15,2022,False,4,177,44.3,0,2,65
Pressley Harvin III,PIT,CLE,8,2021,True,4,176,44.0,0,1,56
Jamie Gillan,CLE,PIT,8,2021,False,4,197,49.3,0,1,56
JK Scott,LAC,KC,2,2022,True,6,243,40.5,0,3,53
Tommy Townsend,KC,LAC,2,2022,False,6,333,55.5,1,3,74
Cameron Johnston,HOU,CAR,8,2023,True,6,287,47.8,0,4,74
Johnny Hekker,CAR,HOU,8,2023,False,4,203,50.8,0,1,63
Corliss Waitman,DEN,JAX,8,2022,True,6,306,51.0,0,1,54
Logan Cooke,JAX,DEN,8,2022,False,6,287,47.8,1,4,63
Bryce Baringer,NE,BUF,17,2023,True,4,176,44.0,0,1,57
Sam Martin,BUF,NE,17,2023,False,6,289,48.2,0,6,53
Bryan Anger,DAL,JAX,15,2022,True,4,185,46.3,0,2,52
Logan Cooke,JAX,DAL,15,2022,False,3,160,53.3,0,0,61
Jamie Gillan,CLE,LAC,5,2021,True,3,134,44.7,1,0,53
Ty Long,LAC,CLE,5,2021,False,3,159,53.0,0,1,63
Lou Hedley,NO,LAR,16,2023,True,2,71,35.5,0,1,39
Ethan Evans,LAR,NO,16,2023,False,2,46,23.0,0,0,38
Corey Bojorquez,CLE,BUF,11,2022,True,3,127,42.3,0,0,55
Sam Martin,BUF,CLE,11,2022,False,2,99,49.5,0,1,52
Ryan Wright,MIN,GB,8,2023,True,2,87,43.5,0,1,47
Daniel Whelan,GB,MIN,8,2023,False,4,207,51.8,0,0,59
Jack Fox,DET,CAR,16,2022,True,4,206,51.5,0,2,54
Johnny Hekker,CAR,DET,16,2022,False,3,117,39.0,1,2,52
Braden Mann,PHI,KC,11,2023,True,7,334,47.7,0,1,63
Tommy Townsend,KC,PHI,11,2023,False,6,256,42.7,1,0,55
Braden Mann,NYJ,NE,11,2022,True,10,458,45.8,0,2,57
Michael Palardy,NE,NYJ,11,2022,False,7,317,45.3,1,2,52
Thomas Morstead,MIA,BUF,15,2022,True,4,167,41.8,0,3,59
Sam Martin,BUF,MIA,15,2022,False,5,215,43.0,0,2,49
Riley Dixon,NYG,NO,4,2021,True,4,157,39.3,0,1,51
Blake Gillikin,NO,NYG,4,2021,False,3,132,44.0,0,2,55
Bradley Pinion,ATL,CIN,7,2022,True,6,282,47.0,0,1,52
Kevin Huber,CIN,ATL,7,2022,False,2,93,46.5,0,0,56
Johnny Hekker,CAR,TEN,12,2023,True,6,282,47.0,1,2,58
Ryan Stonehouse,TEN,CAR,12,2023,False,7,376,53.7,2,5,71
Ryan Stonehouse,TEN,IND,4,2022,True,4,211,52.8,0,0,57
Matt Haack,IND,TEN,4,2022,False,2,67,33.5,0,0,48
Arryn Siposs,PHI,DET,1,2022,True,3,137,45.7,0,0,48
Jack Fox,DET,PHI,1,2022,False,4,185,46.3,0,2,54
Matt Haack,IND,JAX,2,2022,True,5,227,45.4,0,3,53
Logan Cooke,JAX,IND,2,2022,False,5,228,45.6,1,1,55
Logan Cooke,JAX,IND,6,2022,True,3,151,50.3,0,1,61
Matt Haack,IND,JAX,6,2022,False,3,110,36.7,0,2,45
Corliss Waitman,DEN,TEN,10,2022,True,9,411,45.7,1,0,58
Ryan Stonehouse,TEN,DEN,10,2022,False,8,432,54.0,2,3,74
Logan Cooke,JAX,WSH,1,2022,True,3,150,50.0,0,1,61
Tress Way,WSH,JAX,1,2022,False,3,147,49.0,1,0,57
Pressley Harvin III,PIT,ATL,13,2022,True,2,85,42.5,0,1,47
Bradley Pinion,ATL,PIT,13,2022,False,3,137,45.7,0,3,54
Ethan Evans,LAR,GB,9,2023,True,5,224,44.8,0,2,65
Daniel Whelan,GB,LAR,9,2023,False,4,174,43.5,0,1,52
Michael Palardy,MIA,LV,3,2021,True,4,155,38.8,0,3,50
AJ Cole,LV,MIA,3,2021,False,4,216,54.0,0,2,67
Tress Way,WSH,LAR,15,2023,True,5,203,40.6,0,2,50
Ethan Evans,LAR,WSH,15,2023,False,3,134,44.7,0,1,54
Tommy Townsend,KC,DEN,8,2023,True,2,82,41.0,0,1,49
Riley Dixon,DEN,KC,8,2023,False,4,166,41.5,0,1,46
Michael Dickson,SEA,ARI,9,2022,True,3,160,53.3,0,1,57
Andy Lee,ARI,SEA,9,2022,False,6,288,48.0,0,1,65
Blake Gillikin,NO,TEN,10,2021,True,5,202,40.4,1,1,43
Brett Kern,TEN,NO,10,2021,False,5,205,41.0,0,1,46
Dustin Colquitt,ATL,DAL,10,2021,True,4,231,57.8,1,1,66
Bryan Anger,DAL,ATL,10,2021,False,4,190,47.5,0,0,60
Robbie Gould,SF,LAR,18,2021,True,2,90,45.0,0,1,47
Mitch Wishnowsky,SF,LAR,18,2021,True,2,85,42.5,0,0,43
Johnny Hekker,LAR,SF,18,2021,False,4,198,49.5,0,2,59
Arryn Siposs,PHI,WSH,17,2021,True,2,74,37.0,0,2,39
Ryan Winslow,WSH,PHI,17,2021,False,2,84,42.0,0,0,46
Jamie Gillan,NYG,SEA,8,2022,True,6,322,53.7,1,2,69
Michael Dickson,SEA,NYG,8,2022,False,6,291,48.5,1,1,57
Michael Dickson,SEA,ARI,18,2021,True,2,78,39.0,0,2,41
Andy Lee,ARI,SEA,18,2021,False,3,154,51.3,0,0,57
Tress Way,WSH,PHI,4,2023,True,5,213,42.6,0,0,54
Braden Mann,PHI,WSH,4,2023,False,3,129,43.0,0,1,48
Johnny Hekker,CAR,TB,13,2023,True,8,367,45.9,0,1,57
Jake Camarda,TB,CAR,13,2023,False,8,369,46.1,1,1,61
Matt Haack,BUF,NYJ,10,2021,True,2,78,39.0,0,1,41
Braden Mann,NYJ,BUF,10,2021,False,3,135,45.0,0,1,46
Jordan Stout,BAL,TEN,6,2023,True,3,146,48.7,0,2,56
Ryan Stonehouse,TEN,BAL,6,2023,False,5,263,52.6,0,2,57
Cameron Johnston,HOU,JAX,5,2022,True,6,293,48.8,1,3,58
Logan Cooke,JAX,HOU,5,2022,False,3,159,53.0,0,1,62
Pressley Harvin III,PIT,BUF,1,2021,True,5,207,41.4,0,2,51
Matt Haack,BUF,PIT,1,2021,False,3,137,45.7,1,2,55
Jordan Berry,MIN,BAL,9,2021,True,5,242,48.4,1,2,54
Sam Koch,BAL,MIN,9,2021,False,3,125,41.7,0,1,51
Thomas Morstead,ATL,CAR,14,2021,True,2,110,55.0,0,1,64
Lachlan Edwards,CAR,ATL,14,2021,False,2,87,43.5,0,1,54
Dustin Colquitt,CLE,PIT,17,2021,True,8,342,42.8,1,2,55
Corliss Waitman,PIT,CLE,17,2021,False,5,244,48.8,0,1,53
Tress Way,WSH,ATL,4,2021,True,2,84,42.0,0,1,45
Cameron Nizialek,ATL,WSH,4,2021,False,2,97,48.5,0,0,51
Younghoe Koo,ATL,WSH,4,2021,False,2,70,35.0,0,0,45
Logan Cooke,JAX,PIT,8,2023,True,3,131,43.7,1,2,54
Pressley Harvin III,PIT,JAX,8,2023,False,6,257,42.8,0,0,52
Bradley Pinion,ATL,BAL,16,2022,True,3,112,37.3,0,0,41
Jordan Stout,BAL,ATL,16,2022,False,3,115,38.3,0,1,41
Tommy Townsend,KC,HOU,15,2022,True,4,193,48.3,0,2,57
Cameron Johnston,HOU,KC,15,2022,False,5,234,46.8,0,2,52
Cameron Johnston,HOU,LAC,16,2021,False,1,53,53.0,0,0,53
Johnny Hekker,LAR,HOU,8,2021,True,4,178,44.5,0,1,49
Cameron Johnston,HOU,LAR,8,2021,False,7,364,52.0,0,2,63
Trenton Gill,CHI,MIN,12,2023,True,3,137,45.7,1,1,56
Ryan Wright,MIN,CHI,12,2023,False,3,116,38.7,0,1,47
Sam Martin,DEN,JAX,2,2021,True,4,180,45.0,0,4,48
Logan Cooke,JAX,DEN,2,2021,False,4,227,56.8,0,1,64
Pressley Harvin III,PIT,CAR,15,2022,True,3,136,45.3,1,0,54
Johnny Hekker,CAR,PIT,15,2022,False,4,194,48.5,0,1,63
Corliss Waitman,PIT,KC,16,2021,True,2,121,60.5,1,0,63
Johnny Townsend,KC,PIT,16,2021,False,2,91,45.5,0,0,50
Tress Way,WSH,DEN,2,2023,True,3,168,56.0,0,2,66
Riley Dixon,DEN,WSH,2,2023,False,3,134,44.7,0,0,46
Ethan Evans,LAR,SF,18,2023,True,2,96,48.0,0,1,51
Mitch Wishnowsky,SF,LAR,18,2023,False,3,144,48.0,0,1,61
Michael Palardy,MIA,NYJ,11,2021,True,4,191,47.8,0,1,57
Braden Mann,NYJ,MIA,11,2021,False,4,152,38.0,0,3,43
Bradley Pinion,TB,NE,4,2021,True,4,170,42.5,1,0,55
Jake Bailey,NE,TB,4,2021,False,4,188,47.0,0,2,58
Jake Bailey,NE,NYJ,2,2021,True,5,219,43.8,0,4,60
Thomas Morstead,NYJ,NE,2,2021,False,1,45,45.0,0,0,45
Mitch Wishnowsky,SF,SEA,12,2023,True,5,199,39.8,0,3,51
Michael Dickson,SEA,SF,12,2023,False,5,231,46.2,0,1,59
Kevin Huber,CIN,PIT,3,2021,True,5,241,48.2,0,3,54
Pressley Harvin III,PIT,CIN,3,2021,False,4,162,40.5,0,1,50
Tress Way,WSH,NYJ,16,2023,True,7,294,42.0,0,3,49
Thomas Morstead,NYJ,WSH,16,2023,False,6,292,48.7,1,2,54
Rigoberto Sanchez,IND,HOU,2,2023,True,5,220,44.0,0,2,51
Ty Zentner,HOU,IND,2,2023,False,3,127,42.3,1,0,51
Mitch Wishnowsky,SF,CHI,1,2022,True,4,161,40.3,0,3,51
Trenton Gill,CHI,SF,1,2022,False,6,277,46.2,1,1,58
Jake Camarda,TB,CAR,18,2023,True,6,330,55.0,2,0,74
Johnny Hekker,CAR,TB,18,2023,False,6,246,41.0,0,1,44
Thomas Morstead,NYJ,MIA,15,2023,True,5,267,53.4,0,0,59
Jake Bailey,MIA,NYJ,15,2023,False,4,143,35.8,0,3,42
Cameron Johnston,HOU,NYJ,14,2023,True,8,405,50.6,0,2,65
Thomas Morstead,NYJ,HOU,14,2023,False,5,238,47.6,1,3,61
Bryce Baringer,NE,MIA,8,2023,True,5,265,53.0,1,2,63
Jake Bailey,MIA,NE,8,2023,False,3,146,48.7,1,2,63
Jordan Stout,BAL,CIN,18,2022,True,3,137,45.7,0,1,54
Drue Chrisman,CIN,BAL,18,2022,False,7,362,51.7,2,3,62
Riley Dixon,LAR,KC,12,2022,True,4,180,45.0,0,2,49
Tommy Townsend,KC,LAR,12,2022,False,1,49,49.0,0,1,49
Jordan Stout,BAL,NO,9,2022,True,4,193,48.3,0,2,67
Blake Gillikin,NO,BAL,9,2022,False,5,232,46.4,0,2,53
Johnny Hekker,LAR,NYG,6,2021,True,4,160,40.0,0,4,52
Riley Dixon,NYG,LAR,6,2021,False,4,210,52.5,0,0,63
Riley Dixon,NYG,CHI,17,2021,True,4,156,39.0,0,1,46
Pat O'Donnell,CHI,NYG,17,2021,False,5,227,45.4,1,1,56
Corey Bojorquez,CLE,MIA,10,2022,True,1,41,41.0,0,0,41
Trenton Gill,CHI,WSH,5,2023,True,3,131,43.7,0,1,47
Tress Way,WSH,CHI,5,2023,False,2,103,51.5,0,0,52
Corey Bojorquez,GB,BAL,15,2021,True,3,146,48.7,1,0,59
Sam Koch,BAL,GB,15,2021,False,1,42,42.0,0,0,42
Braden Mann,NYJ,CLE,2,2022,True,4,189,47.3,0,2,50
Corey Bojorquez,CLE,NYJ,2,2022,False,3,156,52.0,0,2,63
Lou Hedley,NO,TB,17,2023,True,6,268,44.7,0,3,51
Jake Camarda,TB,NO,17,2023,False,5,207,41.4,0,1,51
Matt Haack,IND,TEN,7,2022,True,5,176,35.2,1,0,60
Ryan Stonehouse,TEN,IND,7,2022,False,3,164,54.7,0,0,58
Tommy Townsend,KC,TB,4,2022,True,1,43,43.0,0,0,43
Jake Camarda,TB,KC,4,2022,False,3,125,41.7,0,1,49
Sam Martin,BUF,CIN,9,2023,True,3,127,42.3,0,0,45
Brad Robbins,CIN,BUF,9,2023,False,3,118,39.3,0,3,49
Blake Gillikin,NO,SEA,7,2021,True,6,285,47.5,0,4,58
Michael Dickson,SEA,NO,7,2021,False,5,242,48.4,1,3,65
Jack Fox,DET,DAL,17,2023,True,4,195,48.8,1,2,70
Bryan Anger,DAL,DET,17,2023,False,4,181,45.3,0,1,50
Braden Mann,NYJ,PIT,4,2022,True,5,235,47.0,0,2,59
Pressley Harvin III,PIT,NYJ,4,2022,False,4,158,39.5,0,2,51
Pat O'Donnell,CHI,SF,8,2021,False,2,85,42.5,0,0,44
Pressley Harvin III,PIT,LAC,11,2021,True,1,46,46.0,0,0,46
Ethan Evans,LAR,BAL,14,2023,True,6,311,51.8,1,1,59
Jordan Stout,BAL,LAR,14,2023,False,4,191,47.8,0,2,51
Pat O'Donnell,CHI,PIT,9,2021,True,5,234,46.8,0,2,57
Pressley Harvin III,PIT,CHI,9,2021,False,5,196,39.2,1,2,46
Bradley Pinion,TB,IND,12,2021,True,4,164,41.0,0,1,55
Rigoberto Sanchez,IND,TB,12,2021,False,3,134,44.7,0,2,47
Jack Fox,DET,LAR,7,2021,True,1,36,36.0,0,0,36
Johnny Hekker,LAR,DET,7,2021,False,1,41,41.0,0,0,41
JK Scott,LAC,KC,7,2023,True,5,261,52.2,0,4,65
Tommy Townsend,KC,LAC,7,2023,False,3,137,45.7,0,0,48
Bryce Baringer,NE,PIT,14,2023,True,9,395,43.9,2,3,66
Pressley Harvin III,PIT,NE,14,2023,False,6,267,44.5,1,1,53
Daniel Whelan,GB,PIT,10,2023,True,4,179,44.8,0,1,53
Pressley Harvin III,PIT,GB,10,2023,False,5,224,44.8,0,3,56
Jack Fox,DET,NE,5,2022,True,2,88,44.0,0,1,56
Jake Bailey,NE,DET,5,2022,False,2,101,50.5,0,0,61
Ryan Stonehouse,TEN,JAX,18,2022,True,3,166,55.3,0,0,60
Logan Cooke,JAX,TEN,18,2022,False,4,204,51.0,0,4,56
Pressley Harvin III,PIT,BAL,18,2023,True,6,250,41.7,1,2,53
Jordan Stout,BAL,PIT,18,2023,False,7,377,53.9,1,1,66
Ryan Winslow,CAR,NYG,7,2021,True,7,258,36.9,0,0,46
Riley Dixon,NYG,CAR,7,2021,False,5,229,45.8,1,1,51
Jordan Berry,MIN,CAR,6,2021,True,4,188,47.0,0,2,54
Ryan Winslow,CAR,MIN,6,2021,False,6,244,40.7,0,3,44
Lachlan Edwards,CAR,BUF,15,2021,True,4,182,45.5,0,1,54
Matt Haack,BUF,CAR,15,2021,False,5,188,37.6,0,1,43
Pressley Harvin III,PIT,CIN,1,2022,True,8,388,48.5,1,1,60
Kevin Huber,CIN,PIT,1,2022,False,3,158,52.7,1,1,58
Matt Haack,BUF,MIA,2,2021,True,4,184,46.0,1,0,54
Michael Palardy,MIA,BUF,2,2021,False,5,222,44.4,0,1,61
Jake Bailey,MIA,KC,9,2023,True,7,316,45.1,0,4,52
Tommy Townsend,KC,MIA,9,2023,False,6,302,50.3,1,2,68
JK Scott,LAC,LV,15,2023,True,5,246,49.2,0,2,60
AJ Cole,LV,LAC,15,2023,False,6,310,51.7,0,2,68
Thomas Morstead,NYJ,BUF,11,2023,True,6,297,49.5,1,1,56
Sam Martin,BUF,NYJ,11,2023,False,3,104,34.7,0,1,39
Sam Martin,BUF,MIA,18,2023,True,1,41,41.0,0,1,41
Jake Bailey,MIA,BUF,18,2023,False,5,239,47.8,0,1,58
Corey Bojorquez,GB,WSH,7,2021,False,3,139,46.3,0,1,53
Trenton Gill,CHI,DET,17,2022,True,7,321,45.9,0,3,56
Jack Fox,DET,CHI,17,2022,False,3,150,50.0,0,1,60
Michael Palardy,NE,BUF,18,2022,True,4,161,40.3,0,1,49
Sam Martin,BUF,NE,18,2022,False,3,125,41.7,0,1,45
Michael Dickson,SEA,KC,16,2022,True,5,238,47.6,0,1,56
Tommy Townsend,KC,SEA,16,2022,False,6,246,41.0,0,3,56
Bradley Pinion,TB,PHI,6,2021,True,3,127,42.3,0,2,44
Arryn Siposs,PHI,TB,6,2021,False,5,220,44.0,0,0,55
Michael Dickson,SEA,PIT,6,2021,True,8,364,45.5,2,1,65
Pressley Harvin III,PIT,SEA,6,2021,False,7,335,47.9,1,4,58
Tress Way,WSH,NYG,13,2022,True,6,265,44.2,0,4,53
Jamie Gillan,NYG,WSH,13,2022,False,7,324,46.3,0,3,59
Bryce Baringer,NE,DAL,4,2023,True,5,225,45.0,0,1,50
Bryan Anger,DAL,NE,4,2023,False,2,112,56.0,0,2,57
Bradley Pinion,ATL,CAR,10,2022,True,5,174,34.8,0,2,43
Johnny Hekker,CAR,ATL,10,2022,False,5,216,43.2,0,2,52
Trenton Gill,CHI,KC,3,2023,True,5,229,45.8,1,1,58
Tommy Townsend,KC,CHI,3,2023,False,1,55,55.0,0,1,55
Jake Camarda,TB,CLE,12,2022,True,9,425,47.2,1,1,63
Corey Bojorquez,CLE,TB,12,2022,False,6,329,54.8,2,1,65
Mitch Wishnowsky,SF,ARI,11,2022,True,4,215,53.8,1,2,61
Andy Lee,ARI,SF,11,2022,False,4,181,45.3,0,2,59
Michael Palardy,MIA,TB,5,2021,True,4,154,38.5,0,1,44
Bradley Pinion,TB,MIA,5,2021,False,1,41,41.0,0,1,41
Ty Zentner,TEN,MIA,14,2023,True,5,244,48.8,1,2,53
Jake Bailey,MIA,TEN,14,2023,False,5,235,47.0,0,2,56
Jake Bailey,NE,CLE,6,2022,True,4,164,41.0,0,3,45
Corey Bojorquez,CLE,NE,6,2022,False,3,133,44.3,0,1,45
Corliss Waitman,DEN,LV,4,2022,True,5,241,48.2,1,2,55
AJ Cole,LV,DEN,4,2022,False,4,215,53.8,0,1,62
Jack Fox,DET,MIN,5,2021,True,4,204,51.0,1,2,67
Jordan Berry,MIN,DET,5,2021,False,3,150,50.0,0,1,54
Michael Dickson,SEA,DET,2,2023,True,3,152,50.7,0,2,64
Jack Fox,DET,SEA,2,2023,False,1,53,53.0,0,0,53
Bradley Pinion,TB,LAR,3,2021,True,4,145,36.3,0,1,53
Johnny Hekker,LAR,TB,3,2021,False,3,119,39.7,0,3,51
Jordan Berry,MIN,DET,13,2021,True,3,132,44.0,1,2,49
Jack Fox,DET,MIN,13,2021,False,3,166,55.3,0,0,62
Sam Martin,DEN,KC,13,2021,True,3,160,53.3,0,0,56
Tommy Townsend,KC,DEN,13,2021,False,4,190,47.5,0,3,54
Mitch Wishnowsky,SF,JAX,10,2023,True,3,141,47.0,0,2,56
Logan Cooke,JAX,SF,10,2023,False,5,268,53.6,1,0,62
Arryn Siposs,PHI,HOU,9,2022,True,3,149,49.7,0,0,52
Cameron Johnston,HOU,PHI,9,2022,False,4,208,52.0,2,1,67
Corliss Waitman,DEN,LAC,6,2022,True,7,323,46.1,0,4,58
JK Scott,LAC,DEN,6,2022,False,4,176,44.0,0,1,54
Cameron Johnston,HOU,TEN,11,2021,True,7,307,43.9,0,5,52
Brett Kern,TEN,HOU,11,2021,False,2,80,40.0,0,1,53
Riley Dixon,LAR,TB,9,2022,True,9,477,53.0,0,2,64
Jake Camarda,TB,LAR,9,2022,False,6,357,59.5,1,4,74
Bryan Anger,DAL,PHI,9,2023,True,2,82,41.0,0,1,52
Braden Mann,PHI,DAL,9,2023,False,5,259,51.8,0,2,57
Mitch Wishnowsky,SF,LV,17,2022,True,2,93,46.5,0,1,56
AJ Cole,LV,SF,17,2022,False,2,81,40.5,0,1,52
Tress Way,WSH,SF,16,2022,True,4,192,48.0,0,1,62
Mitch Wishnowsky,SF,WSH,16,2022,False,2,80,40.0,0,1,41
Blake Gillikin,NO,NE,3,2021,True,5,249,49.8,1,0,56
Jake Bailey,NE,NO,3,2021,False,5,283,56.6,2,1,68
Pat O'Donnell,GB,DET,9,2022,True,1,31,31.0,0,1,31
Jack Fox,DET,GB,9,2022,False,3,136,45.3,0,1,47
Sam Koch,BAL,CHI,11,2021,True,6,260,43.3,1,2,57
Pat O'Donnell,CHI,BAL,11,2021,False,5,205,41.0,0,2,53
Tress Way,WSH,DAL,16,2021,True,6,308,51.3,1,3,56
Bryan Anger,DAL,WSH,16,2021,False,4,214,53.5,0,1,62
Jake Bailey,NE,BUF,16,2021,False,3,158,52.7,0,0,63
Bryan Anger,DAL,NO,13,2021,True,7,337,48.1,0,2,60
Blake Gillikin,NO,DAL,13,2021,False,6,308,51.3,0,1,62
Johnny Hekker,CAR,NO,14,2023,True,2,86,43.0,0,0,49
Lou Hedley,NO,CAR,14,2023,False,5,200,40.0,0,3,46
Jamie Gillan,NYG,NO,15,2023,True,5,238,47.6,0,1,53
Lou Hedley,NO,NYG,15,2023,False,4,167,41.8,0,2,47
Braden Mann,NYJ,HOU,12,2021,True,4,156,39.0,1,0,44
Cameron Johnston,HOU,NYJ,12,2021,False,5,236,47.2,0,2,56
Sam Martin,BUF,NE,13,2022,True,3,136,45.3,1,1,54
Michael Palardy,NE,BUF,13,2022,False,6,251,41.8,0,2,50
Ryan Wright,MIN,BUF,10,2022,True,3,149,49.7,0,0,59
Sam Martin,BUF,MIN,10,2022,False,3,152,50.7,0,0,58
Jake Bailey,NE,GB,4,2022,True,7,314,44.9,2,2,62
Pat O'Donnell,GB,NE,4,2022,False,5,210,42.0,0,2,48
Cameron Johnston,HOU,DAL,14,2022,True,4,197,49.3,0,2,60
Bryan Anger,DAL,HOU,14,2022,False,3,157,52.3,0,0,62
Kevin Huber,CIN,NYJ,3,2022,True,3,142,47.3,0,1,52
Braden Mann,NYJ,CIN,3,2022,False,3,146,48.7,0,1,52
Tommy Townsend,KC,CIN,17,2021,True,3,108,36.0,0,1,42
Kevin Huber,CIN,KC,17,2021,False,3,118,39.3,0,0,51
Brett Kern,TEN,HOU,18,2021,True,4,197,49.3,0,1,53
Cameron Johnston,HOU,TEN,18,2021,False,5,213,42.6,0,4,50
Riley Dixon,NYG,TB,11,2021,True,4,193,48.3,0,3,52
Bradley Pinion,TB,NYG,11,2021,False,3,136,45.3,0,2,55
Tommy Townsend,KC,DEN,18,2021,True,2,101,50.5,2,0,58
Sam Martin,DEN,KC,18,2021,False,3,145,48.3,0,2,65
Ryan Stonehouse,TEN,HOU,8,2022,True,5,242,48.4,1,4,57
Cameron Johnston,HOU,TEN,8,2022,False,8,374,46.8,0,3,60
Johnny Hekker,LAR,SF,10,2021,True,3,124,41.3,0,0,44
Mitch Wishnowsky,SF,LAR,10,2021,False,3,127,42.3,0,1,46
AJ Cole,LV,IND,17,2023,True,5,187,37.4,0,4,56
Rigoberto Sanchez,IND,LV,17,2023,False,3,149,49.7,0,0,51
Andy Lee,ARI,CAR,4,2022,True,3,170,56.7,1,0,62
Johnny Hekker,CAR,ARI,4,2022,False,4,209,52.3,0,1,57
Bryan Anger,DAL,GB,10,2022,True,5,246,49.2,0,3,58
Pat O'Donnell,GB,DAL,10,2022,False,4,160,40.0,0,3,42
Corey Bojorquez,GB,MIN,11,2021,True,2,102,51.0,0,1,62
Jordan Berry,MIN,GB,11,2021,False,3,125,41.7,0,1,47
Tommy Townsend,KC,ARI,1,2022,True,2,108,54.0,1,0,58
Andy Lee,ARI,KC,1,2022,False,5,255,51.0,0,0,57
Brad Robbins,CIN,BAL,11,2023,True,5,217,43.4,1,0,53
Jordan Stout,BAL,CIN,11,2023,False,4,182,45.5,1,1,56
Sam Martin,BUF,NYJ,1,2023,True,3,141,47.0,0,1,53
Thomas Morstead,NYJ,BUF,1,2023,False,4,174,43.5,0,2,54
Pressley Harvin III,PIT,LAR,7,2023,True,5,218,43.6,0,2,55
Ethan Evans,LAR,PIT,7,2023,False,4,208,52.0,1,2,68
Sam Martin,BUF,WSH,3,2023,True,1,70,70.0,1,0,70
Tress Way,WSH,BUF,3,2023,False,3,150,50.0,0,0,57
Riley Dixon,NYG,KC,8,2021,True,5,215,43.0,0,2,51
Tommy Townsend,KC,NYG,8,2021,False,4,203,50.8,0,4,58
Lou Hedley,NO,NE,5,2023,True,7,307,43.9,1,3,55
Bryce Baringer,NE,NO,5,2023,False,8,353,44.1,0,5,57
Jack Fox,DET,MIN,3,2022,True,3,134,44.7,0,1,50
Ryan Wright,MIN,DET,3,2022,False,3,156,52.0,0,1,58
Tommy Townsend,KC,SF,7,2022,True,1,33,33.0,0,1,33
Mitch Wishnowsky,SF,KC,7,2022,False,1,29,29.0,0,1,29
