,Name,Teams,Season,POS,GP,RUSH,REC,RET,TD,FG,XP,2PT,PTS,PTS/G
0,Brandon Aubrey,DAL,2023,PK,17,0,0,0,0,36,49,0,157,9.2
1,Justin Tucker,BAL,2023,PK,17,0,0,0,0,32,51,0,147,8.6
2,Jason Myers,SEA,2023,PK,17,0,0,0,0,35,33,0,138,8.1
3,Harrison Butker,KC,2023,PK,17,0,0,0,0,33,38,0,137,8.1
4,Cairo Santos,CHI,2023,PK,17,0,0,0,0,35,31,0,136,8.0
5,Jake Elliott,PHI,2023,PK,17,0,0,0,0,30,45,0,135,7.9
6,Matt Gay,IND,2023,PK,17,0,0,0,0,33,35,0,134,7.9
7,Jason Sanders,MIA,2023,PK,17,0,0,0,0,24,58,0,130,7.6
8,Blake Grupe,NO,2023,PK,17,0,0,0,0,30,40,0,130,7.6
9,Cameron Dicker,LAC,2023,PK,17,0,0,0,0,31,35,0,128,7.5
10,Raheem Mostert,MIA,2023,RB,15,18,3,0,21,0,0,0,126,8.4
11,Christian McCaffrey,SF,2023,RB,16,14,7,0,21,0,0,0,126,7.9
12,Brandon McManus,JAX,2023,PK,17,0,0,0,0,30,35,0,125,7.4
13,Dustin Hopkins,CLE,2023,PK,15,0,0,0,0,33,24,0,123,8.2
14,Younghoe Koo,ATL,2023,PK,17,0,0,0,0,32,27,0,123,7.2
15,Jake Moody,SF,2023,PK,17,0,0,0,0,21,60,0,123,7.2
16,Tyler Bass,BUF,2023,PK,17,0,0,0,0,24,49,0,121,7.1
17,Greg Zuerlein,NYJ,2023,PK,16,0,0,0,0,35,15,0,120,7.5
18,Chase McLaughlin,TB,2023,PK,17,0,0,0,0,29,33,0,120,7.1
19,Wil Lutz,DEN,2023,PK,17,0,0,0,0,30,29,0,119,7.0
20,Evan McPherson,CIN,2023,PK,17,0,0,0,0,26,40,0,118,6.9
21,Nick Folk,TEN,2023,PK,17,0,0,0,0,29,28,0,115,6.8
22,Anders Carlson,GB,2023,PK,17,0,0,0,0,27,34,0,115,6.8
23,Chris Boswell,PIT,2023,PK,17,0,0,0,0,29,27,0,114,6.7
24,Daniel Carlson,LV,2023,PK,17,0,0,0,0,26,32,0,110,6.5
25,Greg Joseph,MIN,2023,PK,17,0,0,0,0,24,36,0,108,6.4
26,Matt Prater,ARI,2023,PK,17,0,0,0,0,28,22,0,106,6.2
27,Ka'imi Fairbairn,HOU,2023,PK,12,0,0,0,0,27,21,0,102,8.5
28,Eddy Pineiro,CAR,2023,PK,15,0,0,0,0,25,17,0,92,6.1
29,Kyren Williams,LAR,2023,RB,12,12,3,0,15,0,0,1,92,7.7
30,Josh Allen,BUF,2023,QB,17,15,0,0,15,0,0,0,90,5.3
31,Jalen Hurts,PHI,2023,QB,17,15,0,0,15,0,0,0,90,5.3
32,Joey Slye,WSH,2023,PK,17,0,0,0,0,19,32,0,89,5.2
33,Riley PattersonCLE,CLE / DET,2023,PK,15,0,0,0,0,16,41,0,89,5.9
34,CeeDee Lamb,DAL,2023,WR,17,2,12,0,14,0,0,1,86,5.1
35,Gus Edwards,BAL,2023,RB,17,13,0,0,13,0,0,1,80,4.7
36,David Montgomery,DET,2023,RB,14,13,0,0,13,0,0,1,80,5.7
37,Mike Evans,TB,2023,WR,17,0,13,0,13,0,0,0,78,4.6
38,Tyreek Hill,MIA,2023,WR,16,0,13,0,13,0,0,0,78,4.9
39,Travis Etienne Jr.,JAX,2023,RB,17,11,1,0,12,0,0,2,76,4.5
40,Joe Mixon,CIN,2023,RB,17,9,3,0,12,0,0,1,74,4.4
41,Derrick Henry,TEN,2023,RB,17,12,0,0,12,0,0,0,72,4.2
42,Deebo Samuel Sr.,SF,2023,WR,15,5,7,0,12,0,0,0,72,4.8
43,Chad Ryland,NE,2023,PK,17,0,0,0,0,16,24,0,72,4.2
44,De'Von Achane,MIA,2023,RB,11,8,3,0,11,0,0,0,66,6.0
45,Jahmyr Gibbs,DET,2023,RB,15,10,1,0,11,0,0,0,66,4.4
46,Brett Maher,LAR,2023,PK,8,0,0,0,0,17,13,0,64,8.0
47,Lucas Havrisik,LAR,2023,PK,9,0,0,0,0,15,19,0,64,7.1
48,Sam LaPorta,DET,2023,TE,17,0,10,0,10,0,0,2,64,3.8
49,Saquon Barkley,NYG,2023,RB,14,6,4,0,10,0,0,1,62,4.4
50,Jayden Reed,GB,2023,WR,16,2,8,0,10,0,0,1,62,3.9
51,Courtland Sutton,DEN,2023,WR,16,0,10,0,10,0,0,0,60,3.8
52,Jakobi Meyers,LV,2023,WR,16,2,8,0,10,0,0,0,60,3.8
53,Amon-Ra St. Brown,DET,2023,WR,16,0,10,0,10,0,0,0,60,3.8
54,Jordan Addison,MIN,2023,WR,17,0,10,0,10,0,0,0,60,3.5
55,Brian Robinson Jr.,WSH,2023,RB,15,5,4,0,9,0,0,1,56,3.7
56,Jerome Ford,CLE,2023,RB,17,4,5,0,9,0,0,1,56,3.3
57,Breece Hall,NYJ,2023,RB,17,5,4,0,9,0,0,1,56,3.3
58,James Conner,ARI,2023,RB,13,7,2,0,9,0,0,0,54,4.2
59,Kareem Hunt,CLE,2023,RB,15,9,0,0,9,0,0,0,54,3.6
60,DJ Moore,CHI,2023,WR,17,1,8,0,9,0,0,0,54,3.2
61,Isiah Pacheco,KC,2023,RB,14,7,2,0,9,0,0,0,54,3.9
62,Kenneth Walker III,SEA,2023,RB,15,8,1,0,9,0,0,0,54,3.6
63,Rachaad White,TB,2023,RB,17,6,3,0,9,0,0,0,54,3.2
64,Brandin Cooks,DAL,2023,WR,16,0,8,0,8,0,0,1,50,3.1
65,Stefon Diggs,BUF,2023,WR,17,0,8,0,8,0,0,1,50,2.9
66,Calvin Ridley,JAX,2023,WR,17,0,8,0,8,0,0,1,50,2.9
67,Nico Collins,HOU,2023,WR,15,0,8,0,8,0,0,1,50,3.3
68,Davante Adams,LV,2023,WR,17,0,8,0,8,0,0,0,48,2.8
69,DK Metcalf,SEA,2023,WR,16,0,8,0,8,0,0,0,48,3.0
70,Najee Harris,PIT,2023,RB,17,8,0,0,8,0,0,0,48,2.8
71,Jonathan Taylor,IND,2023,RB,10,7,1,0,8,0,0,0,48,4.8
72,Romeo Doubs,GB,2023,WR,17,0,8,0,8,0,0,0,48,2.8
73,Bijan Robinson,ATL,2023,RB,17,4,4,0,8,0,0,0,48,2.8
74,Zack Moss,IND,2023,RB,14,5,2,0,7,0,0,1,44,3.1
75,Gabe Davis,BUF,2023,WR,17,0,7,0,7,0,0,1,44,2.6
76,DeAndre Hopkins,TEN,2023,WR,17,0,7,0,7,0,0,0,42,2.5
77,Keenan Allen,LAC,2023,WR,13,0,7,0,7,0,0,0,42,3.2
78,Alvin Kamara,NO,2023,RB,13,5,1,0,6,0,0,3,42,3.2
79,A.J. Brown,PHI,2023,WR,17,0,7,0,7,0,0,0,42,2.5
80,DeVonta Smith,PHI,2023,WR,16,0,7,0,7,0,0,0,42,2.6
81,Brandon Aiyuk,SF,2023,WR,16,0,7,0,7,0,0,0,42,2.6
82,Ja'Marr Chase,CIN,2023,WR,16,0,7,0,7,0,0,0,42,2.6
83,Tank Dell,HOU,2023,WR,11,0,7,0,7,0,0,0,42,3.8
84,Rashee Rice,KC,2023,WR,16,0,7,0,7,0,0,0,42,2.6
85,Graham Gano,NYG,2023,PK,8,0,0,0,0,11,8,0,41,5.1
86,Joshua DobbsARI,ARI / MIN,2023,QB,13,6,0,0,6,0,0,2,40,3.1
87,Tony Pollard,DAL,2023,RB,17,6,0,0,6,0,0,1,38,2.2
88,Zay Flowers,BAL,2023,WR,16,1,5,0,6,0,0,1,38,2.4
89,Taysom Hill,NO,2023,QB,16,4,2,0,6,0,0,0,36,2.3
90,George Kittle,SF,2023,TE,16,0,6,0,6,0,0,0,36,2.3
91,Hunter Henry,NE,2023,TE,14,0,6,0,6,0,0,0,36,2.6
92,Austin Ekeler,LAC,2023,RB,14,5,1,0,6,0,0,0,36,2.6
93,Mark Andrews,BAL,2023,TE,10,0,6,0,6,0,0,0,36,3.6
94,David Njoku,CLE,2023,TE,16,0,6,0,6,0,0,0,36,2.3
95,Rashid Shaheed,NO,2023,WR,15,0,5,1,6,0,0,0,36,2.4
96,Josh Jacobs,LV,2023,RB,13,6,0,0,6,0,0,0,36,2.8
97,Cole Kmet,CHI,2023,TE,17,0,6,0,6,0,0,0,36,2.1
98,D'Andre Swift,PHI,2023,RB,16,5,1,0,6,0,0,0,36,2.3
99,James Cook,BUF,2023,RB,17,2,4,0,6,0,0,0,36,2.1
100,Puka Nacua,LAR,2023,WR,17,0,6,0,6,0,0,0,36,2.1
101,Tyler Lockett,SEA,2023,WR,17,0,5,0,5,0,0,2,34,2.0
102,Javonte Williams,DEN,2023,RB,16,3,2,0,5,0,0,2,34,2.1
103,Amari Cooper,CLE,2023,WR,15,0,5,0,5,0,0,1,32,2.1
104,Cooper Kupp,LAR,2023,WR,12,0,5,0,5,0,0,1,32,2.7
105,Chris Olave,NO,2023,WR,16,0,5,0,5,0,0,1,32,2.0
106,Tyler Allgeier,ATL,2023,RB,17,4,1,0,5,0,0,1,32,1.9
107,Sam Howell,WSH,2023,QB,17,5,0,0,5,0,0,1,32,1.9
108,Travis Kelce,KC,2023,TE,15,0,5,0,5,0,0,0,30,2.0
109,Jerick McKinnon,KC,2023,RB,12,1,4,0,5,0,0,0,30,2.5
110,Ezekiel Elliott,NE,2023,RB,17,3,2,0,5,0,0,0,30,1.8
111,Josh Reynolds,DET,2023,WR,17,0,5,0,5,0,0,0,30,1.8
112,DJ Chark Jr.,CAR,2023,WR,15,0,5,0,5,0,0,0,30,2.0
113,Dalton Schultz,HOU,2023,TE,15,0,5,0,5,0,0,0,30,2.0
114,Curtis Samuel,WSH,2023,WR,16,1,4,0,5,0,0,0,30,1.9
115,D'Onta Foreman,CHI,2023,RB,9,4,1,0,5,0,0,0,30,3.3
116,Lamar Jackson,BAL,2023,QB,16,5,0,0,5,0,0,0,30,1.9
117,Diontae Johnson,PIT,2023,WR,14,0,5,0,5,0,0,0,30,2.1
118,T.J. Hockenson,MIN,2023,TE,15,0,5,0,5,0,0,0,30,2.0
119,Desmond Ridder,ATL,2023,QB,15,5,0,0,5,0,0,0,30,2.0
120,Tee Higgins,CIN,2023,WR,12,0,5,0,5,0,0,0,30,2.5
121,Chuba Hubbard,CAR,2023,RB,17,5,0,0,5,0,0,0,30,1.8
122,Jake Ferguson,DAL,2023,TE,17,0,5,0,5,0,0,0,30,1.8
123,Christian Watson,GB,2023,WR,9,0,5,0,5,0,0,0,30,3.3
124,DaRon Bland,DAL,2023,CB,17,0,0,5,5,0,0,0,30,1.8
125,Justin Jefferson,MIN,2023,WR,10,0,5,0,5,0,0,0,30,3.0
126,Isaiah Likely,BAL,2023,TE,17,0,5,0,5,0,0,0,30,1.8
127,George Pickens,PIT,2023,WR,17,0,5,0,5,0,0,0,30,1.8
128,Matt Ammendola,HOU,2023,PK,5,0,0,0,0,6,10,0,28,5.6
129,Michael Pittman Jr.,IND,2023,WR,16,0,4,0,4,0,0,2,28,1.8
130,Adam Thielen,CAR,2023,WR,17,0,4,0,4,0,0,1,26,1.5
131,Logan Thomas,WSH,2023,TE,16,0,4,0,4,0,0,1,26,1.6
132,Brandon Johnson,DEN,2023,WR,13,0,4,0,4,0,0,1,26,2.0
133,Cade Otton,TB,2023,TE,17,0,4,0,4,0,0,1,26,1.5
134,Randy Bullock,NYG,2023,PK,6,0,0,0,0,5,10,0,25,4.2
135,Michael Badgley,DET,2023,PK,4,0,0,0,0,4,13,0,25,6.3
136,Jimmy Graham,NO,2023,TE,13,0,4,0,4,0,0,0,24,1.8
137,Latavius Murray,BUF,2023,RB,16,4,0,0,4,0,0,0,24,1.5
138,Nelson Agholor,BAL,2023,WR,17,0,4,0,4,0,0,0,24,1.4
139,Demarcus Robinson,LAR,2023,WR,16,0,4,0,4,0,0,0,24,1.5
140,Kendrick Bourne,NE,2023,WR,8,0,4,0,4,0,0,0,24,3.0
141,Evan Engram,JAX,2023,TE,17,0,4,0,4,0,0,0,24,1.4
142,Terry McLaurin,WSH,2023,WR,17,0,4,0,4,0,0,0,24,1.4
143,Andrew Beck,HOU,2023,FB,15,1,2,1,4,0,0,0,24,1.6
144,KaVontae Turpin,DAL,2023,WR,16,1,3,0,4,0,0,0,24,1.5
145,Donald Parham Jr.,LAC,2023,TE,14,0,4,0,4,0,0,0,24,1.7
146,Darius Slayton,NYG,2023,WR,17,0,4,0,4,0,0,0,24,1.4
147,Juwan Johnson,NO,2023,TE,13,0,4,0,4,0,0,0,24,1.8
148,Jordan Love,GB,2023,QB,17,4,0,0,4,0,0,0,24,1.4
149,Justice Hill,BAL,2023,RB,16,3,1,0,4,0,0,0,24,1.5
150,Rico Dowdle,DAL,2023,RB,16,2,2,0,4,0,0,0,24,1.5
151,Devin Singletary,HOU,2023,RB,17,4,0,0,4,0,0,0,24,1.4
152,Marquise Brown,ARI,2023,WR,14,0,4,0,4,0,0,0,24,1.7
153,Trevor Lawrence,JAX,2023,QB,16,4,0,0,4,0,0,0,24,1.5
154,Jahan Dotson,WSH,2023,WR,17,0,4,0,4,0,0,0,24,1.4
155,A.T. Perry,NO,2023,WR,10,0,4,0,4,0,0,0,24,2.4
156,Justin Fields,CHI,2023,QB,13,4,0,0,4,0,0,0,24,1.8
157,Andrei Iosivas,CIN,2023,WR,16,0,4,0,4,0,0,0,24,1.5
158,Jaylen Waddle,MIA,2023,WR,14,0,4,0,4,0,0,0,24,1.7
159,Dontayvion Wicks,GB,2023,WR,15,0,4,0,4,0,0,0,24,1.6
160,Anthony Richardson,IND,2023,QB,4,4,0,0,4,0,0,0,24,6.0
161,Jaxon Smith-Njigba,SEA,2023,WR,17,0,4,0,4,0,0,0,24,1.4
162,Rhamondre Stevenson,NE,2023,RB,12,4,0,0,4,0,0,0,24,2.0
163,Jaylen Warren,PIT,2023,RB,17,4,0,0,4,0,0,0,24,1.4
164,Mason Crosby,NYG,2023,PK,3,0,0,0,0,5,6,0,21,7.0
165,Mo Alie-Cox,IND,2023,TE,17,0,3,0,3,0,0,1,20,1.2
166,Chris Godwin,TB,2023,WR,17,1,2,0,3,0,0,1,20,1.2
167,Nick Westbrook-Ikhine,TEN,2023,WR,14,0,3,0,3,0,0,1,20,1.4
168,Khalil Herbert,CHI,2023,RB,12,2,1,0,3,0,0,1,20,1.7
169,Michael Wilson,ARI,2023,WR,13,0,3,0,3,0,0,1,20,1.5
170,Tutu Atwell,LAR,2023,WR,16,0,3,0,3,0,0,1,20,1.3
171,C.J. Stroud,HOU,2023,QB,15,3,0,0,3,0,0,1,20,1.3
172,Julio Jones,PHI,2023,WR,11,0,3,0,3,0,0,0,18,1.6
173,Russell Wilson,DEN,2023,QB,15,3,0,0,3,0,0,0,18,1.2
174,Odell Beckham Jr.,BAL,2023,WR,14,0,3,0,3,0,0,0,18,1.3
175,Aaron Jones,GB,2023,RB,11,2,1,0,3,0,0,0,18,1.6
176,Jonnu Smith,ATL,2023,TE,17,0,3,0,3,0,0,0,18,1.1
177,Justin Watson,KC,2023,WR,16,0,3,0,3,0,0,0,18,1.1
178,Dallas Goedert,PHI,2023,TE,14,0,3,0,3,0,0,0,18,1.3
179,Jake Browning,CIN,2023,QB,9,3,0,0,3,0,0,0,18,2.0
180,Christian Kirk,JAX,2023,WR,12,0,3,0,3,0,0,0,18,1.5
181,Adam Trautman,DEN,2023,TE,17,0,3,0,3,0,0,0,18,1.1
182,K.J. Osborn,MIN,2023,WR,16,0,3,0,3,0,0,0,18,1.1
183,Kyler Murray,ARI,2023,QB,8,3,0,0,3,0,0,0,18,2.3
184,Gerald Everett,LAC,2023,TE,15,0,3,0,3,0,0,0,18,1.2
185,Cedrick Wilson Jr.,MIA,2023,WR,15,0,3,0,3,0,0,0,18,1.2
186,Gardner Minshew,IND,2023,QB,17,3,0,0,3,0,0,0,18,1.1
187,Justin Herbert,LAC,2023,QB,13,3,0,0,3,0,0,0,18,1.4
188,Lil'Jordan Humphrey,DEN,2023,WR,17,0,3,0,3,0,0,0,18,1.1
189,Harrison Bryant,CLE,2023,TE,17,0,3,0,3,0,0,0,18,1.1
190,Alexander Mattison,MIN,2023,RB,16,0,3,0,3,0,0,0,18,1.1
191,Ty Chandler,MIN,2023,RB,17,3,0,0,3,0,0,0,18,1.1
192,Isaiah Hodgins,NYG,2023,WR,17,0,3,0,3,0,0,0,18,1.1
193,Dameon Pierce,HOU,2023,RB,14,2,0,1,3,0,0,0,18,1.3
194,Kyle Pitts,ATL,2023,TE,17,0,3,0,3,0,0,0,18,1.1
195,Antonio Gibson,WSH,2023,RB,16,1,2,0,3,0,0,0,18,1.1
196,Jake Bobo,SEA,2023,WR,17,1,2,0,3,0,0,0,18,1.1
197,Jordan Mason,SF,2023,RB,17,3,0,0,3,0,0,0,18,1.1
198,Trey McBride,ARI,2023,TE,17,0,3,0,3,0,0,0,18,1.1
199,Ronnie Bell,SF,2023,WR,17,0,3,0,3,0,0,0,18,1.1
200,Tommy Tremble,CAR,2023,TE,16,0,3,0,3,0,0,0,18,1.1
201,Jameson Williams,DET,2023,WR,12,1,2,0,3,0,0,0,18,1.5
202,Trey Palmer,TB,2023,WR,17,0,3,0,3,0,0,0,18,1.1
203,Tyjae Spears,TEN,2023,RB,17,2,1,0,3,0,0,0,18,1.1
204,Garrett Wilson,NYJ,2023,WR,17,0,3,0,3,0,0,0,18,1.1
205,David Bell,CLE,2023,WR,15,0,3,0,3,0,0,0,18,1.2
206,Jaleel McLaughlin,DEN,2023,RB,17,1,2,0,3,0,0,0,18,1.1
207,Dawson Knox,BUF,2023,TE,13,0,2,0,2,0,0,1,14,1.1
208,Pat Freiermuth,PIT,2023,TE,12,0,2,0,2,0,0,1,14,1.2
209,Kenneth Gainwell,PHI,2023,RB,16,2,0,0,2,0,0,1,14,0.9
210,Drake London,ATL,2023,WR,16,0,2,0,2,0,0,1,14,0.9
211,Michael Mayer,LV,2023,TE,14,0,2,0,2,0,0,1,14,1.0
212,Kyle Juszczyk,SF,2023,FB,17,0,2,0,2,0,0,0,12,0.7
213,Tyler Higbee,LAR,2023,TE,15,0,2,0,2,0,0,0,12,0.8
214,Dak Prescott,DAL,2023,QB,17,2,0,0,2,0,0,0,12,0.7
215,Mitchell Trubisky,PIT,2023,QB,5,2,0,0,2,0,0,0,12,2.4
216,Tyler Boyd,CIN,2023,WR,17,0,2,0,2,0,0,0,12,0.7
217,Jared Goff,DET,2023,QB,17,2,0,0,2,0,0,0,12,0.7
218,Zay Jones,JAX,2023,WR,9,0,2,0,2,0,0,0,12,1.3
219,Mike Gesicki,NE,2023,TE,17,0,2,0,2,0,0,0,12,0.7
220,Noah Brown,HOU,2023,WR,10,0,2,0,2,0,0,0,12,1.2
221,Royce Freeman,LAR,2023,RB,14,2,0,0,2,0,0,0,12,0.9
222,Deshaun Watson,CLE,2023,QB,6,1,0,0,1,0,0,3,12,2.0
223,Drew Sample,CIN,2023,TE,17,0,2,0,2,0,0,0,12,0.7
224,Joshua Kelley,LAC,2023,RB,17,2,0,0,2,0,0,0,12,0.7
225,Scotty Miller,ATL,2023,WR,17,0,2,0,2,0,0,0,12,0.7
226,Olamide Zaccheaus,PHI,2023,WR,17,0,2,0,2,0,0,0,12,0.7
227,Josh Oliver,MIN,2023,TE,17,0,2,0,2,0,0,0,12,0.7
228,Jack JonesLV,LV / NE,2023,CB,11,0,0,2,2,0,0,0,12,1.1
229,Michael Gallup,DAL,2023,WR,17,0,2,0,2,0,0,0,12,0.7
230,Greg Dortch,ARI,2023,WR,16,0,2,0,2,0,0,0,12,0.8
231,Darrell Henderson Jr.,LAR,2023,RB,4,2,0,0,2,0,0,0,12,3.0
232,Tony Jones Jr.ARI,ARI / NO,2023,RB,7,2,0,0,2,0,0,0,12,1.7
233,Kenny Moore II,IND,2023,CB,16,0,0,2,2,0,0,0,12,0.8
234,AJ Dillon,GB,2023,RB,15,2,0,0,2,0,0,0,12,0.8
235,Cam AkersLAR,LAR / MIN,2023,RB,7,2,0,0,2,0,0,0,12,1.7
236,Noah Gray,KC,2023,TE,17,0,2,0,2,0,0,0,12,0.7
237,Ihmir Smith-Marsette,CAR,2023,WR,17,1,0,1,2,0,0,0,12,0.7
238,Jerry Jeudy,DEN,2023,WR,16,0,2,0,2,0,0,0,12,0.8
239,Elijah Mitchell,SF,2023,RB,11,2,0,0,2,0,0,0,12,1.1
240,Clyde Edwards-Helaire,KC,2023,RB,15,1,1,0,2,0,0,0,12,0.8
241,Joshua Palmer,LAC,2023,WR,11,0,2,0,2,0,0,0,12,1.1
242,Colby Parkinson,SEA,2023,TE,17,0,2,0,2,0,0,0,12,0.7
243,Salvon Ahmed,MIA,2023,RB,8,1,1,0,2,0,0,0,12,1.5
244,Calvin Austin III,PIT,2023,WR,17,1,1,0,2,0,0,0,12,0.7
245,Jalen Tolbert,DAL,2023,WR,17,0,2,0,2,0,0,0,12,0.7
246,Alec Pierce,IND,2023,WR,17,0,2,0,2,0,0,0,12,0.7
247,Brock Purdy,SF,2023,QB,16,2,0,0,2,0,0,0,12,0.8
248,Emari Demercado,ARI,2023,RB,14,2,0,0,2,0,0,0,12,0.9
249,Brevin Jordan,HOU,2023,TE,14,0,2,0,2,0,0,0,12,0.9
250,Chris Rodriguez Jr.,WSH,2023,RB,13,2,0,0,2,0,0,0,12,0.9
251,Luke Schoonmaker,DAL,2023,TE,17,0,2,0,2,0,0,0,12,0.7
252,Elijah Moore,CLE,2023,WR,17,0,2,0,2,0,0,0,12,0.7
253,Rondale Moore,ARI,2023,WR,17,1,1,0,2,0,0,0,12,0.7
254,Khalil Shakir,BUF,2023,WR,17,0,2,0,2,0,0,0,12,0.7
255,Dalton Kincaid,BUF,2023,TE,16,0,2,0,2,0,0,0,12,0.8
256,Deonte Harty,BUF,2023,WR,16,0,1,1,2,0,0,0,12,0.8
257,Roschon Johnson,CHI,2023,RB,15,2,0,0,2,0,0,0,12,0.8
258,Xavier Gipson,NYJ,2023,WR,17,1,0,1,2,0,0,0,12,0.7
259,Tre Tucker,LV,2023,WR,16,0,2,0,2,0,0,0,12,0.8
260,Tank Bigsby,JAX,2023,RB,17,2,0,0,2,0,0,0,12,0.7
261,Quentin Johnston,LAC,2023,WR,17,0,2,0,2,0,0,0,12,0.7
262,Parker Washington,JAX,2023,WR,9,0,2,0,2,0,0,0,12,1.3
263,Tyson Bagent,CHI,2023,QB,5,2,0,0,2,0,0,0,12,2.4
264,Wan'Dale Robinson,NYG,2023,WR,15,1,1,0,2,0,0,0,12,0.8
265,Tucker Kraft,GB,2023,TE,17,0,2,0,2,0,0,0,12,0.7
266,Keaton Mitchell,BAL,2023,RB,8,2,0,0,2,0,0,0,12,1.5
267,Marvin Mims Jr.,DEN,2023,WR,16,0,1,1,2,0,0,0,12,0.8
268,Josh Downs,IND,2023,WR,17,0,2,0,2,0,0,0,12,0.7
269,Drew Ogletree,IND,2023,TE,12,0,2,0,2,0,0,0,12,1.0
270,Randall Cobb,NYJ,2023,WR,11,0,1,0,1,0,0,1,8,0.7
271,Brandon Bolden,LV,2023,RB,17,1,0,0,1,0,0,1,8,0.5
272,Clayton Tune,ARI,2023,QB,7,1,0,0,1,0,0,1,8,1.1
273,Marcedes Lewis,CHI,2023,TE,17,0,1,0,1,0,0,0,6,0.4
274,Ryan Tannehill,TEN,2023,QB,10,1,0,0,1,0,0,0,6,0.6
275,Cordarrelle Patterson,ATL,2023,RB,14,0,1,0,1,0,0,0,6,0.4
276,Zach Ertz,ARI,2023,TE,7,0,1,0,1,0,0,0,6,0.9
277,John Jenkins,LV,2023,DT,17,0,0,1,1,0,0,0,6,0.4
278,Tyrann Mathieu,NO,2023,S,17,0,0,1,1,0,0,0,6,0.4
279,Darius Slay Jr.,PHI,2023,CB,12,0,0,1,1,0,0,0,6,0.5
280,Geno Smith,SEA,2023,QB,15,1,0,0,1,0,0,0,6,0.4
281,Robert Woods,HOU,2023,WR,14,0,1,0,1,0,0,0,6,0.4
282,Cody Davis,NE,2023,S,11,0,0,1,1,0,0,0,6,0.5
283,Shaquil Barrett,TB,2023,LB,16,0,0,1,1,0,0,0,6,0.4
284,Tyler Johnson,LAR,2023,WR,1,0,1,0,1,0,0,0,6,6.0
285,MyCole Pruitt,ATL,2023,TE,17,0,1,0,1,0,0,0,6,0.4
286,Blake Bell,KC,2023,TE,17,0,1,0,1,0,0,0,6,0.4
287,Jordan Hicks,MIN,2023,LB,13,0,0,1,1,0,0,0,6,0.5
288,Troy Hill,CAR,2023,CB,16,0,0,1,1,0,0,0,6,0.4
289,Taylor Heinicke,ATL,2023,QB,5,1,0,0,1,0,0,0,6,1.2
290,Carson Wentz,LAR,2023,QB,2,1,0,0,1,0,0,0,6,3.0
291,C.J. Uzomah,NYJ,2023,TE,12,0,1,0,1,0,0,0,6,0.5
292,Robbie Chosen,MIA,2023,WR,9,0,1,0,1,0,0,0,6,0.7
293,Melvin Gordon III,BAL,2023,RB,4,1,0,0,1,0,0,0,6,1.5
294,Jamison Crowder,WSH,2023,WR,17,0,1,0,1,0,0,0,6,0.4
295,Darren Waller,NYG,2023,TE,12,0,1,0,1,0,0,0,6,0.5
296,Marcus Peters,LV,2023,CB,12,0,0,1,1,0,0,0,6,0.5
297,Sheldon Rankins,HOU,2023,DT,15,0,0,1,1,0,0,0,6,0.4
298,Pharaoh Brown,NE,2023,TE,17,0,1,0,1,0,0,0,6,0.4
299,DeForest Buckner,IND,2023,DT,17,0,0,1,1,0,0,0,6,0.4
300,Kalif Raymond,DET,2023,WR,17,0,1,0,1,0,0,0,6,0.4
301,Patrick Ricard,BAL,2023,FB,17,0,1,0,1,0,0,0,6,0.4
302,Michael Thomas,NO,2023,WR,10,0,1,0,1,0,0,0,6,0.6
303,Sterling Shepard,NYG,2023,WR,15,0,1,0,1,0,0,0,6,0.4
304,Alex Erickson,LAC,2023,WR,8,0,1,0,1,0,0,0,6,0.8
305,Jamaal Williams,NO,2023,RB,13,1,0,0,1,0,0,0,6,0.5
306,Mike Williams,LAC,2023,WR,3,0,1,0,1,0,0,0,6,2.0
307,T.J. Watt,PIT,2023,LB,17,0,0,1,1,0,0,0,6,0.4
308,Keith Kirkwood,NO,2023,WR,13,0,1,0,1,0,0,0,6,0.5
309,Matt Breida,NYG,2023,RB,17,1,0,0,1,0,0,0,6,0.4
310,Foyesade Oluokun,JAX,2023,LB,17,0,0,1,1,0,0,0,6,0.4
311,Tanner Hudson,CIN,2023,TE,12,0,1,0,1,0,0,0,6,0.5
312,Marquez Valdes-Scantling,KC,2023,WR,16,0,1,0,1,0,0,0,6,0.4
313,River Cracraft,MIA,2023,WR,10,0,1,0,1,0,0,0,6,0.6
314,Johnny Mundt,MIN,2023,TE,17,0,1,0,1,0,0,0,6,0.4
315,Baker Mayfield,TB,2023,QB,17,1,0,0,1,0,0,0,6,0.4
316,Zach Sieler,MIA,2023,DT,17,0,0,1,1,0,0,0,6,0.4
317,Jamal Agnew,JAX,2023,WR,11,0,1,0,1,0,0,0,6,0.5
318,Brandon Powell,MIN,2023,WR,17,0,1,0,1,0,0,0,6,0.4
319,Samaje Perine,DEN,2023,RB,17,1,0,0,1,0,0,0,6,0.4
320,Bilal Nichols,LV,2023,DT,17,0,0,1,1,0,0,0,6,0.4
321,Adoree' Jackson,NYG,2023,CB,14,0,0,1,1,0,0,0,6,0.4
322,JuJu Smith-Schuster,NE,2023,WR,11,0,1,0,1,0,0,0,6,0.5
323,Easton Stick,LAC,2023,QB,5,1,0,0,1,0,0,0,6,1.2
324,Trent Sherfield,BUF,2023,WR,17,0,1,0,1,0,0,0,6,0.4
325,Braxton Berrios,MIA,2023,WR,16,0,1,0,1,0,0,0,6,0.4
326,Nick Bawden,NYJ,2023,FB,16,1,0,0,1,0,0,0,6,0.4
327,Will Dissly,SEA,2023,TE,16,0,1,0,1,0,0,0,6,0.4
328,Allen Lazard,NYJ,2023,WR,14,0,1,0,1,0,0,0,6,0.4
329,Andrew Van Ginkel,MIA,2023,LB,17,0,0,1,1,0,0,0,6,0.4
330,Leighton Vander Esch,DAL,2023,LB,6,0,0,1,1,0,0,0,6,1.0
331,Mike Edwards,KC,2023,S,17,0,0,1,1,0,0,0,6,0.4
332,Foster Moreau,NO,2023,TE,15,0,1,0,1,0,0,0,6,0.4
333,Ronnie Harrison Jr.,IND,2023,S,7,0,0,1,1,0,0,0,6,0.9
334,Jauan Jennings,SF,2023,WR,13,0,1,0,1,0,0,0,6,0.5
335,Sam Darnold,SF,2023,QB,10,1,0,0,1,0,0,0,6,0.6
336,Ty Johnson,BUF,2023,RB,10,0,1,0,1,0,0,0,6,0.6
337,Jerome Baker,MIA,2023,LB,13,0,0,1,1,0,0,0,6,0.5
338,Daniel Jones,NYG,2023,QB,6,1,0,0,1,0,0,0,6,1.0
339,Lawrence Cager,NYG,2023,TE,11,0,1,0,1,0,0,0,6,0.5
340,Jessie Bates III,ATL,2023,S,17,0,0,1,1,0,0,0,6,0.4
341,Hayden Hurst,CAR,2023,TE,9,0,1,0,1,0,0,0,6,0.7
342,Damien Harris,BUF,2023,RB,6,1,0,0,1,0,0,0,6,1.0
343,Tremaine Edmunds,CHI,2023,LB,15,0,0,1,1,0,0,0,6,0.4
344,Trenton Irwin,CIN,2023,WR,16,0,1,0,1,0,0,0,6,0.4
345,Jalen Guyton,LAC,2023,WR,8,0,1,0,1,0,0,0,6,0.8
346,Rasul DouglasBUF,BUF / GB,2023,CB,16,0,0,1,1,0,0,0,6,0.4
347,Ko Kieft,TB,2023,TE,16,0,1,0,1,0,0,0,6,0.4
348,Jeffery Simmons,TEN,2023,DT,12,0,1,0,1,0,0,0,6,0.5
349,Isaiah Simmons,NYG,2023,S,17,0,0,1,1,0,0,0,6,0.4
350,Ben Skowronek,LAR,2023,WR,17,0,1,0,1,0,0,0,6,0.4
351,Darrynton EvansCHI,CHI / MIA,2023,RB,7,1,0,0,1,0,0,0,6,0.9
352,Alex Highsmith,PIT,2023,LB,17,0,0,1,1,0,0,0,6,0.4
353,Charvarius Ward,SF,2023,CB,17,0,0,1,1,0,0,0,6,0.4
354,Bryce Hall,NYJ,2023,CB,9,0,0,1,1,0,0,0,6,0.7
355,D.J. Wonnum,MIN,2023,LB,15,0,0,1,1,0,0,0,6,0.4
356,Kylen Granson,IND,2023,TE,15,0,1,0,1,0,0,0,6,0.4
357,Jonathon Cooper,DEN,2023,LB,17,0,0,1,1,0,0,0,6,0.4
358,Darnell Mooney,CHI,2023,WR,15,0,1,0,1,0,0,0,6,0.4
359,Irv Smith Jr.,CIN,2023,TE,12,0,1,0,1,0,0,0,6,0.5
360,Jordyn Brooks,SEA,2023,LB,16,0,0,1,1,0,0,0,6,0.4
361,Sam Franklin Jr.,CAR,2023,S,17,0,0,1,1,0,0,0,6,0.4
362,Miles Sanders,CAR,2023,RB,16,1,0,0,1,0,0,0,6,0.4
363,Chase ClaypoolCHI,CHI / MIA,2023,WR,12,0,1,0,1,0,0,0,6,0.5
364,Quez Watkins,PHI,2023,WR,9,0,1,0,1,0,0,0,6,0.7
365,David Moore,TB,2023,WR,7,0,1,0,1,0,0,0,6,0.9
366,Darious Williams,JAX,2023,CB,17,0,0,1,1,0,0,0,6,0.4
367,Grant Stuard,IND,2023,LB,17,0,0,0,1,0,0,0,6,0.4
368,Tommy DeVito,NYG,2023,QB,9,1,0,0,1,0,0,0,6,0.7
369,AJ Epenesa,BUF,2023,DE,15,0,0,1,1,0,0,0,6,0.4
370,Kadarius Toney,KC,2023,WR,13,0,1,0,1,0,0,0,6,0.5
371,Michael CarterARI,ARI / NYJ,2023,RB,15,0,1,0,1,0,0,0,6,0.4
372,Kenny Pickett,PIT,2023,QB,12,1,0,0,1,0,0,0,6,0.5
373,Jason Pinnock,NYG,2023,S,16,0,0,1,1,0,0,0,6,0.4
374,D'Marco Jackson,NO,2023,LB,17,0,0,1,1,0,0,0,6,0.4
375,Charlie Kolar,BAL,2023,TE,15,0,1,0,1,0,0,0,6,0.4
376,Tre Brown,SEA,2023,CB,15,0,0,1,1,0,0,0,6,0.4
377,Tylan Wallace,BAL,2023,WR,11,0,0,1,1,0,0,0,6,0.5
378,Jalen Reagor,NE,2023,WR,11,0,0,1,1,0,0,0,6,0.5
379,J.K. Dobbins,BAL,2023,RB,1,1,0,0,1,0,0,0,6,6.0
380,Brock Wright,DET,2023,TE,14,0,1,0,1,0,0,0,6,0.4
381,Noah Igbinoghene,DAL,2023,CB,5,0,0,0,1,0,0,0,6,1.2
382,Jaylon Johnson,CHI,2023,CB,14,0,0,1,1,0,0,0,6,0.4
383,Elijah Molden,TEN,2023,CB,15,0,0,1,1,0,0,0,6,0.4
384,Quintin Morris,BUF,2023,TE,15,0,1,0,1,0,0,0,6,0.4
385,Bryan Cook,KC,2023,S,12,0,0,1,1,0,0,0,6,0.5
386,D.J. Montgomery,IND,2023,WR,7,0,1,0,1,0,0,0,6,0.9
387,Pierre Strong Jr.,CLE,2023,RB,17,1,0,0,1,0,0,0,6,0.4
388,Bailey Zappe,NE,2023,QB,10,1,0,0,1,0,0,0,6,0.6
389,Stone Smartt,LAC,2023,TE,16,0,1,0,1,0,0,0,6,0.4
390,Charlie Jones,CIN,2023,WR,11,0,0,1,1,0,0,0,6,0.5
391,Bo Melton,GB,2023,WR,5,0,1,0,1,0,0,0,6,1.2
392,Aidan O'Connell,LV,2023,QB,11,1,0,0,1,0,0,0,6,0.5
393,Jonathan Owens,GB,2023,S,17,0,0,1,1,0,0,0,6,0.4
394,Josh Whyle,TEN,2023,TE,11,0,1,0,1,0,0,0,6,0.5
395,Lucas Krull,DEN,2023,TE,7,0,1,0,1,0,0,0,6,0.9
396,Sydney Brown,PHI,2023,S,14,0,0,1,1,0,0,0,6,0.4
397,Chigoziem Okonkwo,TEN,2023,TE,17,0,1,0,1,0,0,0,6,0.4
398,Simi Fehoko,LAC,2023,WR,6,0,1,0,1,0,0,0,6,1.0
399,Rashod Bateman,BAL,2023,WR,16,0,1,0,1,0,0,0,6,0.4
400,Cam Taylor-Britt,CIN,2023,CB,12,0,0,1,1,0,0,0,6,0.5
401,Greg Newsome II,CLE,2023,CB,14,0,0,1,1,0,0,0,6,0.4
402,Will Levis,TEN,2023,QB,9,1,0,0,1,0,0,0,6,0.7
403,Cameron Thomas,ARI,2023,LB,15,0,0,1,1,0,0,0,6,0.4
404,Dyami Brown,WSH,2023,WR,17,0,1,0,1,0,0,0,6,0.4
405,Zamir White,LV,2023,RB,17,1,0,0,1,0,0,0,6,0.4
406,Chase Brown,CIN,2023,RB,12,0,1,0,1,0,0,0,6,0.5
407,Derius Davis,LAC,2023,WR,17,0,0,1,1,0,0,0,6,0.4
408,Ben Sims,GB,2023,TE,17,0,1,0,1,0,0,0,6,0.4
409,Jevon Holland,MIA,2023,S,12,0,0,1,1,0,0,0,6,0.5
410,Deven Thompkins,TB,2023,WR,17,0,1,0,1,0,0,0,6,0.4
411,Quay Walker,GB,2023,LB,14,0,0,1,1,0,0,0,6,0.4
412,Hunter Luepke,DAL,2023,RB,17,1,0,0,1,0,0,0,6,0.4
413,Craig Reynolds,DET,2023,RB,17,1,0,0,1,0,0,0,6,0.4
414,Gunner OlszewskiPIT,PIT / NYG,2023,WR,12,0,0,1,1,0,0,0,6,0.5
415,Zach Charbonnet,SEA,2023,RB,16,1,0,0,1,0,0,0,6,0.4
416,Davis Allen,LAR,2023,TE,15,0,1,0,1,0,0,0,6,0.4
417,Elijah Higgins,ARI,2023,TE,11,0,1,0,1,0,0,0,6,0.5
418,Luke Musgrave,GB,2023,TE,11,0,1,0,1,0,0,0,6,0.5
419,Skyy Moore,KC,2023,WR,14,0,1,0,1,0,0,0,6,0.4
420,Brenton Strange,JAX,2023,TE,14,0,1,0,1,0,0,0,6,0.4
421,Jermaine Johnson,NYJ,2023,LB,17,0,0,1,1,0,0,0,6,0.4
422,Brandin Echols,NYJ,2023,CB,14,0,0,1,1,0,0,0,6,0.4
423,Ronnie Hickman,CLE,2023,S,10,0,0,1,1,0,0,0,6,0.6
424,Kevin Harris,NE,2023,RB,4,1,0,0,1,0,0,0,6,1.5
425,Devon Witherspoon,SEA,2023,CB,14,0,0,1,1,0,0,0,6,0.4
426,Kyle Hamilton,BAL,2023,S,15,0,0,1,1,0,0,0,6,0.4
427,Kendre Miller,NO,2023,RB,8,1,0,0,1,0,0,0,6,0.8
428,Jalen Carter,PHI,2023,DT,16,0,0,1,1,0,0,0,6,0.4
429,Malik Heath,GB,2023,WR,13,0,1,0,1,0,0,0,6,0.5
430,Jason Brownlee,NYJ,2023,WR,7,0,1,0,1,0,0,0,6,0.9
431,Brian Branch,DET,2023,S,15,0,0,1,1,0,0,0,6,0.4
432,Austin Seibert,NYJ,2023,PK,1,0,0,0,0,1,1,0,4,4.0
433,Dare Ogunbowale,HOU,2023,RB,12,0,0,0,0,1,0,0,3,0.3
434,Jamie Gillan,NYG,2023,P,17,0,0,0,0,1,0,0,3,0.2
435,Calais Campbell,ATL,2023,DT,17,0,0,0,0,0,0,0,2,0.1
436,Matthew Stafford,LAR,2023,QB,15,0,0,0,0,0,0,1,2,0.1
437,Michael Burton,DEN,2023,FB,17,0,0,0,0,0,0,1,2,0.1
438,Miles Killebrew,PIT,2023,S,17,0,0,0,0,0,0,0,2,0.1
439,Patrick O'Connor,TB,2023,DE,11,0,0,0,0,0,0,0,2,0.2
440,Ashtyn Davis,NYJ,2023,S,17,0,0,0,0,0,0,0,2,0.1
441,Matthew Judon,NE,2023,LB,4,0,0,0,0,0,0,0,2,0.5
442,Samori Toure,GB,2023,WR,11,0,0,0,0,0,0,1,2,0.2
443,Chauncey Golston,DAL,2023,DE,17,0,0,0,0,0,0,1,2,0.1
444,Trishton Jackson,MIN,2023,WR,7,0,0,0,0,0,0,1,2,0.3
445,Nicholas Morrow,PHI,2023,LB,15,0,0,0,0,0,0,0,2,0.1
446,Raheem Blackshear,CAR,2023,RB,12,0,0,0,0,0,0,1,2,0.2
447,Ameer SpeedIND,IND / NE,2023,CB,13,0,0,0,0,0,0,0,2,0.2
448,Zach Wilson,NYJ,2023,QB,12,0,0,0,0,0,0,1,2,0.2
449,Dorian Thompson-Robinson,CLE,2023,QB,8,0,0,0,0,0,0,1,2,0.3
450,Trey Pipkins III,LAC,2023,OT,17,0,0,0,0,0,0,1,2,0.1
451,Sam Williams,DAL,2023,DE,17,0,0,0,0,0,0,0,2,0.1
452,Bryce Young,CAR,2023,QB,16,0,0,0,0,0,0,1,2,0.1
453,Jason Myers,SEA,2022,PK,17,0,0,0,0,34,41,0,143,8.4
454,Justin Tucker,BAL,2022,PK,17,0,0,0,0,37,31,0,142,8.4
455,Brett Maher,DAL,2022,PK,17,0,0,0,0,29,50,0,137,8.1
456,Daniel Carlson,LV,2022,PK,17,0,0,0,0,34,35,0,137,8.1
457,Robbie Gould,SF,2022,PK,17,0,0,0,0,27,50,0,131,7.7
458,Younghoe Koo,ATL,2022,PK,17,0,0,0,0,32,33,0,129,7.6
459,Tyler Bass,BUF,2022,PK,16,0,0,0,0,27,48,0,129,8.1
460,Eddy Pineiro,CAR,2022,PK,17,0,0,0,0,33,30,0,129,7.6
461,Nick Folk,NE,2022,PK,17,0,0,0,0,32,32,0,128,7.5
462,Riley Patterson,JAX,2022,PK,17,0,0,0,0,30,36,0,126,7.4
463,Graham Gano,NYG,2022,PK,17,0,0,0,0,29,32,0,119,7.0
464,Jason Sanders,MIA,2022,PK,17,0,0,0,0,26,41,0,119,7.0
465,Greg Zuerlein,NYJ,2022,PK,17,0,0,0,0,30,28,0,118,6.9
466,Greg Joseph,MIN,2022,PK,17,0,0,0,0,26,40,0,118,6.9
467,Ryan Succop,TB,2022,PK,17,0,0,0,0,31,24,0,117,6.9
468,Matt Gay,LAR,2022,PK,17,0,0,0,0,28,31,0,115,6.8
469,Mason Crosby,GB,2022,PK,17,0,0,0,0,25,37,0,112,6.6
470,Evan McPherson,CIN,2022,PK,16,0,0,0,0,24,40,0,112,7.0
471,Ka'imi Fairbairn,HOU,2022,PK,17,0,0,0,0,29,24,0,111,6.5
472,Jake Elliott,PHI,2022,PK,16,0,0,0,0,20,51,0,111,6.9
473,Chase McLaughlin,IND,2022,PK,16,0,0,0,0,30,21,0,111,6.9
474,Brandon McManus,DEN,2022,PK,17,0,0,0,0,28,25,0,109,6.4
475,Austin Ekeler,LAC,2022,RB,17,13,5,0,18,0,0,0,108,6.4
476,Cade York,CLE,2022,PK,17,0,0,0,0,24,35,0,107,6.3
477,Michael BadgleyCHI,CHI / DET,2022,PK,13,0,0,0,0,24,33,0,105,8.1
478,Jamaal Williams,DET,2022,RB,17,17,0,0,17,0,0,1,104,6.1
479,Wil Lutz,NO,2022,PK,17,0,0,0,0,23,33,0,102,6.0
480,Joey Slye,WSH,2022,PK,17,0,0,0,0,25,24,0,99,5.8
481,Harrison Butker,KC,2022,PK,13,0,0,0,0,18,38,0,92,7.1
482,Cairo Santos,CHI,2022,PK,16,0,0,0,0,21,27,0,90,5.6
483,Cameron DickerLAC,LAC / PHI,2022,PK,11,0,0,0,0,21,24,0,87,7.9
484,Davante Adams,LV,2022,WR,17,0,14,0,14,0,0,0,84,4.9
485,Matt Prater,ARI,2022,PK,13,0,0,0,0,22,17,0,83,6.4
486,Jalen Hurts,PHI,2022,QB,15,13,0,0,13,0,0,2,82,5.5
487,Nick Chubb,CLE,2022,RB,17,12,1,0,13,0,0,1,80,4.7
488,Randy Bullock,TEN,2022,PK,15,0,0,0,0,17,28,0,79,5.3
489,Chris Boswell,PIT,2022,PK,12,0,0,0,0,20,18,0,78,6.5
490,Derrick Henry,TEN,2022,RB,16,13,0,0,13,0,0,0,78,4.9
491,Christian McCaffreySF,SF / CAR,2022,RB,17,8,5,0,13,0,0,0,78,4.6
492,Travis Kelce,KC,2022,TE,17,0,12,0,12,0,0,1,74,4.4
493,Ezekiel Elliott,DAL,2022,RB,15,12,0,0,12,0,0,0,72,4.8
494,Tony Pollard,DAL,2022,RB,16,9,3,0,12,0,0,0,72,4.5
495,Josh Jacobs,LV,2022,RB,17,12,0,0,12,0,0,0,72,4.2
496,Stefon Diggs,BUF,2022,WR,16,0,11,0,11,0,0,0,66,4.1
497,George Kittle,SF,2022,TE,15,0,11,0,11,0,0,0,66,4.4
498,Miles Sanders,PHI,2022,RB,17,11,0,0,11,0,0,0,66,3.9
499,A.J. Brown,PHI,2022,WR,17,0,11,0,11,0,0,0,66,3.9
500,Jerick McKinnon,KC,2022,RB,17,1,9,0,10,0,0,1,62,3.6
501,Saquon Barkley,NYG,2022,RB,16,10,0,0,10,0,0,1,62,3.9
502,Dalvin Cook,MIN,2022,RB,17,8,2,0,10,0,0,0,60,3.5
503,Matthew WrightKC,KC / PIT,2022,PK,6,0,0,0,0,15,15,0,60,10.0
504,Najee Harris,PIT,2022,RB,17,7,3,0,10,0,0,0,60,3.5
505,Justin Jefferson,MIN,2022,WR,17,1,8,0,9,0,0,1,56,3.3
506,Cordarrelle Patterson,ATL,2022,RB,13,8,0,1,9,0,0,0,54,4.2
507,Taysom Hill,NO,2022,QB,16,7,2,0,9,0,0,0,54,3.4
508,Tyler Lockett,SEA,2022,WR,16,0,9,0,9,0,0,0,54,3.4
509,Amari Cooper,CLE,2022,WR,17,0,9,0,9,0,0,0,54,3.2
510,Joe Mixon,CIN,2022,RB,14,7,2,0,9,0,0,0,54,3.9
511,CeeDee Lamb,DAL,2022,WR,17,0,9,0,9,0,0,0,54,3.2
512,Christian Watson,GB,2022,WR,14,2,7,0,9,0,0,0,54,3.9
513,Ja'Marr Chase,CIN,2022,WR,12,0,9,0,9,0,0,0,54,4.5
514,Kenneth Walker III,SEA,2022,RB,15,9,0,0,9,0,0,0,54,3.6
515,D'Andre Swift,DET,2022,RB,14,5,3,0,8,0,0,1,50,3.6
516,James Conner,ARI,2022,RB,13,7,1,0,8,0,0,0,48,3.7
517,Tyreek Hill,MIA,2022,WR,17,1,7,0,8,0,0,0,48,2.8
518,Christian Kirk,JAX,2022,WR,17,0,8,0,8,0,0,0,48,2.8
519,Brandon Aiyuk,SF,2022,WR,17,0,8,0,8,0,0,0,48,2.8
520,Justin Fields,CHI,2022,QB,15,8,0,0,8,0,0,0,48,3.2
521,Jaylen Waddle,MIA,2022,WR,17,0,8,0,8,0,0,0,48,2.8
522,Aaron Jones,GB,2022,RB,17,2,5,0,7,0,0,1,44,2.6
523,Josh Allen,BUF,2022,QB,16,7,0,0,7,0,0,1,44,2.8
524,Tee Higgins,CIN,2022,WR,16,0,7,0,7,0,0,1,44,2.8
525,Jahan Dotson,WSH,2022,WR,12,0,7,0,7,0,0,1,44,3.7
526,Cooper Kupp,LAR,2022,WR,9,1,6,0,7,0,0,0,42,4.7
527,DJ Moore,CAR,2022,WR,17,0,7,0,7,0,0,0,42,2.5
528,Daniel Jones,NYG,2022,QB,16,7,0,0,7,0,0,0,42,2.6
529,Juwan Johnson,NO,2022,TE,16,0,7,0,7,0,0,0,42,2.6
530,AJ Dillon,GB,2022,RB,17,7,0,0,7,0,0,0,42,2.5
531,Cam Akers,LAR,2022,RB,15,7,0,0,7,0,0,0,42,2.8
532,DeVonta Smith,PHI,2022,WR,17,0,7,0,7,0,0,0,42,2.5
533,Gabe Davis,BUF,2022,WR,15,0,7,0,7,0,0,0,42,2.8
534,Cole Kmet,CHI,2022,TE,17,0,7,0,7,0,0,0,42,2.5
535,T.J. HockensonMIN,MIN / DET,2022,TE,17,0,6,0,6,0,0,2,40,2.4
536,Dustin Hopkins,LAC,2022,PK,5,0,0,0,0,9,12,0,39,7.8
537,Latavius MurrayNO,NO / DEN,2022,RB,13,6,0,0,6,0,0,1,38,2.9
538,Adam Thielen,MIN,2022,WR,17,0,6,0,6,0,0,1,38,2.2
539,Jakobi Meyers,NE,2022,WR,14,0,6,0,6,0,0,1,38,2.7
540,Mike Evans,TB,2022,WR,15,0,6,0,6,0,0,0,36,2.4
541,Leonard Fournette,TB,2022,RB,16,3,3,0,6,0,0,0,36,2.3
542,Samaje Perine,CIN,2022,RB,16,2,4,0,6,0,0,0,36,2.3
543,Jeff Wilson Jr.SF,SF / MIA,2022,RB,16,5,1,0,6,0,0,0,36,2.3
544,Allen Lazard,GB,2022,WR,15,0,6,0,6,0,0,0,36,2.4
545,Dawson Knox,BUF,2022,TE,15,0,6,0,6,0,0,0,36,2.4
546,Mecole Hardman,KC,2022,WR,8,2,4,0,6,0,0,0,36,4.5
547,David Montgomery,CHI,2022,RB,16,5,1,0,6,0,0,0,36,2.3
548,Devin Singletary,BUF,2022,RB,16,5,1,0,6,0,0,0,36,2.3
549,DK Metcalf,SEA,2022,WR,17,0,6,0,6,0,0,0,36,2.1
550,Alexander Mattison,MIN,2022,RB,17,5,1,0,6,0,0,0,36,2.1
551,Jerry Jeudy,DEN,2022,WR,15,0,6,0,6,0,0,0,36,2.4
552,Clyde Edwards-Helaire,KC,2022,RB,10,3,3,0,6,0,0,0,36,3.6
553,Amon-Ra St. Brown,DET,2022,WR,16,0,6,0,6,0,0,0,36,2.3
554,Rhamondre Stevenson,NE,2022,RB,17,5,1,0,6,0,0,0,36,2.1
555,Tyler Boyd,CIN,2022,WR,16,0,5,0,5,0,0,1,32,2.0
556,Zay Jones,JAX,2022,WR,16,0,5,0,5,0,0,1,32,2.0
557,Russell Gage,TB,2022,WR,13,0,5,0,5,0,0,1,32,2.5
558,Mark Andrews,BAL,2022,TE,15,0,5,0,5,0,0,1,32,2.1
559,D'Onta Foreman,CAR,2022,RB,17,5,0,0,5,0,0,1,32,1.9
560,Jordan Akins,HOU,2022,TE,15,0,5,0,5,0,0,1,32,2.1
561,Travis Etienne Jr.,JAX,2022,RB,17,5,0,0,5,0,0,1,32,1.9
562,George Pickens,PIT,2022,WR,17,1,4,0,5,0,0,1,32,1.9
563,Raheem Mostert,MIA,2022,RB,16,3,2,0,5,0,0,0,30,1.9
564,Kenyan Drake,BAL,2022,RB,12,4,1,0,5,0,0,0,30,2.5
565,Mike Gesicki,MIA,2022,TE,17,0,5,0,5,0,0,0,30,1.8
566,Dalton Schultz,DAL,2022,TE,15,0,5,0,5,0,0,0,30,2.0
567,Terry McLaurin,WSH,2022,WR,17,0,5,0,5,0,0,0,30,1.8
568,Curtis Samuel,WSH,2022,WR,17,1,4,0,5,0,0,0,30,1.8
569,Deebo Samuel Sr.,SF,2022,WR,13,3,2,0,5,0,0,0,30,2.3
570,Isaiah McKenzie,BUF,2022,WR,15,1,4,0,5,0,0,0,30,2.0
571,Joe Burrow,CIN,2022,QB,16,5,0,0,5,0,0,0,30,1.9
572,K.J. Osborn,MIN,2022,WR,17,0,5,0,5,0,0,0,30,1.8
573,Khalil Herbert,CHI,2022,RB,13,4,1,0,5,0,0,0,30,2.3
574,Devin Duvernay,BAL,2022,WR,14,1,3,1,5,0,0,0,30,2.1
575,James RobinsonJAX,JAX / NYJ,2022,RB,11,3,2,0,5,0,0,0,30,2.7
576,Dameon Pierce,HOU,2022,RB,13,4,1,0,5,0,0,0,30,2.3
577,Antonio Gibson,WSH,2022,RB,15,3,2,0,5,0,0,0,30,2.0
578,Trevor Lawrence,JAX,2022,QB,17,5,0,0,5,0,0,0,30,1.8
579,Isiah Pacheco,KC,2022,RB,17,5,0,0,5,0,0,0,30,1.8
580,Breece Hall,NYJ,2022,RB,7,4,1,0,5,0,0,0,30,4.3
581,Zach Ertz,ARI,2022,TE,10,0,4,0,4,0,0,2,28,2.8
582,Evan Engram,JAX,2022,TE,17,0,4,0,4,0,0,1,26,1.5
583,Patrick Mahomes,KC,2022,QB,17,4,0,0,4,0,0,1,26,1.5
584,Gerald Everett,LAC,2022,TE,16,0,4,0,4,0,0,1,26,1.6
585,Isaiah HodginsBUF,BUF / NYG,2022,WR,10,0,4,0,4,0,0,1,26,2.6
586,Chris Olave,NO,2022,WR,15,0,4,0,4,0,0,1,26,1.7
587,Tyler Allgeier,ATL,2022,RB,16,3,1,0,4,0,0,1,26,1.6
588,Drake London,ATL,2022,WR,17,0,4,0,4,0,0,1,26,1.5
589,Keenan Allen,LAC,2022,WR,10,0,4,0,4,0,0,0,24,2.4
590,Marquise Goodwin,SEA,2022,WR,13,0,4,0,4,0,0,0,24,1.8
591,MyCole Pruitt,ATL,2022,TE,13,0,4,0,4,0,0,0,24,1.8
592,Marcus Mariota,ATL,2022,QB,13,4,0,0,4,0,0,0,24,1.8
593,Mack Hollins,LV,2022,WR,17,0,4,0,4,0,0,0,24,1.4
594,Mike Williams,LAC,2022,WR,13,0,4,0,4,0,0,0,24,1.8
595,Alvin Kamara,NO,2022,RB,15,2,2,0,4,0,0,0,24,1.6
596,Kareem Hunt,CLE,2022,RB,17,3,1,0,4,0,0,0,24,1.4
597,Richie James,NYG,2022,WR,17,0,4,0,4,0,0,0,24,1.4
598,David Njoku,CLE,2022,TE,14,0,4,0,4,0,0,0,24,1.7
599,Dontrell Hilliard,TEN,2022,RB,12,0,4,0,4,0,0,0,24,2.0
600,Nyheim HinesIND,IND / BUF,2022,RB,16,1,1,2,4,0,0,0,24,1.5
601,Trenton Irwin,CIN,2022,WR,9,0,4,0,4,0,0,0,24,2.7
602,Michael Pittman Jr.,IND,2022,WR,16,0,4,0,4,0,0,0,24,1.5
603,Noah Fant,SEA,2022,TE,17,0,4,0,4,0,0,0,24,1.4
604,Michael Gallup,DAL,2022,WR,14,0,4,0,4,0,0,0,24,1.7
605,Jonathan Taylor,IND,2022,RB,11,4,0,0,4,0,0,0,24,2.2
606,Brock Wright,DET,2022,TE,17,0,4,0,4,0,0,0,24,1.4
607,Donovan Peoples-Jones,CLE,2022,WR,17,0,3,1,4,0,0,0,24,1.4
608,Kenneth Gainwell,PHI,2022,RB,17,4,0,0,4,0,0,0,24,1.4
609,Garrett Wilson,NYJ,2022,WR,17,0,4,0,4,0,0,0,24,1.4
610,Shane Zylstra,DET,2022,TE,13,0,4,0,4,0,0,0,24,1.8
611,Austin Seibert,DET,2022,PK,3,0,0,0,0,3,12,0,21,7.0
612,Jamal Agnew,JAX,2022,WR,15,0,3,0,3,0,0,1,20,1.3
613,Chris Godwin,TB,2022,WR,15,0,3,0,3,0,0,1,20,1.3
614,Kyler Murray,ARI,2022,QB,11,3,0,0,3,0,0,1,20,1.8
615,Matt AmmendolaARI,ARI / KC,2022,PK,4,0,0,0,0,5,5,0,20,5.0
616,Joshua Palmer,LAC,2022,WR,16,0,3,0,3,0,0,1,20,1.3
617,Chigoziem Okonkwo,TEN,2022,TE,17,0,3,0,3,0,0,1,20,1.2
618,Daniel Bellinger,NYG,2022,TE,12,1,2,0,3,0,0,1,20,1.7
619,Russell Wilson,DEN,2022,QB,15,3,0,0,3,0,0,0,18,1.2
620,Marvin Jones Jr.,JAX,2022,WR,16,0,3,0,3,0,0,0,18,1.1
621,DeAndre Hopkins,ARI,2022,WR,9,0,3,0,3,0,0,0,18,2.0
622,Brandin Cooks,HOU,2022,WR,13,0,3,0,3,0,0,0,18,1.4
623,Allen Robinson II,LAR,2022,WR,10,0,3,0,3,0,0,0,18,1.8
624,Tyler Higbee,LAR,2022,TE,17,0,3,0,3,0,0,0,18,1.1
625,DeVante Parker,NE,2022,WR,13,0,3,0,3,0,0,0,18,1.4
626,Darren Waller,LV,2022,TE,9,0,3,0,3,0,0,0,18,2.0
627,DeAndre Carter,LAC,2022,WR,17,0,3,0,3,0,0,0,18,1.1
628,Michael Thomas,NO,2022,WR,3,0,3,0,3,0,0,0,18,6.0
629,Mo Alie-Cox,IND,2022,TE,17,0,3,0,3,0,0,0,18,1.1
630,Boston Scott,PHI,2022,RB,15,3,0,0,3,0,0,0,18,1.2
631,Gus Edwards,BAL,2022,RB,9,3,0,0,3,0,0,0,18,2.0
632,Josh Reynolds,DET,2022,WR,14,0,3,0,3,0,0,0,18,1.3
633,DJ Chark Jr.,DET,2022,WR,11,0,3,0,3,0,0,0,18,1.6
634,Chase EdmondsMIA,MIA / DEN,2022,RB,13,2,1,0,3,0,0,0,18,1.4
635,JuJu Smith-Schuster,KC,2022,WR,16,0,3,0,3,0,0,0,18,1.1
636,Dallas Goedert,PHI,2022,TE,12,0,3,0,3,0,0,0,18,1.5
637,Noah Brown,DAL,2022,WR,16,0,3,0,3,0,0,0,18,1.1
638,Parris Campbell,IND,2022,WR,17,0,3,0,3,0,0,0,18,1.1
639,Will Dissly,SEA,2022,TE,15,0,3,0,3,0,0,0,18,1.2
640,Dante Pettis,CHI,2022,WR,17,0,3,0,3,0,0,0,18,1.1
641,Tyler Conklin,NYJ,2022,TE,17,0,3,0,3,0,0,0,18,1.1
642,Lamar Jackson,BAL,2022,QB,12,3,0,0,3,0,0,0,18,1.5
643,Olamide Zaccheaus,ATL,2022,WR,17,0,3,0,3,0,0,0,18,1.1
644,Damien Harris,NE,2022,RB,11,3,0,0,3,0,0,0,18,1.6
645,JaMycal Hasty,JAX,2022,RB,17,2,1,0,3,0,0,0,18,1.1
646,Nick Westbrook-Ikhine,TEN,2022,WR,17,0,3,0,3,0,0,0,18,1.1
647,Van Jefferson,LAR,2022,WR,11,0,3,0,3,0,0,0,18,1.6
648,Rashid Shaheed,NO,2022,WR,12,1,2,0,3,0,0,0,18,1.5
649,Darrell Henderson Jr.,LAR,2022,RB,10,3,0,0,3,0,0,0,18,1.8
650,Quez Watkins,PHI,2022,WR,17,0,3,0,3,0,0,0,18,1.1
651,Kadarius ToneyKC,KC / NYG,2022,WR,9,1,2,0,3,0,0,0,18,2.0
652,Michael Carter,NYJ,2022,RB,16,3,0,0,3,0,0,0,18,1.1
653,Kenny Pickett,PIT,2022,QB,13,3,0,0,3,0,0,0,18,1.4
654,Marquise Brown,ARI,2022,WR,12,0,3,0,3,0,0,0,18,1.5
655,Jelani Woods,IND,2022,TE,15,0,3,0,3,0,0,0,18,1.2
656,Brian Robinson Jr.,WSH,2022,RB,12,2,1,0,3,0,0,0,18,1.5
657,Marcus Jones,NE,2022,CB,15,0,1,2,3,0,0,0,18,1.2
658,J.K. Dobbins,BAL,2022,RB,8,2,1,0,3,0,0,0,18,2.3
659,Peyton Hendershot,DAL,2022,TE,17,1,2,0,3,0,0,0,18,1.1
660,Raheem Blackshear,CAR,2022,RB,13,3,0,0,3,0,0,0,18,1.4
661,Isaiah Likely,BAL,2022,TE,16,0,3,0,3,0,0,0,18,1.1
662,Romeo Doubs,GB,2022,WR,13,0,3,0,3,0,0,0,18,1.4
663,Tyquan Thornton,NE,2022,WR,13,1,2,0,3,0,0,0,18,1.4
664,Tommy Tremble,CAR,2022,TE,17,0,3,0,3,0,0,0,18,1.1
665,James Cook,BUF,2022,RB,16,2,1,0,3,0,0,0,18,1.1
666,Kyle Dugger,NE,2022,S,15,0,0,3,3,0,0,0,18,1.2
667,Rachaad White,TB,2022,RB,17,1,2,0,3,0,0,0,18,1.1
668,Rodrigo BlankenshipIND,IND / ARI,2022,PK,3,0,0,0,0,4,4,0,16,5.3
669,Taylor Bertolet,LAC,2022,PK,2,0,0,0,0,3,6,0,15,7.5
670,Marcedes Lewis,GB,2022,TE,17,0,2,0,2,0,0,1,14,0.8
671,A.J. Green,ARI,2022,WR,15,0,2,0,2,0,0,1,14,0.9
672,Eno BenjaminARI,ARI / HOU,2022,RB,15,2,0,0,2,0,0,1,14,0.9
673,Julio Jones,TB,2022,WR,10,0,2,0,2,0,0,0,12,1.2
674,Ryan Tannehill,TEN,2022,QB,12,2,0,0,2,0,0,0,12,1.0
675,Kirk Cousins,MIN,2022,QB,17,2,0,0,2,0,0,0,12,0.7
676,Robert Woods,TEN,2022,WR,17,0,2,0,2,0,0,0,12,0.7
677,Kyle Juszczyk,SF,2022,FB,16,1,1,0,2,0,0,0,12,0.8
678,Jimmy Garoppolo,SF,2022,QB,11,2,0,0,2,0,0,0,12,1.1
679,Eric Tomlinson,DEN,2022,TE,17,0,2,0,2,0,0,0,12,0.7
680,C.J. Uzomah,NYJ,2022,TE,15,0,2,0,2,0,0,0,12,0.8
681,Melvin Gordon III,DEN,2022,RB,10,2,0,0,2,0,0,0,12,1.2
682,Derek Watt,PIT,2022,FB,17,1,1,0,2,0,0,0,12,0.7
683,Chris Moore,HOU,2022,WR,16,0,2,0,2,0,0,0,12,0.8
684,Damiere Byrd,ATL,2022,WR,14,0,2,0,2,0,0,0,12,0.9
685,Jacoby Brissett,CLE,2022,QB,16,2,0,0,2,0,0,0,12,0.8
686,Nelson Agholor,NE,2022,WR,16,0,2,0,2,0,0,0,12,0.8
687,Robert Tonyan,GB,2022,TE,17,0,2,0,2,0,0,0,12,0.7
688,Tevin Coleman,SF,2022,RB,5,1,1,0,2,0,0,0,12,2.4
689,Mitchell Trubisky,PIT,2022,QB,7,2,0,0,2,0,0,0,12,1.7
690,Corey Davis,NYJ,2022,WR,13,0,2,0,2,0,0,0,12,0.9
691,O.J. Howard,HOU,2022,TE,13,0,2,0,2,0,0,0,12,0.9
692,Demarcus Robinson,BAL,2022,WR,17,0,2,0,2,0,0,0,12,0.7
693,Austin Hooper,TEN,2022,TE,17,0,2,0,2,0,0,0,12,0.7
694,Kendall Fuller,WSH,2022,CB,17,0,0,2,2,0,0,0,12,0.7
695,Hunter Henry,NE,2022,TE,17,0,2,0,2,0,0,0,12,0.7
696,Marquez Valdes-Scantling,KC,2022,WR,17,0,2,0,2,0,0,0,12,0.7
697,River Cracraft,MIA,2022,WR,11,0,2,0,2,0,0,0,12,1.1
698,Durham Smythe,MIA,2022,TE,16,1,1,0,2,0,0,0,12,0.8
699,Justin Jackson,DET,2022,RB,16,1,1,0,2,0,0,0,12,0.8
700,Justin Watson,KC,2022,WR,17,0,2,0,2,0,0,0,12,0.7
701,Trent Sherfield,MIA,2022,WR,17,0,2,0,2,0,0,0,12,0.7
702,Braxton Berrios,NYJ,2022,WR,17,2,0,0,2,0,0,0,12,0.7
703,Courtland Sutton,DEN,2022,WR,15,0,2,0,2,0,0,0,12,0.8
704,Lorenzo Carter,ATL,2022,LB,17,0,0,1,2,0,0,0,12,0.7
705,Hunter Renfrow,LV,2022,WR,10,0,2,0,2,0,0,0,12,1.2
706,Marlon MackSF,SF / DEN,2022,RB,8,1,1,0,2,0,0,0,12,1.5
707,Rashaad Penny,SEA,2022,RB,5,2,0,0,2,0,0,0,12,2.4
708,Ray-Ray McCloud III,SF,2022,WR,17,1,1,0,2,0,0,0,12,0.7
709,Foster Moreau,LV,2022,TE,15,0,2,0,2,0,0,0,12,0.8
710,Joshua Kelley,LAC,2022,RB,13,2,0,0,2,0,0,0,12,0.9
711,Sam Darnold,CAR,2022,QB,6,2,0,0,2,0,0,0,12,2.0
712,Darius Slayton,NYG,2022,WR,16,0,2,0,2,0,0,0,12,0.8
713,Alec Ingold,MIA,2022,FB,17,1,1,0,2,0,0,0,12,0.7
714,Josh Oliver,BAL,2022,TE,17,0,2,0,2,0,0,0,12,0.7
715,Hayden Hurst,CIN,2022,TE,13,0,2,0,2,0,0,0,12,0.9
716,C.J. Ham,MIN,2022,FB,17,2,0,0,2,0,0,0,12,0.7
717,Velus Jones Jr.,CHI,2022,WR,12,1,1,0,2,0,0,0,12,1.0
718,Byron Pringle,CHI,2022,WR,11,0,2,0,2,0,0,0,12,1.1
719,Greg Dortch,ARI,2022,WR,16,0,2,0,2,0,0,0,12,0.8
720,Darnell Mooney,CHI,2022,WR,12,0,2,0,2,0,0,0,12,1.0
721,Irv Smith Jr.,MIN,2022,TE,8,0,2,0,2,0,0,0,12,1.5
722,Deon Jackson,IND,2022,RB,16,1,1,0,2,0,0,0,12,0.8
723,Noah Gray,KC,2022,TE,17,1,1,0,2,0,0,0,12,0.7
724,Chuba Hubbard,CAR,2022,RB,15,2,0,0,2,0,0,0,12,0.8
725,Elijah Mitchell,SF,2022,RB,5,2,0,0,2,0,0,0,12,2.4
726,Jake Ferguson,DAL,2022,TE,16,0,2,0,2,0,0,0,12,0.8
727,Davis Mills,HOU,2022,QB,15,2,0,0,2,0,0,0,12,0.8
728,Colby Parkinson,SEA,2022,TE,17,0,2,0,2,0,0,0,12,0.7
729,Laviska Shenault Jr.,CAR,2022,WR,13,1,1,0,2,0,0,0,12,0.9
730,Cade Otton,TB,2022,TE,16,0,2,0,2,0,0,0,12,0.8
731,Nico Collins,HOU,2022,WR,10,0,2,0,2,0,0,0,12,1.2
732,Shi Smith,CAR,2022,WR,17,0,2,0,2,0,0,0,12,0.7
733,Zander Horvath,LAC,2022,FB,15,0,2,0,2,0,0,0,12,0.8
734,Alec Pierce,IND,2022,WR,16,0,2,0,2,0,0,0,12,0.8
735,Kyle Pitts,ATL,2022,TE,10,0,2,0,2,0,0,0,12,1.2
736,Tutu Atwell,LAR,2022,WR,13,1,1,0,2,0,0,0,12,0.9
737,Rashod Bateman,BAL,2022,WR,7,0,2,0,2,0,0,0,12,1.7
738,Zach Wilson,NYJ,2022,QB,9,1,1,0,2,0,0,0,12,1.3
739,Pat Freiermuth,PIT,2022,TE,16,0,2,0,2,0,0,0,12,0.8
740,Dyami Brown,WSH,2022,WR,15,0,2,0,2,0,0,0,12,0.8
741,Greg Dulcich,DEN,2022,TE,10,0,2,0,2,0,0,0,12,1.2
742,Teagan Quitoriano,HOU,2022,TE,9,0,2,0,2,0,0,0,12,1.3
743,Jody Fortson,KC,2022,TE,13,0,2,0,2,0,0,0,12,0.9
744,Caleb Shudak,TEN,2022,PK,1,0,0,0,0,3,1,0,10,10.0
745,Tristan VizcainoARI,ARI / NE,2022,PK,3,0,0,0,0,2,3,0,9,3.0
746,Mark Ingram II,NO,2022,RB,10,1,0,0,1,0,0,1,8,0.8
747,Jarvis Landry,NO,2022,WR,9,0,1,0,1,0,0,1,8,0.9
748,KhaDarel Hodge,ATL,2022,WR,17,0,1,0,1,0,0,1,8,0.5
749,Tyler Huntley,BAL,2022,QB,6,1,0,0,1,0,0,1,8,1.3
750,Khalil Shakir,BUF,2022,WR,14,0,1,0,1,0,0,1,8,0.6
751,Nick Sciba,PIT,2022,PK,1,0,0,0,0,2,1,0,7,7.0
752,Tom Brady,TB,2022,QB,17,1,0,0,1,0,0,0,6,0.4
753,Aaron Rodgers,GB,2022,QB,17,1,0,0,1,0,0,0,6,0.4
754,Matt Ryan,IND,2022,QB,12,1,0,0,1,0,0,0,6,0.5
755,Matthew Stafford,LAR,2022,QB,9,1,0,0,1,0,0,0,6,0.7
756,Randall Cobb,GB,2022,WR,13,0,1,0,1,0,0,0,6,0.5
757,Kyle Rudolph,TB,2022,TE,9,0,1,0,1,0,0,0,6,0.7
758,Melvin Ingram,MIA,2022,LB,17,0,0,1,1,0,0,0,6,0.4
759,Chandler Jones,LV,2022,DE,15,0,0,1,1,0,0,0,6,0.4
760,Rodney McLeod Jr.,IND,2022,S,17,0,0,1,1,0,0,0,6,0.4
761,Brandon Bolden,LV,2022,RB,16,0,1,0,1,0,0,0,6,0.4
762,Duron Harmon,LV,2022,S,17,0,0,1,1,0,0,0,6,0.4
763,Geno Smith,SEA,2022,QB,17,1,0,0,1,0,0,0,6,0.4
764,Rex Burkhead,HOU,2022,RB,16,0,1,0,1,0,0,0,6,0.4
765,DeMarcus Lawrence,DAL,2022,DE,17,0,0,1,1,0,0,0,6,0.4
766,John Brown,BUF,2022,WR,3,0,1,0,1,0,0,0,6,2.0
767,Logan Thomas,WSH,2022,TE,14,0,1,0,1,0,0,0,6,0.4
768,Blake Bell,KC,2022,TE,3,0,1,0,1,0,0,0,6,2.0
769,Bryce Callahan,LAC,2022,CB,15,0,0,1,1,0,0,0,6,0.4
770,Taylor Heinicke,WSH,2022,QB,9,1,0,0,1,0,0,0,6,0.7
771,Malcolm Brown,LAR,2022,RB,11,1,0,0,1,0,0,0,6,0.5
772,James Bradberry IV,PHI,2022,CB,17,0,0,1,1,0,0,0,6,0.4
773,Carson Wentz,WSH,2022,QB,8,1,0,0,1,0,0,0,6,0.8
774,Robbie ChosenARI,ARI / CAR,2022,WR,16,0,1,0,1,0,0,0,6,0.4
775,Ameer Abdullah,LV,2022,RB,17,0,1,0,1,0,0,0,6,0.4
776,Andrew Adams,TEN,2022,S,13,0,0,1,1,0,0,0,6,0.5
777,Ty Montgomery II,NE,2022,WR,1,0,1,0,1,0,0,0,6,6.0
778,Dak Prescott,DAL,2022,QB,12,1,0,0,1,0,0,0,6,0.5
779,Phillip Dorsett,HOU,2022,WR,15,0,1,0,1,0,0,0,6,0.4
780,Rayshawn Jenkins,JAX,2022,S,17,0,0,1,1,0,0,0,6,0.4
781,Jonathan Jones,NE,2022,CB,16,0,0,1,1,0,0,0,6,0.4
782,Will Parks,NYJ,2022,S,14,0,0,0,1,0,0,0,6,0.4
783,Breshad Perriman,TB,2022,WR,11,0,1,0,1,0,0,0,6,0.5
784,Kalif Raymond,DET,2022,WR,17,0,0,1,1,0,0,0,6,0.4
785,Kenny Golladay,NYG,2022,WR,12,0,1,0,1,0,0,0,6,0.5
786,Eric Saubert,DEN,2022,TE,17,0,1,0,1,0,0,0,6,0.4
787,Sterling Shepard,NYG,2022,WR,3,0,1,0,1,0,0,0,6,2.0
788,Zach Pascal,PHI,2022,WR,17,0,1,0,1,0,0,0,6,0.4
789,Xavien Howard,MIA,2022,CB,15,0,0,1,1,0,0,0,6,0.4
790,Landon Collins,NYG,2022,S,6,0,0,1,1,0,0,0,6,1.0
791,Dare Ogunbowale,HOU,2022,RB,17,1,0,0,1,0,0,0,6,0.4
792,De'Vondre Campbell,GB,2022,LB,13,0,0,1,1,0,0,0,6,0.5
793,Corey Clement,ARI,2022,RB,9,1,0,0,1,0,0,0,6,0.7
794,Kendrick Bourne,NE,2022,WR,16,0,1,0,1,0,0,0,6,0.4
795,Matt Milano,BUF,2022,LB,15,0,0,1,1,0,0,0,6,0.4
796,Geoff Swaim,TEN,2022,TE,17,0,1,0,1,0,0,0,6,0.4
797,Matt Breida,NYG,2022,RB,17,1,0,0,1,0,0,0,6,0.4
798,Mike White,NYJ,2022,QB,4,1,0,0,1,0,0,0,6,1.5
799,Johnny Mundt,MIN,2022,TE,17,0,1,0,1,0,0,0,6,0.4
800,Baker MayfieldLAR,LAR / CAR,2022,QB,12,1,0,0,1,0,0,0,6,0.5
801,Davis Webb,NYG,2022,QB,1,1,0,0,1,0,0,0,6,6.0
802,Keelan Cole Sr.,LV,2022,WR,14,0,1,0,1,0,0,0,6,0.4
803,Emmanuel Moseley,SF,2022,CB,5,0,0,1,1,0,0,0,6,1.2
804,Darrel Williams,ARI,2022,RB,6,1,0,0,1,0,0,0,6,1.0
805,Marquis Haynes Sr.,CAR,2022,LB,17,0,0,1,1,0,0,0,6,0.4
806,Ross Dwelley,SF,2022,TE,12,0,1,0,1,0,0,0,6,0.5
807,Malik Hooker,DAL,2022,S,16,0,0,1,1,0,0,0,6,0.4
808,Marshon Lattimore,NO,2022,CB,7,0,0,1,1,0,0,0,6,0.9
809,Raekwon McMillan,NE,2022,LB,16,0,0,1,1,0,0,0,6,0.4
810,Deshaun Watson,CLE,2022,QB,6,1,0,0,1,0,0,0,6,1.0
811,Frankie Luvu,CAR,2022,LB,15,0,0,1,1,0,0,0,6,0.4
812,Tre'Quan Smith,NO,2022,WR,15,0,1,0,1,0,0,0,6,0.4
813,Andrew Van Ginkel,MIA,2022,LB,17,0,0,0,1,0,0,0,6,0.4
814,Chris Myarick,NYG,2022,TE,16,0,1,0,1,0,0,0,6,0.4
815,Mike Edwards,TB,2022,S,13,0,0,1,1,0,0,0,6,0.5
816,Josh Sweat,PHI,2022,DE,16,0,0,1,1,0,0,0,6,0.4
817,Donte Jackson,CAR,2022,CB,9,0,0,1,1,0,0,0,6,0.7
818,Jaylinn Hawkins,ATL,2022,S,16,0,0,1,1,0,0,0,6,0.4
819,Jauan Jennings,SF,2022,WR,16,0,1,0,1,0,0,0,6,0.4
820,Adam Trautman,NO,2022,TE,15,0,1,0,1,0,0,0,6,0.4
821,Donald Parham Jr.,LAC,2022,TE,6,0,1,0,1,0,0,0,6,1.0
822,Ronald Jones,KC,2022,RB,6,1,0,0,1,0,0,0,6,1.0
823,Josh Allen,JAX,2022,LB,17,0,0,1,1,0,0,0,6,0.4
824,Ty Johnson,NYJ,2022,RB,17,1,0,0,1,0,0,0,6,0.4
825,Darnell Savage,GB,2022,S,16,0,0,1,1,0,0,0,6,0.4
826,Denzel Ward,CLE,2022,CB,14,0,0,1,1,0,0,0,6,0.4
827,Jonathan Greenard,HOU,2022,LB,8,0,0,1,1,0,0,0,6,0.8
828,Tyler Mabry,SEA,2022,TE,2,0,1,0,1,0,0,0,6,3.0
829,Dre Greenlaw,SF,2022,LB,15,0,0,1,1,0,0,0,6,0.4
830,Lawrence CagerNYG,NYG / NYJ,2022,TE,7,0,1,0,1,0,0,0,6,0.9
831,Michael Jackson,SEA,2022,CB,17,0,0,0,1,0,0,0,6,0.4
832,Mitchell Wilcox,CIN,2022,TE,16,0,1,0,1,0,0,0,6,0.4
833,Minkah Fitzpatrick,PIT,2022,S,15,0,0,1,1,0,0,0,6,0.4
834,Casey Toohill,WSH,2022,DE,16,0,0,1,1,0,0,0,6,0.4
835,Equanimeous St. Brown,CHI,2022,WR,16,0,1,0,1,0,0,0,6,0.4
836,Samori Toure,GB,2022,WR,11,0,1,0,1,0,0,0,6,0.5
837,Ko Kieft,TB,2022,TE,17,0,1,0,1,0,0,0,6,0.4
838,JoJo Domann,IND,2022,LB,16,0,0,0,1,0,0,0,6,0.4
839,Benny Snell Jr.,PIT,2022,RB,17,1,0,0,1,0,0,0,6,0.4
840,Albert Okwuegbunam Jr.,DEN,2022,TE,8,0,1,0,1,0,0,0,6,0.8
841,Marquez Callaway,NO,2022,WR,14,0,1,0,1,0,0,0,6,0.4
842,Brandon Johnson,DEN,2022,WR,7,0,1,0,1,0,0,0,6,0.9
843,Isaiah Simmons,ARI,2022,S,17,0,0,1,1,0,0,0,6,0.4
844,Kene Nwangwu,MIN,2022,RB,17,0,0,1,1,0,0,0,6,0.4
845,Ben Skowronek,LAR,2022,WR,14,1,0,0,1,0,0,0,6,0.4
846,Julian Blackmon,IND,2022,S,14,0,0,1,1,0,0,0,6,0.4
847,Zack MossIND,IND / BUF,2022,RB,13,1,0,0,1,0,0,0,6,0.5
848,Jack Jones,NE,2022,CB,13,0,0,1,1,0,0,0,6,0.5
849,Jalen Virgil,DEN,2022,WR,9,0,1,0,1,0,0,0,6,0.7
850,Travis Homer,SEA,2022,RB,10,0,1,0,1,0,0,0,6,0.6
851,Gardner Minshew,PHI,2022,QB,5,1,0,0,1,0,0,0,6,1.2
852,Byron Murphy Jr.,ARI,2022,CB,9,0,0,1,1,0,0,0,6,0.7
853,Reggie Gilliam,BUF,2022,FB,15,0,1,0,1,0,0,0,6,0.4
854,Harrison Bryant,CLE,2022,TE,17,0,1,0,1,0,0,0,6,0.4
855,Chris Evans,CIN,2022,RB,12,0,1,0,1,0,0,0,6,0.5
856,Chase ClaypoolPIT,PIT / CHI,2022,WR,15,0,1,0,1,0,0,0,6,0.4
857,N'Keal Harry,CHI,2022,WR,7,0,1,0,1,0,0,0,6,0.9
858,John Bates,WSH,2022,TE,16,0,1,0,1,0,0,0,6,0.4
859,Avery Williams,ATL,2022,CB,17,1,0,0,1,0,0,0,6,0.4
860,Ashton Dulin,IND,2022,WR,12,0,1,0,1,0,0,0,6,0.5
861,Amik Robertson,LV,2022,CB,17,0,0,1,1,0,0,0,6,0.4
862,Amari RodgersHOU,HOU / GB,2022,WR,16,0,1,0,1,0,0,0,6,0.4
863,Marco Wilson,ARI,2022,CB,14,0,0,1,1,0,0,0,6,0.4
864,Malik Davis,DAL,2022,RB,12,1,0,0,1,0,0,0,6,0.5
865,Mac Jones,NE,2022,QB,14,1,0,0,1,0,0,0,6,0.4
866,Jalen Reagor,MIN,2022,WR,17,0,1,0,1,0,0,0,6,0.4
867,Connor Heyward,PIT,2022,TE,17,0,1,0,1,0,0,0,6,0.4
868,Jeff Okudah,DET,2022,CB,15,0,0,1,1,0,0,0,6,0.4
869,Malik Willis,TEN,2022,QB,8,1,0,0,1,0,0,0,6,0.8
870,Salvon Ahmed,MIA,2022,RB,12,1,0,0,1,0,0,0,6,0.5
871,Quintin Morris,BUF,2022,TE,14,0,1,0,1,0,0,0,6,0.4
872,Zaven Collins,ARI,2022,LB,16,0,0,1,1,0,0,0,6,0.4
873,Caleb Huntley,ATL,2022,RB,12,1,0,0,1,0,0,0,6,0.5
874,Riq Woolen,SEA,2022,CB,17,0,0,1,1,0,0,0,6,0.4
875,Gary Brightwell,NYG,2022,RB,17,1,0,0,1,0,0,0,6,0.4
876,Tony Fields II,CLE,2022,LB,17,0,0,1,1,0,0,0,6,0.4
877,Pierre Strong Jr.,NE,2022,RB,15,1,0,0,1,0,0,0,6,0.4
878,Keisean Nixon,GB,2022,CB,17,0,0,1,1,0,0,0,6,0.4
879,Willie Gay,KC,2022,LB,13,0,0,1,1,0,0,0,6,0.5
880,Jordan Mason,SF,2022,RB,16,1,0,0,1,0,0,0,6,0.4
881,Talanoa Hufanga,SF,2022,S,17,0,0,1,1,0,0,0,6,0.4
882,Trey McBride,ARI,2022,TE,16,0,1,0,1,0,0,0,6,0.4
883,Micah Parsons,DAL,2022,LB,17,0,0,1,1,0,0,0,6,0.4
884,Brock Purdy,SF,2022,QB,9,1,0,0,1,0,0,0,6,0.7
885,Andre Cisco,JAX,2022,S,15,0,0,1,1,0,0,0,6,0.4
886,James Mitchell,DET,2022,TE,14,0,1,0,1,0,0,0,6,0.4
887,Keaontay Ingram,ARI,2022,RB,12,1,0,0,1,0,0,0,6,0.5
888,Terrace Marshall Jr.,CAR,2022,WR,14,0,1,0,1,0,0,0,6,0.4
889,Tyler Badie,DEN,2022,RB,1,0,1,0,1,0,0,0,6,6.0
890,Anthony Schwartz,CLE,2022,WR,11,1,0,0,1,0,0,0,6,0.5
891,Elijah Moore,NYJ,2022,WR,16,0,1,0,1,0,0,0,6,0.4
892,Rondale Moore,ARI,2022,WR,8,0,1,0,1,0,0,0,6,0.8
893,Dax Milne,WSH,2022,WR,15,0,1,0,1,0,0,0,6,0.4
894,Tyson Campbell,JAX,2022,CB,17,0,0,1,1,0,0,0,6,0.4
895,Jalen Nailor,MIN,2022,WR,15,0,1,0,1,0,0,0,6,0.4
896,Cobie Durant,LAR,2022,CB,13,0,0,1,1,0,0,0,6,0.5
897,Kayvon Thibodeaux,NYG,2022,LB,14,0,0,1,1,0,0,0,6,0.4
898,Jameson Williams,DET,2022,WR,6,0,1,0,1,0,0,0,6,1.0
899,Sam Howell,WSH,2022,QB,1,1,0,0,1,0,0,0,6,6.0
900,Zonovan Knight,NYJ,2022,RB,7,1,0,0,1,0,0,0,6,0.9
901,Treylon Burks,TEN,2022,WR,11,0,1,0,1,0,0,0,6,0.5
902,Snoop Conner,JAX,2022,RB,8,1,0,0,1,0,0,0,6,0.8
903,Wan'Dale Robinson,NYG,2022,WR,6,0,1,0,1,0,0,0,6,1.0
904,Jaylen Warren,PIT,2022,RB,16,1,0,0,1,0,0,0,6,0.4
905,Kevin Harris,NE,2022,RB,5,1,0,0,1,0,0,0,6,1.2
906,Jaylen Watson,KC,2022,CB,16,0,0,1,1,0,0,0,6,0.4
907,Dominik Eberle,DET,2022,PK,1,0,0,0,0,1,2,0,5,5.0
908,Diontae Johnson,PIT,2022,WR,17,0,0,0,0,0,0,2,4,0.2
909,Josh Lambo,TEN,2022,PK,1,0,0,0,0,0,3,0,3,3.0
910,Mike Purcell,DEN,2022,DT,17,0,0,0,0,0,0,0,2,0.1
911,J.D. McKissic,WSH,2022,RB,8,0,0,0,0,0,0,1,2,0.3
912,Frank Clark,KC,2022,LB,15,0,0,0,0,0,0,0,2,0.1
913,Jared Goff,DET,2022,QB,17,0,0,0,0,0,0,1,2,0.1
914,Sebastian Joseph-Day,LAC,2022,DT,16,0,0,0,0,0,0,0,2,0.1
915,Phillip Lindsay,IND,2022,RB,3,0,0,0,0,0,0,1,2,0.7
916,Mike Thomas,CIN,2022,WR,10,0,0,0,0,0,0,1,2,0.2
917,Josiah Deguara,GB,2022,TE,17,0,0,0,0,0,0,0,2,0.1
918,Daron Payne,WSH,2022,DT,17,0,0,0,0,0,0,0,2,0.1
919,Trevon Wesco,CHI,2022,TE,14,0,0,0,0,0,0,1,2,0.1
920,Ed Oliver,BUF,2022,DT,13,0,0,0,0,0,0,0,2,0.2
921,Roy Lopez,HOU,2022,DT,17,0,0,0,0,0,0,0,2,0.1
922,Dee Alford,ATL,2022,CB,16,0,0,0,0,0,0,0,2,0.1
923,Jermaine Johnson,NYJ,2022,LB,14,0,0,0,0,0,0,0,2,0.1
924,Justin Reid,KC,2022,S,17,0,0,0,0,0,1,0,1,0.1
925,Mitch Wishnowsky,SF,2022,P,17,0,0,0,0,0,1,0,1,0.1
926,Nick Folk,NE,2021,PK,17,0,0,0,0,36,42,0,150,8.8
927,Daniel Carlson,LV,2021,PK,17,0,0,0,0,40,30,0,150,8.8
928,Matt Gay,LAR,2021,PK,17,0,0,0,0,32,48,0,144,8.5
929,Matt Prater,ARI,2021,PK,17,0,0,0,0,30,47,0,137,8.1
930,Justin Tucker,BAL,2021,PK,17,0,0,0,0,35,32,0,137,8.1
931,Chris Boswell,PIT,2021,PK,17,0,0,0,0,36,27,0,135,7.9
932,Tyler Bass,BUF,2021,PK,17,0,0,0,0,28,51,0,135,7.9
933,Greg Joseph,MIN,2021,PK,17,0,0,0,0,33,36,0,135,7.9
934,Jake Elliott,PHI,2021,PK,17,0,0,0,0,30,44,0,134,7.9
935,Ryan Succop,TB,2021,PK,17,0,0,0,0,25,56,0,131,7.7
936,Dustin HopkinsLAC,LAC / WSH,2021,PK,17,0,0,0,0,30,40,0,130,7.6
937,Evan McPherson,CIN,2021,PK,16,0,0,0,0,28,46,0,130,8.1
938,Greg Zuerlein,DAL,2021,PK,16,0,0,0,0,29,42,0,129,8.1
939,Mason Crosby,GB,2021,PK,17,0,0,0,0,25,49,0,124,7.3
940,Austin Ekeler,LAC,2021,RB,16,12,8,0,20,0,0,2,124,7.8
941,Harrison Butker,KC,2021,PK,16,0,0,0,0,25,47,0,122,7.6
942,Randy Bullock,TEN,2021,PK,16,0,0,0,0,26,42,0,120,7.5
943,Jonathan Taylor,IND,2021,RB,17,18,2,0,20,0,0,0,120,7.1
944,Brandon McManus,DEN,2021,PK,17,0,0,0,0,26,33,0,111,6.5
945,Younghoe Koo,ATL,2021,PK,17,0,0,0,0,27,30,0,111,6.5
946,James Conner,ARI,2021,RB,15,15,3,0,18,0,0,0,108,7.2
947,Cairo Santos,CHI,2021,PK,17,0,0,0,0,26,27,0,105,6.2
948,Graham Gano,NYG,2021,PK,17,0,0,0,0,29,17,0,104,6.1
949,Jason Sanders,MIA,2021,PK,17,0,0,0,0,23,34,0,103,6.1
950,Robbie Gould,SF,2021,PK,13,0,0,0,0,20,39,0,99,7.6
951,Cooper Kupp,LAR,2021,WR,17,0,16,0,16,0,0,1,98,5.8
952,Joe Mixon,CIN,2021,RB,16,13,3,0,16,0,0,0,96,6.0
953,Jason Myers,SEA,2021,PK,17,0,0,0,0,17,44,0,95,5.6
954,Michael BadgleyIND,IND / TEN,2021,PK,13,0,0,0,0,18,40,0,94,7.2
955,Damien Harris,NE,2021,RB,15,15,0,0,15,0,0,0,90,6.0
956,Joey SlyeHOU,HOU / SF,2021,PK,12,0,0,0,0,23,18,0,87,7.3
957,Mike Evans,TB,2021,WR,16,0,14,0,14,0,0,0,84,5.3
958,Deebo Samuel Sr.,SF,2021,WR,16,8,6,0,14,0,0,0,84,5.3
959,Zane Gonzalez,CAR,2021,PK,12,0,0,0,0,20,22,0,82,6.8
960,Chase McLaughlin,CLE,2021,PK,16,0,0,0,0,15,36,0,81,5.1
961,Ezekiel Elliott,DAL,2021,RB,17,10,2,0,12,0,0,3,78,4.6
962,Ja'Marr Chase,CIN,2021,WR,17,0,13,0,13,0,0,0,78,4.6
963,Matthew Wright,JAX,2021,PK,14,0,0,0,0,21,13,0,76,5.4
964,DK Metcalf,SEA,2021,WR,17,0,12,0,12,0,0,0,72,4.2
965,Cordarrelle Patterson,ATL,2021,RB,16,6,5,0,11,0,0,0,66,4.1
966,Davante Adams,GB,2021,WR,16,0,11,0,11,0,0,0,66,4.1
967,Derrick Henry,TEN,2021,RB,8,10,0,0,10,0,0,1,62,7.8
968,Antonio Gibson,WSH,2021,RB,16,7,3,0,10,0,0,1,62,3.9
969,Travis Kelce,KC,2021,TE,16,1,9,0,10,0,0,0,60,3.8
970,Adam Thielen,MIN,2021,WR,13,0,10,0,10,0,0,0,60,4.6
971,Melvin Gordon III,DEN,2021,RB,16,8,2,0,10,0,0,0,60,3.8
972,Stefon Diggs,BUF,2021,WR,17,0,10,0,10,0,0,0,60,3.5
973,Aaron Jones,GB,2021,RB,15,4,6,0,10,0,0,0,60,4.0
974,Leonard Fournette,TB,2021,RB,14,8,2,0,10,0,0,0,60,4.3
975,Jalen Hurts,PHI,2021,QB,15,10,0,0,10,0,0,0,60,4.0
976,Najee Harris,PIT,2021,RB,17,7,3,0,10,0,0,0,60,3.5
977,Justin Jefferson,MIN,2021,WR,17,0,10,0,10,0,0,0,60,3.5
978,Brett Maher,NO,2021,PK,8,0,0,0,0,16,10,0,58,7.3
979,Ka'imi Fairbairn,HOU,2021,PK,13,0,0,0,0,15,13,0,58,4.5
980,Mark Andrews,BAL,2021,TE,17,0,9,0,9,0,0,2,58,3.4
981,Mike Williams,LAC,2021,WR,16,0,9,0,9,0,0,1,56,3.5
982,Riley Patterson,DET,2021,PK,7,0,0,0,0,13,16,0,55,7.9
983,Hunter Henry,NE,2021,TE,17,0,9,0,9,0,0,0,54,3.2
984,Alvin Kamara,NO,2021,RB,13,4,5,0,9,0,0,0,54,4.2
985,Tyreek Hill,KC,2021,WR,17,0,9,0,9,0,0,0,54,3.2
986,Nick Chubb,CLE,2021,RB,14,8,1,0,9,0,0,0,54,3.9
987,Hunter Renfrow,LV,2021,WR,17,0,9,0,9,0,0,0,54,3.2
988,Dawson Knox,BUF,2021,TE,15,0,9,0,9,0,0,0,54,3.6
989,Josh Jacobs,LV,2021,RB,15,9,0,0,9,0,0,0,54,3.6
990,Matt Ammendola,NYJ,2021,PK,11,0,0,0,0,13,14,0,53,4.8
991,Tyler Lockett,SEA,2021,WR,16,0,8,0,8,0,0,1,50,3.1
992,Dalton Schultz,DAL,2021,TE,17,0,8,0,8,0,0,1,50,2.9
993,Diontae Johnson,PIT,2021,WR,16,0,8,0,8,0,0,1,50,3.1
994,DeAndre Hopkins,ARI,2021,WR,10,0,8,0,8,0,0,0,48,4.8
995,Amari Cooper,DAL,2021,WR,15,0,8,0,8,0,0,0,48,3.2
996,Darrel Williams,KC,2021,RB,17,6,2,0,8,0,0,0,48,2.8
997,Allen Lazard,GB,2021,WR,15,0,8,0,8,0,0,0,48,3.2
998,Darrell Henderson Jr.,LAR,2021,RB,12,5,3,0,8,0,0,0,48,4.0
999,Devin Singletary,BUF,2021,RB,17,7,1,0,8,0,0,0,48,2.8
1000,James Robinson,JAX,2021,RB,14,8,0,0,8,0,0,0,48,3.4
1001,Pat Freiermuth,PIT,2021,TE,16,0,7,0,7,0,0,1,44,2.8
1002,Ryan Tannehill,TEN,2021,QB,17,7,0,0,7,0,0,0,42,2.5
1003,Boston Scott,PHI,2021,RB,16,7,0,0,7,0,0,0,42,2.6
1004,Myles Gaskin,MIA,2021,RB,17,3,4,0,7,0,0,0,42,2.5
1005,K.J. Osborn,MIN,2021,WR,17,0,7,0,7,0,0,0,42,2.5
1006,David Montgomery,CHI,2021,RB,13,7,0,0,7,0,0,0,42,3.2
1007,AJ Dillon,GB,2021,RB,17,5,2,0,7,0,0,0,42,2.5
1008,D'Andre Swift,DET,2021,RB,13,5,2,0,7,0,0,0,42,3.2
1009,Javonte Williams,DEN,2021,RB,17,4,3,0,7,0,0,0,42,2.5
1010,Jaylen Waddle,MIA,2021,WR,16,1,6,0,7,0,0,0,42,2.6
1011,Rodrigo Blankenship,IND,2021,PK,5,0,0,0,0,11,7,0,40,8.0
1012,Josh Allen,BUF,2021,QB,17,6,0,0,6,0,0,2,40,2.4
1013,Amon-Ra St. Brown,DET,2021,WR,17,1,5,0,6,0,0,2,40,2.4
1014,Brian JohnsonWSH,WSH / NO,2021,PK,7,0,0,0,0,10,9,0,39,5.6
1015,Dalvin Cook,MIN,2021,RB,13,6,0,0,6,0,0,1,38,2.9
1016,Michael Pittman Jr.,IND,2021,WR,17,0,6,0,6,0,0,1,38,2.2
1017,Cedrick Wilson Jr.,DAL,2021,WR,16,0,6,0,6,0,0,1,38,2.4
1018,Tee Higgins,CIN,2021,WR,14,0,6,0,6,0,0,1,38,2.7
1019,Clyde Edwards-Helaire,KC,2021,RB,10,4,2,0,6,0,0,1,38,3.8
1020,Kenneth Gainwell,PHI,2021,RB,16,5,1,0,6,0,0,1,38,2.4
1021,Rob Gronkowski,TB,2021,TE,12,0,6,0,6,0,0,0,36,3.0
1022,Keenan Allen,LAC,2021,WR,16,0,6,0,6,0,0,0,36,2.3
1023,Latavius Murray,BAL,2021,RB,14,6,0,0,6,0,0,0,36,2.6
1024,Brandin Cooks,HOU,2021,WR,16,0,6,0,6,0,0,0,36,2.3
1025,Devonta Freeman,BAL,2021,RB,16,5,1,0,6,0,0,0,36,2.3
1026,George Kittle,SF,2021,TE,14,0,6,0,6,0,0,0,36,2.6
1027,Chris Godwin,TB,2021,WR,14,1,5,0,6,0,0,0,36,2.6
1028,Rashaad Penny,SEA,2021,RB,10,6,0,0,6,0,0,0,36,3.6
1029,Van Jefferson,LAR,2021,WR,17,0,6,0,6,0,0,0,36,2.1
1030,Marquez Callaway,NO,2021,WR,17,0,6,0,6,0,0,0,36,2.1
1031,Marquise Brown,BAL,2021,WR,16,0,6,0,6,0,0,0,36,2.3
1032,CeeDee Lamb,DAL,2021,WR,16,0,6,0,6,0,0,0,36,2.3
1033,Chuba Hubbard,CAR,2021,RB,17,5,1,0,6,0,0,0,36,2.1
1034,Elijah Mitchell,SF,2021,RB,11,5,1,0,6,0,0,0,36,3.3
1035,Gabe Davis,BUF,2021,WR,16,0,6,0,6,0,0,0,36,2.3
1036,Elijah Moore,NYJ,2021,WR,11,1,5,0,6,0,0,0,36,3.3
1037,Austin Seibert,DET,2021,PK,6,0,0,0,0,10,5,0,35,5.8
1038,Eddy Pineiro,NYJ,2021,PK,5,0,0,0,0,8,9,0,33,6.6
1039,Robert Woods,LAR,2021,WR,9,1,4,0,5,0,0,1,32,3.6
1040,Kareem Hunt,CLE,2021,RB,8,5,0,0,5,0,0,1,32,4.0
1041,DeVonta Smith,PHI,2021,WR,17,0,5,0,5,0,0,1,32,1.9
1042,Brandon Aiyuk,SF,2021,WR,17,0,5,0,5,0,0,1,32,1.9
1043,Cam Newton,CAR,2021,QB,8,5,0,0,5,0,0,0,30,3.8
1044,Randall Cobb,GB,2021,WR,12,0,5,0,5,0,0,0,30,2.5
1045,Zach ErtzARI,ARI / PHI,2021,TE,17,0,5,0,5,0,0,0,30,1.8
1046,Odell Beckham Jr.LAR,LAR / CLE,2021,WR,14,0,5,0,5,0,0,0,30,2.1
1047,Taysom Hill,NO,2021,QB,12,5,0,0,5,0,0,0,30,2.5
1048,Tyler Higbee,LAR,2021,TE,15,0,5,0,5,0,0,0,30,2.0
1049,C.J. Uzomah,CIN,2021,TE,16,0,5,0,5,0,0,0,30,1.9
1050,Robbie Chosen,CAR,2021,WR,17,0,5,0,5,0,0,0,30,1.8
1051,Tyler Boyd,CIN,2021,WR,16,0,5,0,5,0,0,0,30,1.9
1052,Kendrick Bourne,NE,2021,WR,17,0,5,0,5,0,0,0,30,1.8
1053,Terry McLaurin,WSH,2021,WR,17,0,5,0,5,0,0,0,30,1.8
1054,Braxton Berrios,NYJ,2021,WR,16,2,2,1,5,0,0,0,30,1.9
1055,Sony Michel,LAR,2021,RB,17,4,1,0,5,0,0,0,30,1.8
1056,Tim Patrick,DEN,2021,WR,16,0,5,0,5,0,0,0,30,1.9
1057,Jauan Jennings,SF,2021,WR,16,0,5,0,5,0,0,0,30,1.9
1058,Christian Kirk,ARI,2021,WR,17,0,5,0,5,0,0,0,30,1.8
1059,Sam Darnold,CAR,2021,QB,12,5,0,0,5,0,0,0,30,2.5
1060,Kyler Murray,ARI,2021,QB,14,5,0,0,5,0,0,0,30,2.1
1061,Zack Moss,BUF,2021,RB,13,4,1,0,5,0,0,0,30,2.3
1062,Byron Pringle,KC,2021,WR,17,0,5,0,5,0,0,0,30,1.8
1063,Darnell Mooney,CHI,2021,WR,17,1,4,0,5,0,0,0,30,1.8
1064,A.J. Brown,TEN,2021,WR,13,0,5,0,5,0,0,0,30,2.3
1065,Rhamondre Stevenson,NE,2021,RB,12,5,0,0,5,0,0,0,30,2.5
1066,Jared Cook,LAC,2021,TE,16,0,4,0,4,0,0,2,28,1.8
1067,Tristan Vizcaino,LAC,2021,PK,6,0,0,0,0,6,10,0,28,4.7
1068,Dallas Goedert,PHI,2021,TE,15,0,4,0,4,0,0,1,26,1.7
1069,DJ Moore,CAR,2021,WR,17,0,4,0,4,0,0,1,26,1.5
1070,T.J. Hockenson,DET,2021,TE,12,0,4,0,4,0,0,1,26,2.2
1071,Zach Wilson,NYJ,2021,QB,13,4,0,0,4,0,0,1,26,2.0
1072,Emmanuel Sanders,BUF,2021,WR,14,0,4,0,4,0,0,0,24,1.7
1073,Antonio Brown,TB,2021,WR,7,0,4,0,4,0,0,0,24,3.4
1074,Marvin Jones Jr.,JAX,2021,WR,17,0,4,0,4,0,0,0,24,1.4
1075,Jarvis Landry,CLE,2021,WR,12,2,2,0,4,0,0,0,24,2.0
1076,Cameron Brate,TB,2021,TE,17,0,4,0,4,0,0,0,24,1.4
1077,J.D. McKissic,WSH,2021,RB,11,2,2,0,4,0,0,0,24,2.2
1078,DeAndre Carter,WSH,2021,WR,17,0,3,1,4,0,0,0,24,1.4
1079,Kalif Raymond,DET,2021,WR,16,0,4,0,4,0,0,0,24,1.5
1080,Mack Hollins,MIA,2021,WR,17,0,4,0,4,0,0,0,24,1.4
1081,Mo Alie-Cox,IND,2021,TE,17,0,4,0,4,0,0,0,24,1.4
1082,Mike Davis,ATL,2021,RB,17,3,1,0,4,0,0,0,24,1.4
1083,Corey Davis,NYJ,2021,WR,9,0,4,0,4,0,0,0,24,2.7
1084,Jamal Agnew,JAX,2021,WR,10,1,1,1,4,0,0,0,24,2.4
1085,Russell Gage,ATL,2021,WR,14,0,4,0,4,0,0,0,24,1.7
1086,David Njoku,CLE,2021,TE,16,0,4,0,4,0,0,0,24,1.5
1087,Ronald Jones,TB,2021,RB,16,4,0,0,4,0,0,0,24,1.5
1088,Ty Johnson,NYJ,2021,RB,16,2,2,0,4,0,0,0,24,1.5
1089,Gerald Everett,SEA,2021,TE,15,0,4,0,4,0,0,0,24,1.6
1090,Saquon Barkley,NYG,2021,RB,13,2,2,0,4,0,0,0,24,1.8
1091,Juwan Johnson,NO,2021,TE,14,0,4,0,4,0,0,0,24,1.7
1092,Nick Westbrook-Ikhine,TEN,2021,WR,16,0,4,0,4,0,0,0,24,1.5
1093,Freddie Swain,SEA,2021,WR,17,0,4,0,4,0,0,0,24,1.4
1094,Noah Fant,DEN,2021,TE,16,0,4,0,4,0,0,0,24,1.5
1095,Alexander Mattison,MIN,2021,RB,16,3,1,0,4,0,0,0,24,1.5
1096,Michael Carter,NYJ,2021,RB,14,4,0,0,4,0,0,0,24,1.7
1097,Joshua Palmer,LAC,2021,WR,17,0,4,0,4,0,0,0,24,1.4
1098,Danny Amendola,HOU,2021,WR,8,0,3,0,3,0,0,1,20,2.5
1099,Jimmy Graham,CHI,2021,TE,15,0,3,0,3,0,0,1,20,1.3
1100,Brandon Bolden,NE,2021,RB,17,1,2,0,3,0,0,1,20,1.2
1101,Le'Veon BellBAL,BAL / TB,2021,RB,8,2,1,0,3,0,0,1,20,2.5
1102,Jack Doyle,IND,2021,TE,17,0,3,0,3,0,0,1,20,1.2
1103,MyCole Pruitt,TEN,2021,TE,16,0,3,0,3,0,0,1,20,1.3
1104,Austin Hooper,CLE,2021,TE,16,0,3,0,3,0,0,1,20,1.3
1105,Aldrick RosasNO,NO / DET,2021,PK,5,0,0,0,0,2,14,0,20,4.0
1106,Donald Parham Jr.,LAC,2021,TE,14,0,3,0,3,0,0,1,20,1.4
1107,Justin Herbert,LAC,2021,QB,17,3,0,0,3,0,0,1,20,1.2
1108,Lirim HajrullahuDAL,DAL / CAR,2021,PK,4,0,0,0,0,4,8,0,20,5.0
1109,Aaron Rodgers,GB,2021,QB,16,3,0,0,3,0,0,0,18,1.1
1110,A.J. Green,ARI,2021,WR,16,0,3,0,3,0,0,0,18,1.1
1111,Tyrod Taylor,HOU,2021,QB,6,3,0,0,3,0,0,0,18,3.0
1112,T.Y. Hilton,IND,2021,WR,10,0,3,0,3,0,0,0,18,1.8
1113,Giovani Bernard,TB,2021,RB,12,0,3,0,3,0,0,0,18,1.5
1114,Darius Slay Jr.,PHI,2021,CB,16,0,0,3,3,0,0,0,18,1.1
1115,Rex Burkhead,HOU,2021,RB,16,3,0,0,3,0,0,0,18,1.1
1116,Jimmy Garoppolo,SF,2021,QB,15,3,0,0,3,0,0,0,18,1.2
1117,Logan Thomas,WSH,2021,TE,6,0,3,0,3,0,0,0,18,3.0
1118,Damien Williams,CHI,2021,RB,12,2,1,0,3,0,0,0,18,1.5
1119,Jakeem Grant Sr.CHI,CHI / MIA,2021,WR,15,0,2,1,3,0,0,0,18,1.2
1120,Duke Johnson,MIA,2021,RB,5,3,0,0,3,0,0,0,18,3.6
1121,Nelson Agholor,NE,2021,WR,15,0,3,0,3,0,0,0,18,1.2
1122,Zach Pascal,IND,2021,WR,16,0,3,0,3,0,0,0,18,1.1
1123,Kenyan Drake,LV,2021,RB,12,2,1,0,3,0,0,0,18,1.5
1124,Jamaal Williams,DET,2021,RB,13,3,0,0,3,0,0,0,18,1.4
1125,Greg Ward,PHI,2021,WR,17,0,3,0,3,0,0,0,18,1.1
1126,Ryan SantosoCAR,CAR / DET,2021,PK,4,0,0,0,0,4,6,0,18,4.5
1127,Demarcus Robinson,KC,2021,WR,17,0,3,0,3,0,0,0,18,1.1
1128,Geoff Swaim,TEN,2021,TE,16,0,3,0,3,0,0,0,18,1.1
1129,Matt Breida,BUF,2021,RB,9,1,2,0,3,0,0,0,18,2.0
1130,Marquez Valdes-Scantling,GB,2021,WR,11,0,3,0,3,0,0,0,18,1.6
1131,Evan Engram,NYG,2021,TE,15,0,3,0,3,0,0,0,18,1.2
1132,Jordan Howard,PHI,2021,RB,7,3,0,0,3,0,0,0,18,2.6
1133,Malik Turner,DAL,2021,WR,14,0,3,0,3,0,0,0,18,1.3
1134,Devontae Booker,NYG,2021,RB,16,2,1,0,3,0,0,0,18,1.1
1135,D'Onta Foreman,TEN,2021,RB,9,3,0,0,3,0,0,0,18,2.0
1136,Tre'Quan Smith,NO,2021,WR,11,0,3,0,3,0,0,0,18,1.6
1137,D'Ernest Johnson,CLE,2021,RB,17,3,0,0,3,0,0,0,18,1.1
1138,Foster Moreau,LV,2021,TE,17,0,3,0,3,0,0,0,18,1.1
1139,Tyler Conklin,MIN,2021,TE,17,0,3,0,3,0,0,0,18,1.1
1140,Tony Pollard,DAL,2021,RB,15,2,0,1,3,0,0,0,18,1.2
1141,Nyheim Hines,IND,2021,RB,17,2,1,0,3,0,0,0,18,1.1
1142,Olamide Zaccheaus,ATL,2021,WR,17,0,3,0,3,0,0,0,18,1.1
1143,Chris Carson,SEA,2021,RB,4,3,0,0,3,0,0,0,18,4.5
1144,Hayden Hurst,ATL,2021,TE,13,0,3,0,3,0,0,0,18,1.4
1145,Jalen Guyton,LAC,2021,WR,16,0,3,0,3,0,0,0,18,1.1
1146,Bryan Edwards,LV,2021,WR,17,0,3,0,3,0,0,0,18,1.1
1147,Harrison Bryant,CLE,2021,TE,16,0,3,0,3,0,0,0,18,1.1
1148,Antoine Wesley,ARI,2021,WR,15,0,3,0,3,0,0,0,18,1.2
1149,Tua Tagovailoa,MIA,2021,QB,13,3,0,0,3,0,0,0,18,1.4
1150,Donovan Peoples-Jones,CLE,2021,WR,14,0,3,0,3,0,0,0,18,1.3
1151,Brevin Jordan,HOU,2021,TE,9,0,3,0,3,0,0,0,18,2.0
1152,Deonte Harty,NO,2021,WR,13,0,3,0,3,0,0,0,18,1.4
1153,Elliott FryKC,KC / CIN,2021,PK,2,0,0,0,0,4,4,0,16,8.0
1154,Jakobi Meyers,NE,2021,WR,17,0,2,0,2,0,0,2,16,0.9
1155,Daniel Jones,NYG,2021,QB,11,2,0,0,2,0,0,2,16,1.5
1156,Elijhaa Penny,NYG,2021,RB,17,1,1,0,2,0,0,1,14,0.8
1157,Jamison Crowder,NYJ,2021,WR,12,0,2,0,2,0,0,1,14,1.2
1158,Mike Gesicki,MIA,2021,TE,17,0,2,0,2,0,0,1,14,0.8
1159,Courtland Sutton,DEN,2021,WR,17,0,2,0,2,0,0,1,14,0.8
1160,Patrick Mahomes,KC,2021,QB,17,2,0,0,2,0,0,1,14,0.8
1161,Quintez Cephus,DET,2021,WR,5,0,2,0,2,0,0,1,14,2.8
1162,Tommy Tremble,CAR,2021,TE,16,1,1,0,2,0,0,1,14,0.9
1163,Tom Brady,TB,2021,QB,17,2,0,0,2,0,0,0,12,0.7
1164,Adrian PetersonSEA,SEA / TEN,2021,RB,4,2,0,0,2,0,0,0,12,3.0
1165,DeSean JacksonLV,LV / LAR,2021,WR,16,0,2,0,2,0,0,0,12,0.8
1166,Mark Ingram IIHOU,HOU / NO,2021,RB,14,2,0,0,2,0,0,0,12,0.9
1167,Russell Wilson,SEA,2021,QB,14,2,0,0,2,0,0,0,12,0.9
1168,Ryan Griffin,NYJ,2021,TE,14,0,2,0,2,0,0,0,12,0.9
1169,Kyle Juszczyk,SF,2021,FB,17,1,1,0,2,0,0,0,12,0.7
1170,Teddy Bridgewater,DEN,2021,QB,14,2,0,0,2,0,0,0,12,0.9
1171,Eric Ebron,PIT,2021,TE,8,1,1,0,2,0,0,0,12,1.5
1172,Kevin Byard III,TEN,2021,S,17,0,0,2,2,0,0,0,12,0.7
1173,Chris Moore,HOU,2021,WR,12,0,2,0,2,0,0,0,12,1.0
1174,DeVante Parker,MIA,2021,WR,10,0,2,0,2,0,0,0,12,1.2
1175,Darren Waller,LV,2021,TE,11,0,2,0,2,0,0,0,12,1.1
1176,Chris Conley,HOU,2021,WR,16,0,2,0,2,0,0,0,12,0.8
1177,Robert Tonyan,GB,2021,TE,8,0,2,0,2,0,0,0,12,1.5
1178,Xavien Howard,MIA,2021,CB,16,0,0,2,2,0,0,0,12,0.8
1179,Dare Ogunbowale,JAX,2021,RB,17,1,1,0,2,0,0,0,12,0.7
1180,Blake Jarwin,DAL,2021,TE,8,0,2,0,2,0,0,0,12,1.5
1181,Alex Collins,SEA,2021,RB,11,2,0,0,2,0,0,0,12,1.1
1182,Anthony Firkser,TEN,2021,TE,15,0,2,0,2,0,0,0,12,0.8
1183,Ricky Seals-Jones,WSH,2021,TE,13,0,2,0,2,0,0,0,12,0.9
1184,Peyton Barber,LV,2021,RB,10,2,0,0,2,0,0,0,12,1.2
1185,Phillip LindsayHOU,HOU / MIA,2021,RB,14,1,1,0,2,0,0,0,12,0.9
1186,E.J. Speed,IND,2021,LB,17,0,0,0,2,0,0,0,12,0.7
1187,Josh ReynoldsDET,DET / TEN,2021,WR,12,0,2,0,2,0,0,0,12,1.0
1188,Cam Sims,WSH,2021,WR,14,0,2,0,2,0,0,0,12,0.9
1189,DJ Chark Jr.,JAX,2021,WR,4,0,2,0,2,0,0,0,12,3.0
1190,Justin Jackson,LAC,2021,RB,14,2,0,0,2,0,0,0,12,0.9
1191,Samaje Perine,CIN,2021,RB,16,1,1,0,2,0,0,0,12,0.8
1192,Christian McCaffrey,CAR,2021,RB,7,1,1,0,2,0,0,0,12,1.7
1193,Chase Edmonds,ARI,2021,RB,12,2,0,0,2,0,0,0,12,1.0
1194,James Washington,PIT,2021,WR,15,0,2,0,2,0,0,0,12,0.8
1195,Jeff Wilson Jr.,SF,2021,RB,9,2,0,0,2,0,0,0,12,1.3
1196,Isaiah Ford,MIA,2021,WR,13,0,2,0,2,0,0,0,12,0.9
1197,Dontrell Hilliard,TEN,2021,RB,8,2,0,0,2,0,0,0,12,1.5
1198,Isaiah McKenzie,BUF,2021,WR,15,1,1,0,2,0,0,0,12,0.8
1199,Mike Edwards,TB,2021,S,14,0,0,2,2,0,0,0,12,0.9
1200,Kristian Wilkerson,NE,2021,WR,3,0,2,0,2,0,0,0,12,4.0
1201,Adam Trautman,NO,2021,TE,13,0,2,0,2,0,0,0,12,0.9
1202,Josiah Deguara,GB,2021,TE,16,0,2,0,2,0,0,0,12,0.8
1203,Joe Burrow,CIN,2021,QB,16,2,0,0,2,0,0,0,12,0.8
1204,Lamar Jackson,BAL,2021,QB,12,2,0,0,2,0,0,0,12,1.0
1205,Darius Slayton,NYG,2021,WR,13,0,2,0,2,0,0,0,12,0.9
1206,Ke'Shawn Vaughn,TB,2021,RB,12,2,0,0,2,0,0,0,12,1.0
1207,Drew Lock,DEN,2021,QB,6,2,0,0,2,0,0,0,12,2.0
1208,Derrick Gore,KC,2021,RB,11,2,0,0,2,0,0,0,12,1.1
1209,Calvin Ridley,ATL,2021,WR,5,0,2,0,2,0,0,0,12,2.4
1210,Jesper Horsted,CHI,2021,TE,7,0,2,0,2,0,0,0,12,1.7
1211,Rasul Douglas,GB,2021,CB,12,0,0,2,2,0,0,0,12,1.0
1212,Mecole Hardman,KC,2021,WR,17,0,2,0,2,0,0,0,12,0.7
1213,Albert Okwuegbunam Jr.,DEN,2021,TE,14,0,2,0,2,0,0,0,12,0.9
1214,Kene Nwangwu,MIN,2021,RB,11,0,0,2,2,0,0,0,12,1.1
1215,Tyler Huntley,BAL,2021,QB,7,2,0,0,2,0,0,0,12,1.7
1216,Demetric Felton Jr.,CLE,2021,RB,16,0,2,0,2,0,0,0,12,0.8
1217,Khalil Herbert,CHI,2021,RB,17,2,0,0,2,0,0,0,12,0.7
1218,Michael Gallup,DAL,2021,WR,9,0,2,0,2,0,0,0,12,1.3
1219,Travis Homer,SEA,2021,RB,14,1,0,1,2,0,0,0,12,0.9
1220,Devin Duvernay,BAL,2021,WR,16,0,2,0,2,0,0,0,12,0.8
1221,Lil'Jordan Humphrey,NO,2021,WR,10,0,2,0,2,0,0,0,12,1.2
1222,J.J. Taylor,NE,2021,RB,5,2,0,0,2,0,0,0,12,2.4
1223,Trevon Diggs,DAL,2021,CB,16,0,0,2,2,0,0,0,12,0.8
1224,Chris Evans,CIN,2021,RB,14,0,2,0,2,0,0,0,12,0.9
1225,Chase Claypool,PIT,2021,WR,15,0,2,0,2,0,0,0,12,0.8
1226,Ashton Dulin,IND,2021,WR,17,0,2,0,2,0,0,0,12,0.7
1227,Cyril Grayson Jr.,TB,2021,WR,5,0,2,0,2,0,0,0,12,2.4
1228,Ihmir Smith-Marsette,MIN,2021,WR,8,0,2,0,2,0,0,0,12,1.5
1229,DeeJay Dallas,SEA,2021,RB,17,2,0,0,2,0,0,0,12,0.7
1230,Henry Ruggs III,LV,2021,WR,7,0,2,0,2,0,0,0,12,1.7
1231,Jalen Reagor,PHI,2021,WR,17,0,2,0,2,0,0,0,12,0.7
1232,Brock Wright,DET,2021,TE,10,0,2,0,2,0,0,0,12,1.2
1233,Trevor Lawrence,JAX,2021,QB,17,2,0,0,2,0,0,0,12,0.7
1234,Jaret Patterson,WSH,2021,RB,17,2,0,0,2,0,0,0,12,0.7
1235,Justin Fields,CHI,2021,QB,12,2,0,0,2,0,0,0,12,1.0
1236,Jermar Jefferson,DET,2021,RB,7,2,0,0,2,0,0,0,12,1.7
1237,Jody Fortson,KC,2021,TE,6,0,2,0,2,0,0,0,12,2.0
1238,Dominik Eberle,HOU,2021,PK,1,0,0,0,0,2,5,0,11,11.0
1239,Matt Ryan,ATL,2021,QB,17,1,0,0,1,0,0,1,8,0.5
1240,Kyle Rudolph,NYG,2021,TE,16,0,1,0,1,0,0,1,8,0.5
1241,Cole Beasley,BUF,2021,WR,16,0,1,0,1,0,0,1,8,0.5
1242,Allen Robinson II,CHI,2021,WR,12,0,1,0,1,0,0,1,8,0.7
1243,Taylor Heinicke,WSH,2021,QB,16,1,0,0,1,0,0,1,8,0.5
1244,Dak Prescott,DAL,2021,QB,16,1,0,0,1,0,0,1,8,0.5
1245,Damiere Byrd,CHI,2021,WR,17,0,1,0,1,0,0,1,8,0.5
1246,Andy Janovich,CLE,2021,FB,13,1,0,0,1,0,0,1,8,0.6
1247,Chris Blewitt,WSH,2021,PK,2,0,0,0,0,2,2,0,8,4.0
1248,Quez Watkins,PHI,2021,WR,17,0,1,0,1,0,0,1,8,0.5
1249,Trey Lance,SF,2021,QB,6,1,0,0,1,0,0,1,8,1.3
1250,Ben Roethlisberger,PIT,2021,QB,16,1,0,0,1,0,0,0,6,0.4
1251,Malcolm Jenkins,NO,2021,S,16,0,0,1,1,0,0,0,6,0.4
1252,Andre RobertsHOU,HOU / LAC,2021,WR,16,0,0,1,1,0,0,0,6,0.4
1253,Patrick Peterson,MIN,2021,CB,13,0,0,1,1,0,0,0,6,0.5
1254,Julio Jones,TEN,2021,WR,10,0,1,0,1,0,0,0,6,0.6
1255,Lee Smith,ATL,2021,TE,16,0,1,0,1,0,0,0,6,0.4
1256,Chris Hogan,NO,2021,WR,5,0,1,0,1,0,0,0,6,1.2
1257,Kirk Cousins,MIN,2021,QB,16,1,0,0,1,0,0,0,6,0.4
1258,Josh Gordon,KC,2021,WR,12,0,1,0,1,0,0,0,6,0.5
1259,Tavon Austin,JAX,2021,WR,13,0,1,0,1,0,0,0,6,0.5
1260,Lane Johnson,PHI,2021,OT,13,0,1,0,1,0,0,0,6,0.5
1261,Mike Glennon,NYG,2021,QB,6,1,0,0,1,0,0,0,6,1.0
1262,Marquise Goodwin,CHI,2021,WR,14,0,1,0,1,0,0,0,6,0.4
1263,Tyrann Mathieu,KC,2021,S,16,0,0,1,1,0,0,0,6,0.4
1264,Geno Smith,SEA,2021,QB,4,1,0,0,1,0,0,0,6,1.5
1265,Micah Hyde,BUF,2021,S,17,0,0,1,1,0,0,0,6,0.4
1266,Kenny Stills,NO,2021,WR,13,0,1,0,1,0,0,0,6,0.5
1267,Jimmie Ward,SF,2021,S,16,0,0,1,1,0,0,0,6,0.4
1268,Sammy Watkins,BAL,2021,WR,13,0,1,0,1,0,0,0,6,0.5
1269,Kyle Van Noy,NE,2021,LB,16,0,0,1,1,0,0,0,6,0.4
1270,Carlos Hyde,JAX,2021,RB,12,1,0,0,1,0,0,0,6,0.5
1271,Jerick McKinnon,KC,2021,RB,13,0,1,0,1,0,0,0,6,0.5
1272,DeMarcus Lawrence,DAL,2021,DE,7,0,0,1,1,0,0,0,6,0.9
1273,James White,NE,2021,RB,3,1,0,0,1,0,0,0,6,2.0
1274,Daniel Sorensen,KC,2021,S,17,0,0,1,1,0,0,0,6,0.4
1275,Adrian Phillips,NE,2021,S,17,0,0,1,1,0,0,0,6,0.4
