name,team,opponent,week,season,isHome,FG,PCT,LONG,XP,PTS
Dustin Hopkins,WSH,BUF,3,2021,True,0/0,0.0,0,3/3,3
Tyler Bass,BUF,WSH,3,2021,False,3/3,100.0,48,4/4,13
Matthew Wright,JAX,NYJ,16,2021,True,3/3,100.0,45,0/0,9
Eddy Pineiro,NYJ,JAX,16,2021,False,2/2,100.0,42,2/3,8
Matthew Wright,JAX,LAR,13,2021,True,0/0,0.0,0,1/1,1
Matt Gay,LAR,JAX,13,2021,False,3/3,100.0,44,4/4,13
Daniel Carlson,LV,PIT,2,2021,True,4/4,100.0,46,2/2,14
Chris Boswell,PIT,LV,2,2021,False,1/1,100.0,56,2/2,5
Cairo Santos,CHI,WSH,5,2023,True,4/4,100.0,43,4/4,16
Joey Slye,WSH,CHI,5,2023,False,2/3,67.0,51,0/0,6
Jake Moody,SF,CLE,6,2023,True,1/3,33.0,25,2/2,5
Dustin Hopkins,CLE,SF,6,2023,False,4/5,80.0,50,1/1,13
Robbie Gould,SF,PHI,2,2021,True,1/1,100.0,46,2/2,5
Jake Elliott,PHI,SF,2,2021,False,1/2,50.0,45,0/0,3
Ka'imi Fairbairn,HOU,CHI,3,2022,True,2/2,100.0,39,2/2,8
Cairo Santos,CHI,HOU,3,2022,False,3/3,100.0,50,2/2,11
Michael Badgley,DET,CAR,16,2022,True,1/1,100.0,34,2/2,5
Eddy Pineiro,CAR,DET,16,2022,False,3/3,100.0,40,4/4,13
Jason Myers,SEA,SF,2,2022,True,0/0,0.0,0,1/1,1
Robbie Gould,SF,SEA,2,2022,False,2/3,67.0,33,3/3,9
Chris Boswell,PIT,CIN,12,2021,True,1/1,100.0,40,1/1,4
Evan McPherson,CIN,PIT,12,2021,False,2/2,100.0,51,5/5,11
Graham Gano,NYG,ARI,2,2023,True,1/1,100.0,34,4/4,7
Matt Prater,ARI,NYG,2,2023,False,2/3,67.0,44,2/2,8
Evan McPherson,CIN,KC,17,2023,True,1/1,100.0,34,2/2,5
Harrison Butker,KC,CIN,17,2023,False,6/6,100.0,54,1/1,19
Matt Ammendola,NYJ,ATL,5,2021,True,2/2,100.0,49,0/1,6
Younghoe Koo,ATL,NYJ,5,2021,False,2/2,100.0,52,3/3,9
Brian Johnson,WSH,PHI,15,2021,True,1/1,100.0,22,2/2,5
Jake Elliott,PHI,WSH,15,2021,False,2/2,100.0,37,3/3,9
Ryan Succop,TB,WSH,10,2021,True,2/2,100.0,31,1/2,7
Joey Slye,WSH,TB,10,2021,False,3/3,100.0,46,2/2,11
Randy Bullock,NYG,WSH,11,2023,True,1/1,100.0,36,4/4,7
Joey Slye,WSH,NYG,11,2023,False,2/2,100.0,42,1/2,7
Greg Zuerlein,NYJ,NE,18,2023,True,3/4,75.0,40,0/0,9
Chad Ryland,NE,NYJ,18,2023,False,1/1,100.0,30,0/0,3
Ryan Succop,TB,PIT,6,2022,True,4/4,100.0,54,0/0,12
Chris Boswell,PIT,TB,6,2022,False,2/2,100.0,55,2/2,8
Jason Myers,SEA,KC,16,2022,True,1/1,100.0,22,1/1,4
Harrison Butker,KC,SEA,16,2022,False,1/1,100.0,47,3/3,6
Greg Zuerlein,DAL,LAC,2,2021,True,2/2,100.0,56,2/2,8
Tristan Vizcaino,LAC,DAL,2,2021,False,3/4,75.0,46,0/0,9
Jason Myers,SEA,TEN,16,2023,True,2/2,100.0,28,2/2,8
Nick Folk,TEN,SEA,16,2023,False,1/1,100.0,33,2/2,5
Brandon McManus,DEN,LAR,16,2022,True,2/2,100.0,54,0/0,6
Matt Gay,LAR,DEN,16,2022,False,3/3,100.0,55,6/6,15
Harrison Butker,KC,LV,12,2023,True,1/1,100.0,32,4/4,7
Daniel Carlson,LV,KC,12,2023,False,1/2,50.0,34,2/2,5
Daniel Carlson,LV,NYG,9,2021,True,3/4,75.0,32,1/1,10
Graham Gano,NYG,LV,9,2021,False,3/3,100.0,38,2/2,11
Joey Slye,WSH,NYG,7,2023,True,0/1,0.0,0,1/1,1
Graham Gano,NYG,WSH,7,2023,False,0/1,0.0,0,2/2,2
Justin Tucker,BAL,JAX,12,2022,True,4/5,80.0,55,1/1,13
Riley Patterson,JAX,BAL,12,2022,False,2/2,100.0,29,2/2,8
Greg Joseph,MIN,GB,17,2022,True,1/3,33.0,21,2/2,5
Mason Crosby,GB,MIN,17,2022,False,2/2,100.0,56,5/5,11
Cairo Santos,CHI,CLE,15,2023,True,1/1,100.0,41,2/2,5
Dustin Hopkins,CLE,CHI,15,2023,False,2/2,100.0,34,2/2,8
Riley Patterson,JAX,IND,6,2022,True,0/0,0.0,0,3/3,3
Chase McLaughlin,IND,JAX,6,2022,False,2/2,100.0,42,2/2,8
Greg Zuerlein,NYJ,BUF,14,2022,True,1/1,100.0,26,1/1,4
Tyler Bass,BUF,NYJ,14,2022,False,2/2,100.0,49,2/2,8
Brandon Aubrey,DAL,WSH,18,2023,True,1/3,33.0,50,5/5,8
Joey Slye,WSH,DAL,18,2023,False,1/1,100.0,36,1/1,4
Jake Elliott,PHI,CAR,5,2021,True,2/2,100.0,58,1/1,7
Zane Gonzalez,CAR,PHI,5,2021,False,3/3,100.0,50,1/1,10
Graham Gano,NYG,KC,8,2021,True,1/1,100.0,23,2/2,5
Harrison Butker,KC,NYG,8,2021,False,2/2,100.0,36,2/2,8
Riley Patterson,JAX,DET,13,2022,True,2/2,100.0,42,0/0,6
Michael Badgley,DET,JAX,13,2022,False,4/4,100.0,47,4/4,16
Daniel Carlson,LV,MIA,11,2023,True,2/2,100.0,47,1/1,7
Jason Sanders,MIA,LV,11,2023,False,2/3,67.0,51,2/2,8
Greg Joseph,MIN,CHI,18,2022,True,3/3,100.0,50,2/3,11
Cairo Santos,CHI,MIN,18,2022,False,0/0,0.0,0,1/1,1
Jake Elliott,PHI,NYG,14,2022,True,2/2,100.0,39,6/6,12
Graham Gano,NYG,PHI,14,2022,False,0/0,0.0,0,2/2,2
Chris Boswell,PIT,CLE,11,2023,True,1/1,100.0,28,1/1,4
Dustin Hopkins,CLE,PIT,11,2023,False,2/2,100.0,34,1/1,7
Robbie Gould,SF,SEA,15,2022,True,0/1,0.0,0,3/3,3
Jason Myers,SEA,SF,15,2022,False,2/2,100.0,51,1/1,7
Graham Gano,NYG,JAX,7,2022,True,3/3,100.0,34,2/2,11
Riley Patterson,JAX,NYG,7,2022,False,1/1,100.0,27,0/1,3
Brandon Aubrey,DAL,NYG,1,2023,True,2/2,100.0,38,4/5,10
Graham Gano,NYG,DAL,1,2023,False,0/2,0.0,0,0/0,0
Tyler Bass,BUF,NO,12,2021,True,1/1,100.0,34,4/4,7
Chase McLaughlin,CLE,NE,10,2021,True,0/0,0.0,0,1/1,1
Nick Folk,NE,CLE,10,2021,False,1/1,100.0,38,6/6,9
Brandon McManus,DEN,NYG,1,2021,True,2/2,100.0,36,3/3,9
Graham Gano,NYG,DEN,1,2021,False,0/0,0.0,0,1/1,1
Robbie Gould,SF,LV,17,2022,True,3/4,75.0,43,4/4,13
Daniel Carlson,LV,SF,17,2022,False,2/2,100.0,57,4/4,10
Chris Boswell,PIT,SEA,17,2023,True,3/3,100.0,39,3/3,12
Jason Myers,SEA,PIT,17,2023,False,3/3,100.0,43,2/2,11
Brett Maher,DAL,WSH,18,2022,True,0/0,0.0,0,0/1,0
Joey Slye,WSH,DAL,18,2022,False,2/4,50.0,29,2/3,8
Greg Zuerlein,DAL,NO,13,2021,True,2/2,100.0,55,3/3,9
Brett Maher,NO,DAL,13,2021,False,1/2,50.0,42,2/2,5
Matt Prater,ARI,CLE,6,2021,True,3/3,100.0,51,4/4,13
Chase McLaughlin,CLE,ARI,6,2021,False,0/0,0.0,0,2/2,2
Cameron Dicker,LAC,DEN,18,2022,True,2/2,100.0,48,2/2,8
Brandon McManus,DEN,LAC,18,2022,False,1/1,100.0,33,4/4,7
Harrison Butker,KC,HOU,15,2022,True,1/2,50.0,27,1/2,4
Ka'imi Fairbairn,HOU,KC,15,2022,False,1/1,100.0,29,3/3,6
Riley Patterson,JAX,WSH,1,2022,True,3/4,75.0,45,1/1,10
Joey Slye,WSH,JAX,1,2022,False,0/0,0.0,0,2/2,2
Randy Bullock,TEN,JAX,18,2022,True,3/3,100.0,51,1/1,10
Riley Patterson,JAX,TEN,18,2022,False,2/2,100.0,36,2/2,8
Robbie Gould,SF,ARI,11,2022,True,1/1,100.0,39,5/5,8
Matt Prater,ARI,SF,11,2022,False,1/1,100.0,40,1/1,4
Chris Boswell,PIT,BUF,5,2022,True,1/3,33.0,29,0/0,3
Tyler Bass,BUF,PIT,5,2022,False,1/2,50.0,35,5/5,8
Eddy Pineiro,CAR,LAR,6,2022,True,1/1,100.0,42,1/1,4
Matt Gay,LAR,CAR,6,2022,False,1/1,100.0,21,3/3,6
Matthew Wright,JAX,SEA,8,2021,True,0/0,0.0,0,1/1,1
Jason Myers,SEA,JAX,8,2021,False,1/1,100.0,31,4/4,7
Jake Elliott,PHI,NYG,18,2023,True,1/1,100.0,36,1/1,4
Mason Crosby,NYG,PHI,18,2023,False,2/3,67.0,24,3/3,9
Matt Prater,ARI,SEA,7,2023,True,1/2,50.0,44,1/1,4
Jason Myers,SEA,ARI,7,2023,False,2/2,100.0,48,2/2,8
Nick Folk,TEN,TB,10,2023,True,2/3,67.0,38,0/0,6
Chase McLaughlin,TB,TEN,10,2023,False,2/2,100.0,35,2/2,8
Justin Tucker,BAL,LAC,12,2023,True,2/3,67.0,48,2/2,8
Cameron Dicker,LAC,BAL,12,2023,False,1/1,100.0,39,1/1,4
Jake Elliott,PHI,LAR,5,2023,True,3/3,100.0,34,2/2,11
Brett Maher,LAR,PHI,5,2023,False,0/0,0.0,0,2/2,2
Jason Myers,SEA,HOU,14,2021,True,2/2,100.0,38,1/3,7
Ka'imi Fairbairn,HOU,SEA,14,2021,False,2/2,100.0,61,1/1,7
Jason Myers,SEA,LAC,7,2022,True,3/3,100.0,50,4/4,13
Taylor Bertolet,LAC,SEA,7,2022,False,0/0,0.0,0,3/3,3
Tyler Bass,BUF,LAC,16,2023,True,1/1,100.0,29,3/3,6
Cameron Dicker,LAC,BUF,16,2023,False,5/5,100.0,53,1/1,16
Chase McLaughlin,TB,MIN,1,2023,True,2/2,100.0,57,2/2,8
Greg Joseph,MIN,TB,1,2023,False,1/1,100.0,25,2/2,5
Daniel Carlson,LV,JAX,9,2022,True,2/2,100.0,38,2/2,8
Riley Patterson,JAX,LV,9,2022,False,2/3,67.0,48,3/3,9
Michael Badgley,IND,JAX,18,2021,True,1/1,100.0,41,0/0,3
Matthew Wright,JAX,IND,18,2021,False,4/4,100.0,39,2/2,14
Jake Elliott,PHI,KC,11,2023,True,0/0,0.0,0,3/3,3
Harrison Butker,KC,PHI,11,2023,False,1/1,100.0,43,2/2,5
Riley Patterson,DET,CHI,14,2023,True,0/0,0.0,0,1/2,1
Cairo Santos,CHI,DET,14,2023,False,3/3,100.0,46,1/2,10
Joey Slye,WSH,DET,2,2022,True,0/0,0.0,0,1/2,1
Austin Seibert,DET,WSH,2,2022,False,2/2,100.0,48,4/4,10
Greg Zuerlein,NYJ,MIA,18,2022,True,2/3,67.0,35,0/0,6
Jason Sanders,MIA,NYJ,18,2022,False,3/3,100.0,50,0/0,9
Nick Folk,NE,MIA,1,2022,True,0/0,0.0,0,1/1,1
Jason Sanders,MIA,NE,1,2022,False,2/2,100.0,49,2/2,8
Greg Zuerlein,NYJ,CLE,17,2023,True,2/3,67.0,46,2/2,8
Riley Patterson,CLE,NYJ,17,2023,False,1/1,100.0,33,4/5,7
Chris Boswell,PIT,BAL,17,2022,True,3/4,75.0,51,1/1,10
Justin Tucker,BAL,PIT,17,2022,False,2/2,100.0,51,1/1,7
Matthew Wright,JAX,CIN,4,2021,True,0/0,0.0,0,3/3,3
Evan McPherson,CIN,JAX,4,2021,False,1/2,50.0,35,3/3,6
Matthew Wright,PIT,IND,12,2022,True,3/3,100.0,52,1/1,10
Chase McLaughlin,IND,PIT,12,2022,False,1/2,50.0,51,2/2,5
Graham Gano,NYG,MIA,13,2021,True,3/4,75.0,51,0/0,9
Jason Sanders,MIA,NYG,13,2021,False,2/3,67.0,48,2/2,8
Matt Gay,LAR,SF,4,2022,True,3/3,100.0,39,0/0,9
Robbie Gould,SF,LAR,4,2022,False,1/2,50.0,25,3/3,6
Cade York,CLE,MIA,10,2022,True,1/1,100.0,37,2/2,5
Jason Sanders,MIA,CLE,10,2022,False,2/2,100.0,39,3/5,9
Greg Zuerlein,DAL,MIN,8,2021,True,2/3,67.0,39,2/2,8
Greg Joseph,MIN,DAL,8,2021,False,3/3,100.0,45,1/1,10
Nick Folk,TEN,HOU,17,2023,True,1/1,100.0,53,0/0,3
Ka'imi Fairbairn,HOU,TEN,17,2023,False,4/4,100.0,51,2/2,14
Chase McLaughlin,CLE,LAC,5,2021,True,2/2,100.0,35,4/4,10
Tristan Vizcaino,LAC,CLE,5,2021,False,0/0,0.0,0,3/5,3
Matt Gay,IND,HOU,2,2023,True,1/1,100.0,42,4/4,7
Ka'imi Fairbairn,HOU,IND,2,2023,False,2/3,67.0,36,2/2,8
Cairo Santos,CHI,NO,9,2023,True,1/2,50.0,31,2/2,5
Blake Grupe,NO,CHI,9,2023,False,1/2,50.0,55,3/3,6
Jason Myers,SEA,NYG,4,2023,True,1/2,50.0,34,3/3,6
Graham Gano,NYG,SEA,4,2023,False,1/1,100.0,55,0/0,3
Daniel Carlson,LV,CLE,15,2021,True,3/3,100.0,48,1/1,10
Chase McLaughlin,CLE,LV,15,2021,False,0/1,0.0,0,2/2,2
Ryan Succop,TB,ATL,13,2021,True,1/1,100.0,31,3/4,6
Younghoe Koo,ATL,TB,13,2021,False,1/1,100.0,21,2/2,5
Matthew Wright,JAX,NE,17,2021,True,1/1,100.0,29,1/1,4
Nick Folk,NE,JAX,17,2021,False,1/1,100.0,43,5/6,8
Greg Joseph,MIN,SF,12,2021,True,0/0,0.0,0,2/3,2
Robbie Gould,SF,MIN,12,2021,False,2/3,67.0,46,4/4,10
Dustin Hopkins,CLE,PIT,2,2023,True,2/3,67.0,55,0/0,6
Chris Boswell,PIT,CLE,2,2023,False,2/2,100.0,52,2/2,8
Brandon McManus,DEN,LV,16,2021,True,2/3,67.0,55,1/1,7
Daniel Carlson,LV,DEN,16,2021,False,1/1,100.0,41,2/2,5
Ka'imi Fairbairn,HOU,ATL,5,2023,True,4/4,100.0,43,1/1,13
Younghoe Koo,ATL,HOU,5,2023,False,2/2,100.0,37,1/1,7
Joey Slye,WSH,HOU,11,2022,True,3/3,100.0,44,2/2,11
Ka'imi Fairbairn,HOU,WSH,11,2022,False,1/1,100.0,29,1/1,4
Joey Slye,WSH,NYG,13,2022,True,2/3,67.0,42,2/2,8
Graham Gano,NYG,WSH,13,2022,False,2/3,67.0,48,2/2,8
Evan McPherson,CIN,BAL,7,2021,True,2/2,100.0,52,5/5,11
Justin Tucker,BAL,CIN,7,2021,False,1/1,100.0,45,2/2,5
Graham Gano,NYG,DAL,5,2021,True,2/3,67.0,51,2/2,8
Greg Zuerlein,DAL,NYG,5,2021,False,3/3,100.0,38,5/5,14
Jason Sanders,MIA,NE,17,2022,True,0/1,0.0,0,3/3,3
Nick Folk,NE,MIA,17,2022,False,1/1,100.0,49,2/3,5
Eddy Pineiro,CAR,BAL,11,2022,True,1/1,100.0,32,0/0,3
Justin Tucker,BAL,CAR,11,2022,False,2/2,100.0,37,1/1,7
Eddy Pineiro,CAR,SEA,3,2023,True,2/3,67.0,47,3/3,9
Jason Myers,SEA,CAR,3,2023,False,5/5,100.0,43,2/2,17
Jason Sanders,MIA,BAL,2,2022,True,0/0,0.0,0,6/6,6
Justin Tucker,BAL,MIA,2,2022,False,1/1,100.0,51,5/5,8
Greg Joseph,MIN,WSH,9,2022,True,2/2,100.0,28,2/2,8
Joey Slye,WSH,MIN,9,2022,False,1/1,100.0,44,2/2,5
Younghoe Koo,ATL,TB,2,2021,True,1/1,100.0,36,2/2,5
Ryan Succop,TB,ATL,2,2021,False,0/0,0.0,0,6/7,6
Matt Prater,ARI,WSH,1,2023,True,3/3,100.0,54,1/1,10
Joey Slye,WSH,ARI,1,2023,False,2/2,100.0,33,2/2,8
Harrison Butker,KC,ARI,1,2022,True,1/1,100.0,54,4/4,7
Justin Reid,KC,ARI,1,2022,True,0/0,0.0,0,1/2,1
Matt Prater,ARI,KC,1,2022,False,0/0,0.0,0,1/1,1
Greg Zuerlein,DAL,WSH,14,2021,True,4/4,100.0,38,1/1,13
Brian Johnson,WSH,DAL,14,2021,False,0/0,0.0,0,0/1,0
Nick Folk,NE,BUF,13,2021,True,2/2,100.0,41,0/0,6
Tyler Bass,BUF,NE,13,2021,False,1/2,50.0,35,1/1,4
Younghoe Koo,ATL,SEA,3,2022,True,2/2,100.0,54,3/3,9
Jason Myers,SEA,ATL,3,2022,False,3/3,100.0,32,2/2,11
Cameron Dicker,LAC,NYJ,9,2023,True,2/2,100.0,55,3/3,9
Greg Zuerlein,NYJ,LAC,9,2023,False,2/2,100.0,47,0/0,6
Tyler Bass,BUF,DET,12,2022,True,2/2,100.0,47,2/3,8
Michael Badgley,DET,BUF,12,2022,False,1/2,50.0,51,2/2,5
Brandon McManus,JAX,CAR,17,2023,False,4/4,100.0,35,2/2,14
Ryan Succop,TB,LAR,3,2021,True,1/2,50.0,26,3/3,6
Matt Gay,LAR,TB,3,2021,False,2/2,100.0,48,4/4,10
Eddy Pineiro,CAR,NO,14,2023,True,2/3,67.0,47,0/0,6
Blake Grupe,NO,CAR,14,2023,False,0/1,0.0,0,4/4,4
Brian Johnson,WSH,LV,13,2021,True,1/1,100.0,48,2/2,5
Daniel Carlson,LV,WSH,13,2021,False,3/3,100.0,52,0/0,9
Brett Maher,NO,ATL,18,2021,True,3/4,75.0,37,3/3,12
Younghoe Koo,ATL,NO,18,2021,False,2/2,100.0,54,2/2,8
Harrison Butker,KC,JAX,2,2023,True,1/1,100.0,38,2/2,5
Brandon McManus,JAX,KC,2,2023,False,3/3,100.0,49,0/0,9
Brandon McManus,JAX,BUF,5,2023,True,1/1,100.0,44,2/2,5
Tyler Bass,BUF,JAX,5,2023,False,0/0,0.0,0,2/2,2
Chad Ryland,NE,NYJ,3,2023,True,2/4,50.0,51,1/1,7
Greg Zuerlein,NYJ,NE,3,2023,False,1/1,100.0,52,1/1,4
Graham Gano,NYG,SF,3,2023,True,2/2,100.0,57,0/0,6
Jake Moody,SF,NYG,3,2023,False,3/3,100.0,36,3/3,12
Dustin Hopkins,WSH,ATL,4,2021,True,1/1,100.0,21,1/3,4
Younghoe Koo,ATL,WSH,4,2021,False,1/1,100.0,25,3/3,6
Randy Bullock,TEN,NE,12,2021,True,0/1,0.0,0,1/2,1
Nick Folk,NE,TEN,12,2021,False,5/6,83.0,52,3/3,18
Greg Zuerlein,NYJ,MIN,13,2022,True,5/5,100.0,60,1/1,16
Greg Joseph,MIN,NYJ,13,2022,False,2/2,100.0,51,3/3,9
Austin Seibert,NYJ,DAL,2,2023,True,1/1,100.0,34,1/1,4
Brandon Aubrey,DAL,NYJ,2,2023,False,5/5,100.0,55,1/1,16
Jason Sanders,MIA,LAC,1,2023,True,3/3,100.0,45,3/4,12
Cameron Dicker,LAC,MIA,1,2023,False,2/2,100.0,50,4/4,10
Jason Sanders,MIA,PHI,7,2023,True,1/1,100.0,40,2/2,5
Jake Elliott,PHI,MIA,7,2023,False,1/1,100.0,24,4/4,7
Younghoe Koo,ATL,CAR,10,2022,True,1/1,100.0,33,0/2,3
Eddy Pineiro,CAR,ATL,10,2022,False,4/4,100.0,49,1/2,13
Jason Myers,SEA,ARI,9,2022,True,1/1,100.0,49,4/4,7
Matt Prater,ARI,SEA,9,2022,False,0/0,0.0,0,3/3,3
Blake Grupe,NO,MIN,10,2023,True,1/1,100.0,48,0/0,3
Greg Joseph,MIN,NO,10,2023,False,2/3,67.0,40,3/3,9
Justin Tucker,BAL,CHI,11,2021,True,3/3,100.0,46,1/1,10
Cairo Santos,CHI,BAL,11,2021,False,0/1,0.0,0,1/1,1
Justin Tucker,BAL,DET,7,2023,False,1/1,100.0,32,5/5,8
Robbie Gould,SF,LAR,8,2022,True,1/1,100.0,29,4/4,7
Matt Gay,LAR,SF,8,2022,False,0/0,0.0,0,2/2,2
Randy Bullock,TEN,HOU,8,2022,True,1/2,50.0,29,2/2,5
Ka'imi Fairbairn,HOU,TEN,8,2022,False,1/1,100.0,43,1/1,4
Riley Patterson,DET,TB,6,2023,True,2/3,67.0,36,2/2,8
Chase McLaughlin,TB,DET,6,2023,False,2/2,100.0,36,0/0,6
Riley Patterson,JAX,NYJ,16,2022,True,4/5,80.0,45,1/1,13
Greg Zuerlein,NYJ,JAX,16,2022,False,1/1,100.0,37,0/0,3
Joey Slye,SF,CHI,8,2021,True,4/5,80.0,52,1/2,13
Cairo Santos,CHI,SF,8,2021,False,3/3,100.0,40,1/2,10
Dustin Hopkins,LAC,HOU,16,2021,True,3/3,100.0,50,0/0,9
Dominik Eberle,HOU,LAC,16,2021,False,2/3,67.0,51,5/5,11
Daniel Carlson,LV,TEN,3,2022,True,3/3,100.0,35,1/1,10
Randy Bullock,TEN,LV,3,2022,False,1/1,100.0,48,3/3,6
Eddy Pineiro,CAR,TB,13,2023,True,1/1,100.0,23,1/1,4
Chase McLaughlin,TB,CAR,13,2023,False,0/0,0.0,0,3/3,3
Matt Gay,LAR,HOU,8,2021,True,1/1,100.0,27,5/5,8
Ka'imi Fairbairn,HOU,LAR,8,2021,False,0/1,0.0,0,2/2,2
Cameron Dicker,LAC,TEN,2,2023,True,3/3,100.0,33,1/1,10
Nick Folk,TEN,LAC,2,2023,False,2/2,100.0,41,3/3,9
Evan McPherson,CIN,ARI,5,2023,True,2/2,100.0,40,4/4,10
Matt Prater,ARI,CIN,5,2023,False,0/0,0.0,0,2/3,2
Graham Gano,NYG,WSH,2,2021,True,5/5,100.0,55,2/2,17
Dustin Hopkins,WSH,NYG,2,2021,False,3/3,100.0,49,3/3,12
Evan McPherson,CIN,DEN,15,2021,True,3/3,100.0,58,0/0,9
Brandon McManus,DEN,CIN,15,2021,False,1/2,50.0,54,1/1,4
Matt Prater,ARI,SF,9,2021,True,1/1,100.0,26,4/4,7
Robbie Gould,SF,ARI,9,2021,False,1/1,100.0,26,2/2,5
Evan McPherson,CIN,TEN,12,2022,True,2/2,100.0,47,2/2,8
Caleb Shudak,TEN,CIN,12,2022,False,3/4,75.0,38,1/1,10
Nick Folk,NE,IND,15,2021,True,1/1,100.0,25,2/2,5
Michael Badgley,IND,NE,15,2021,False,2/3,67.0,41,3/3,9
Matt Gay,IND,ATL,16,2023,True,1/1,100.0,33,1/1,4
Younghoe Koo,ATL,IND,16,2023,False,5/5,100.0,47,2/2,17
Wil Lutz,NO,PIT,10,2022,True,1/1,100.0,44,1/1,4
Matthew Wright,PIT,NO,10,2022,False,2/4,50.0,33,2/2,8
Chase McLaughlin,CLE,CIN,9,2021,True,2/3,67.0,28,5/5,11
Evan McPherson,CIN,CLE,9,2021,False,1/1,100.0,27,1/1,4
Joey Slye,WSH,NYG,18,2021,True,3/3,100.0,43,1/1,10
Graham Gano,NYG,WSH,18,2021,False,0/0,0.0,0,1/1,1
Joey Slye,WSH,LAR,15,2023,True,0/0,0.0,0,2/3,2
Lucas Havrisik,LAR,WSH,15,2023,False,2/3,67.0,27,2/2,8
Brandon McManus,JAX,CLE,14,2023,True,0/0,0.0,0,3/3,3
Dustin Hopkins,CLE,JAX,14,2023,False,1/1,100.0,55,4/4,7
Jason Myers,SEA,LAR,15,2021,True,1/1,100.0,39,1/1,4
Matt Gay,LAR,SEA,15,2021,False,2/2,100.0,55,2/2,8
Chase McLaughlin,IND,MIN,15,2022,True,5/5,100.0,52,3/3,18
Greg Joseph,MIN,IND,15,2022,False,1/1,100.0,40,4/4,7
Joey Slye,WSH,PHI,10,2022,True,4/4,100.0,58,2/2,14
Jake Elliott,PHI,WSH,10,2022,False,0/0,0.0,0,3/3,3
Mason Crosby,GB,DET,9,2022,True,1/1,100.0,25,0/0,3
Michael Badgley,DET,GB,9,2022,False,0/0,0.0,0,1/1,1
Younghoe Koo,ATL,JAX,12,2021,True,0/0,0.0,0,3/3,3
Matthew Wright,JAX,ATL,12,2021,False,2/2,100.0,34,0/0,6
Cody Parkey,NO,WSH,5,2021,True,0/0,0.0,0,3/5,3
Dustin Hopkins,WSH,NO,5,2021,False,3/3,100.0,45,1/1,10
Brandon McManus,DEN,KC,13,2021,True,1/1,100.0,42,0/0,3
Harrison Butker,KC,DEN,13,2021,False,3/3,100.0,56,1/2,10
Riley Patterson,JAX,HOU,17,2022,True,1/1,100.0,53,4/4,7
Ka'imi Fairbairn,HOU,JAX,17,2022,False,1/1,100.0,56,0/0,3
Greg Zuerlein,DAL,NYG,15,2021,True,3/3,100.0,42,0/2,9
Graham Gano,NYG,DAL,15,2021,False,2/2,100.0,42,0/0,6
Chad Ryland,NE,PIT,14,2023,True,0/0,0.0,0,3/3,3
Chris Boswell,PIT,NE,14,2023,False,1/1,100.0,56,1/1,4
Greg Zuerlein,NYJ,DEN,5,2023,True,5/5,100.0,49,2/2,17
Wil Lutz,DEN,NYJ,5,2023,False,2/2,100.0,23,1/1,7
Evan McPherson,CIN,BAL,11,2023,True,2/3,67.0,50,2/2,8
Justin Tucker,BAL,CIN,11,2023,False,2/2,100.0,47,4/4,10
Nick Folk,NE,ARI,14,2022,True,2/2,100.0,51,3/3,9
Matt Prater,ARI,NE,14,2022,False,2/3,67.0,33,1/1,7
Eddy Pineiro,CAR,TB,17,2022,True,1/1,100.0,49,3/3,6
Ryan Succop,TB,CAR,17,2022,False,1/3,33.0,22,1/2,4
Chase McLaughlin,CLE,BAL,12,2021,True,1/2,50.0,46,1/1,4
Justin Tucker,BAL,CLE,12,2021,False,3/3,100.0,52,1/1,10
Brandon Aubrey,DAL,SF,5,2023,True,1/1,100.0,50,1/1,4
Jake Moody,SF,DAL,5,2023,False,0/0,0.0,0,6/6,6
Matt Prater,ARI,MIN,8,2022,True,2/2,100.0,44,2/2,8
Greg Joseph,MIN,ARI,8,2022,False,0/1,0.0,0,4/5,4
Jason Sanders,MIA,BUF,4,2023,True,0/0,0.0,0,2/2,2
Tyler Bass,BUF,MIA,4,2023,False,2/2,100.0,53,6/6,12
Austin Seibert,DET,MIN,5,2021,True,3/3,100.0,52,0/0,9
Greg Joseph,MIN,DET,5,2021,False,4/5,80.0,55,1/1,13
Tristan Vizcaino,LAC,KC,3,2021,True,1/1,100.0,24,1/3,4
Harrison Butker,KC,LAC,3,2021,False,1/1,100.0,34,3/3,6
Nick Folk,NE,ATL,11,2021,True,4/4,100.0,53,1/2,13
Younghoe Koo,ATL,NE,11,2021,False,0/1,0.0,0,0/0,0
Younghoe Koo,ATL,NYG,3,2021,True,1/1,100.0,40,2/2,5
Graham Gano,NYG,ATL,3,2021,False,2/2,100.0,31,0/0,6
Chris Blewitt,WSH,GB,7,2021,True,1/2,50.0,45,1/1,4
Mason Crosby,GB,WSH,7,2021,False,1/2,50.0,39,3/3,6
Matt Prater,ARI,JAX,3,2021,True,1/2,50.0,34,4/4,7
Josh Lambo,JAX,ARI,3,2021,False,0/0,0.0,0,1/3,1
Brandon McManus,DEN,KC,17,2022,True,1/1,100.0,49,3/3,6
Harrison Butker,KC,DEN,17,2022,False,0/1,0.0,0,3/3,3
Jason Sanders,MIA,NYJ,5,2022,True,1/2,50.0,46,2/2,5
Greg Zuerlein,NYJ,MIA,5,2022,False,1/1,100.0,34,5/5,8
Jason Myers,SEA,CIN,6,2023,True,2/2,100.0,55,1/1,7
Evan McPherson,CIN,SEA,6,2023,False,1/1,100.0,52,2/2,5
Ryan Succop,TB,CAR,16,2021,True,4/4,100.0,48,2/2,14
Lirim Hajrullahu,CAR,TB,16,2021,False,2/2,100.0,29,0/0,6
Harrison Butker,KC,LAC,18,2023,True,2/2,100.0,41,1/1,7
Cameron Dicker,LAC,KC,18,2023,False,4/4,100.0,49,0/0,12
Jason Sanders,MIA,WSH,13,2023,True,1/1,100.0,49,6/6,9
Joey Slye,WSH,MIA,13,2023,False,0/1,0.0,0,1/1,1
Blake Grupe,NO,TB,17,2023,True,3/3,100.0,45,2/2,11
Chase McLaughlin,TB,NO,17,2023,False,0/0,0.0,0,1/1,1
Brandon McManus,DEN,LV,4,2022,True,1/1,100.0,28,2/3,5
Daniel Carlson,LV,DEN,4,2022,False,4/4,100.0,39,2/3,14
Harrison Butker,KC,LAC,11,2022,True,3/3,100.0,52,3/3,12
Cameron Dicker,LAC,KC,11,2022,False,2/2,100.0,46,3/3,9
Michael Badgley,CHI,NYG,4,2022,True,4/4,100.0,40,0/0,12
Graham Gano,NYG,CHI,4,2022,False,2/3,67.0,44,2/2,8
Mason Crosby,NYG,PHI,16,2023,True,1/1,100.0,52,2/2,5
Jake Elliott,PHI,NYG,16,2023,False,4/4,100.0,44,3/3,15
Greg Joseph,MIN,NO,4,2022,True,5/5,100.0,47,1/2,16
Wil Lutz,NO,MIN,4,2022,False,1/2,50.0,60,2/2,5
Harrison Butker,KC,LV,18,2022,True,1/1,100.0,44,4/4,7
Daniel Carlson,LV,KC,18,2022,False,2/2,100.0,54,1/1,7
Brandon Aubrey,DAL,ARI,3,2023,True,3/3,100.0,49,1/1,10
Matt Prater,ARI,DAL,3,2023,False,3/3,100.0,62,1/1,10
Evan McPherson,CIN,PIT,11,2022,True,3/3,100.0,54,4/4,13
Matthew Wright,PIT,CIN,11,2022,False,3/3,100.0,42,3/3,12
Greg Zuerlein,DAL,KC,11,2021,True,3/3,100.0,48,0/0,9
Harrison Butker,KC,DAL,11,2021,False,2/3,67.0,53,1/2,7
Daniel Carlson,LV,CHI,7,2023,True,2/3,67.0,40,0/0,6
Cairo Santos,CHI,LV,7,2023,False,1/1,100.0,54,3/4,6
Randy Bullock,TEN,IND,8,2021,True,2/2,100.0,46,4/4,10
Michael Badgley,IND,TEN,8,2021,False,1/1,100.0,34,4/4,7
Mason Crosby,GB,WSH,7,2022,True,0/0,0.0,0,3/3,3
Joey Slye,WSH,GB,7,2022,False,3/4,75.0,31,2/2,11
Chad Ryland,NE,DAL,4,2023,True,1/2,50.0,29,0/0,3
Brandon Aubrey,DAL,NE,4,2023,False,3/3,100.0,33,3/3,12
Matt Ammendola,HOU,NYJ,14,2023,True,0/0,0.0,0,0/1,0
Greg Zuerlein,NYJ,HOU,14,2023,False,3/3,100.0,55,3/3,12
Graham Gano,NYG,SEA,8,2022,True,2/2,100.0,45,1/1,7
Jason Myers,SEA,NYG,8,2022,False,2/2,100.0,51,3/3,9
Chris Boswell,PIT,LAC,11,2021,True,3/3,100.0,45,4/4,13
Dustin Hopkins,LAC,PIT,11,2021,False,2/2,100.0,41,5/5,11
Mason Crosby,GB,TB,3,2022,True,0/0,0.0,0,2/2,2
Ryan Succop,TB,GB,3,2022,False,2/2,100.0,45,0/0,6
Cairo Santos,CHI,MIN,12,2023,True,4/5,80.0,55,0/0,12
Greg Joseph,MIN,CHI,12,2023,False,1/1,100.0,34,1/1,4
Greg Joseph,MIN,PHI,2,2022,True,0/0,0.0,0,1/1,1
Jake Elliott,PHI,MIN,2,2022,False,1/2,50.0,38,3/3,6
Michael Badgley,DET,GB,18,2022,True,2/3,67.0,37,2/2,8
Mason Crosby,GB,DET,18,2022,False,3/4,75.0,49,1/1,10
Cairo Santos,CHI,MIN,5,2022,True,3/3,100.0,51,1/1,10
Greg Joseph,MIN,CHI,5,2022,False,0/2,0.0,0,3/3,3
Greg Joseph,MIN,ATL,9,2023,True,3/3,100.0,32,2/2,11
Younghoe Koo,ATL,MIN,9,2023,False,4/4,100.0,54,2/2,14
Matt Ammendola,NYJ,HOU,12,2021,True,2/3,67.0,37,1/1,7
Ka'imi Fairbairn,HOU,NYJ,12,2021,False,0/1,0.0,0,2/2,2
Greg Joseph,MIN,DEN,11,2023,True,2/2,100.0,34,2/2,8
Wil Lutz,DEN,MIN,11,2023,False,5/5,100.0,52,0/0,15
Nick Sciba,PIT,PHI,8,2022,True,2/2,100.0,38,1/1,7
Jake Elliott,PHI,PIT,8,2022,False,0/0,0.0,0,5/5,5
Chase McLaughlin,CLE,PIT,17,2021,True,0/0,0.0,0,2/2,2
Chris Boswell,PIT,CLE,17,2021,False,4/4,100.0,50,2/2,14
Brett Maher,LAR,CIN,3,2023,True,3/3,100.0,42,1/1,10
Evan McPherson,CIN,LAR,3,2023,False,4/5,80.0,54,1/1,13
Daniel Carlson,LV,KC,5,2022,True,3/3,100.0,53,2/2,11
Matthew Wright,KC,LV,5,2022,False,1/2,50.0,59,3/3,6
Nick Folk,TEN,NO,1,2023,True,5/5,100.0,50,0/0,15
Blake Grupe,NO,TEN,1,2023,False,3/3,100.0,52,1/1,10
Rodrigo Blankenship,IND,HOU,1,2022,True,2/3,67.0,45,2/2,8
Ka'imi Fairbairn,HOU,IND,1,2022,False,2/2,100.0,45,2/2,8
Dustin Hopkins,CLE,BAL,10,2023,True,4/4,100.0,40,1/2,13
Justin Tucker,BAL,CLE,10,2023,False,1/2,50.0,37,4/4,7
Jake Moody,SF,PHI,13,2023,True,0/0,0.0,0,6/6,6
Jake Elliott,PHI,SF,13,2023,False,2/2,100.0,39,1/1,7
Harrison Butker,KC,DEN,18,2021,True,2/2,100.0,51,2/2,8
Brandon McManus,DEN,KC,18,2021,False,1/1,100.0,31,3/3,6
Greg Zuerlein,DAL,TB,1,2021,True,3/5,60.0,48,2/3,11
Ryan Succop,TB,DAL,1,2021,False,1/1,100.0,36,4/4,7
Chase McLaughlin,TB,BUF,8,2023,True,1/2,50.0,57,1/1,4
Tyler Bass,BUF,TB,8,2023,False,1/1,100.0,37,3/3,6
Matt Gay,IND,NE,10,2023,True,1/2,50.0,51,1/1,4
Chad Ryland,NE,IND,10,2023,False,2/3,67.0,37,0/0,6
Lucas Havrisik,LAR,BAL,14,2023,True,3/3,100.0,51,2/2,11
Justin Tucker,BAL,LAR,14,2023,False,3/3,100.0,47,2/2,11
Matt Gay,LAR,LAC,17,2022,True,1/1,100.0,23,1/1,4
Cameron Dicker,LAC,LAR,17,2022,False,1/1,100.0,40,4/4,7
Blake Grupe,NO,NE,5,2023,True,2/2,100.0,54,4/4,10
Chad Ryland,NE,NO,5,2023,False,0/1,0.0,0,0/0,0
Brandon McManus,DEN,CLE,7,2021,True,0/0,0.0,0,2/2,2
Chase McLaughlin,CLE,DEN,7,2021,False,1/2,50.0,52,2/2,5
Riley Patterson,DET,DEN,14,2021,True,1/1,100.0,36,1/1,4
Brandon McManus,DEN,DET,14,2021,False,1/1,100.0,52,5/5,8
Eddy Pineiro,NYJ,MIA,15,2021,True,1/1,100.0,27,3/3,6
Jason Sanders,MIA,NYJ,15,2021,False,1/1,100.0,24,4/4,7
Justin Tucker,BAL,CIN,18,2022,True,3/3,100.0,51,1/1,10
Evan McPherson,CIN,BAL,18,2022,False,2/2,100.0,34,3/3,9
Cade York,CLE,PIT,18,2022,True,0/0,0.0,0,2/2,2
Chris Boswell,PIT,CLE,18,2022,False,2/2,100.0,49,2/2,8
Anders Carlson,GB,PIT,10,2023,True,2/2,100.0,31,1/2,7
Chris Boswell,PIT,GB,10,2023,False,3/3,100.0,49,2/2,11
Jason Myers,SEA,LAR,13,2022,True,2/2,100.0,41,3/3,9
Matt Gay,LAR,SEA,13,2022,False,3/3,100.0,54,2/2,11
Brandon McManus,JAX,PIT,8,2023,True,4/4,100.0,51,0/0,12
Chris Boswell,PIT,JAX,8,2023,False,1/2,50.0,22,1/1,4
Joey Slye,WSH,IND,8,2022,True,1/1,100.0,28,2/2,5
Chase McLaughlin,IND,WSH,8,2022,False,3/3,100.0,46,1/1,10
Jason Sanders,MIA,SF,13,2022,True,1/1,100.0,43,2/2,5
Robbie Gould,SF,MIA,13,2022,False,4/4,100.0,48,3/3,15
Justin Tucker,BAL,NYJ,1,2022,True,1/1,100.0,24,3/3,6
Greg Zuerlein,NYJ,BAL,1,2022,False,1/2,50.0,45,0/1,3
Wil Lutz,DEN,DET,15,2023,True,1/1,100.0,23,2/2,5
Michael Badgley,DET,DEN,15,2023,False,0/0,0.0,0,6/6,6
Lucas Havrisik,LAR,ARI,12,2023,True,1/2,50.0,24,4/5,7
Matt Prater,ARI,LAR,12,2023,False,0/1,0.0,0,0/0,0
Ryan Santoso,DET,CHI,4,2021,True,0/0,0.0,0,2/2,2
Cairo Santos,CHI,DET,4,2021,False,1/1,100.0,33,3/3,6
Eddy Pineiro,CAR,SEA,14,2022,True,3/3,100.0,47,3/3,12
Jason Myers,SEA,CAR,14,2022,False,1/1,100.0,27,3/3,6
Jake Elliott,PHI,DEN,10,2021,True,3/3,100.0,52,3/3,12
Brandon McManus,DEN,PHI,10,2021,False,2/3,67.0,28,1/1,7
Matt Ammendola,NYJ,IND,9,2021,True,1/1,100.0,33,3/3,6
Michael Badgley,IND,NYJ,9,2021,False,1/1,100.0,39,6/6,9
Chris Boswell,PIT,KC,16,2021,True,1/2,50.0,34,1/1,4
Elliott Fry,KC,PIT,16,2021,False,3/4,75.0,44,3/4,12
Jake Elliott,PHI,NYJ,13,2021,True,4/4,100.0,46,3/3,15
Alex Kessman,NYJ,PHI,13,2021,False,0/0,0.0,0,0/2,0
Tyler Bass,BUF,KC,6,2022,True,1/1,100.0,39,3/3,6
Harrison Butker,KC,BUF,6,2022,False,2/3,67.0,62,2/2,8
Harrison Butker,KC,SF,7,2022,True,0/1,0.0,0,6/6,6
Robbie Gould,SF,KC,7,2022,False,3/3,100.0,50,2/2,11
Austin Seibert,DET,MIN,3,2022,True,1/3,33.0,40,3/3,6
Greg Joseph,MIN,DET,3,2022,False,0/2,0.0,0,4/4,4
Justin Tucker,BAL,CIN,16,2021,True,0/0,0.0,0,3/3,3
Evan McPherson,CIN,BAL,16,2021,False,2/3,67.0,36,5/5,11
Chase McLaughlin,IND,LV,10,2022,True,2/3,67.0,48,1/1,7
Daniel Carlson,LV,IND,10,2022,False,0/0,0.0,0,2/2,2
Randy Bullock,TEN,BUF,2,2022,True,0/0,0.0,0,1/1,1
Tyler Bass,BUF,TEN,2,2022,False,2/2,100.0,49,5/5,11
Daniel Carlson,LV,LAR,14,2022,True,3/3,100.0,52,1/1,10
Matt Gay,LAR,LV,14,2022,False,1/2,50.0,55,2/2,5
Jason Sanders,MIA,CHI,9,2022,True,0/1,0.0,0,5/5,5
Cairo Santos,CHI,MIA,9,2022,False,1/1,100.0,32,3/3,6
Matt Gay,LAR,KC,12,2022,True,1/1,100.0,47,1/1,4
Harrison Butker,KC,LAR,12,2022,False,4/4,100.0,32,2/2,14
Matt Gay,LAR,SEA,18,2022,True,3/3,100.0,45,1/1,10
Jason Myers,SEA,LAR,18,2022,False,4/5,80.0,37,1/1,13
Nick Folk,NE,DET,5,2022,False,5/5,100.0,44,2/2,17
Dustin Hopkins,CLE,HOU,16,2023,True,0/0,0.0,0,2/2,2
Ka'imi Fairbairn,HOU,CLE,16,2023,False,0/0,0.0,0,2/2,2
Chris Boswell,PIT,CLE,3,2022,True,1/2,50.0,34,2/2,5
Cade York,CLE,PIT,3,2022,False,1/1,100.0,34,2/3,5
Ka'imi Fairbairn,HOU,DEN,2,2022,True,3/3,100.0,44,0/0,9
Brandon McManus,DEN,HOU,2,2022,False,3/3,100.0,50,1/1,10
Younghoe Koo,ATL,TB,7,2023,True,3/3,100.0,51,1/1,10
Chase McLaughlin,TB,ATL,7,2023,False,2/2,100.0,36,1/1,7
Riley Patterson,DET,SEA,17,2021,True,0/1,0.0,0,3/3,3
Jason Myers,SEA,DET,17,2021,False,3/3,100.0,51,6/6,15
Nick Folk,NE,MIA,18,2021,True,1/1,100.0,43,3/3,6
Jason Sanders,MIA,NE,18,2021,False,2/2,100.0,49,3/3,9
Greg Joseph,MIN,CHI,15,2021,True,1/1,100.0,37,2/2,5
Cairo Santos,CHI,MIN,15,2021,False,1/2,50.0,34,0/0,3
Younghoe Koo,ATL,DAL,10,2021,True,1/1,100.0,35,0/0,3
Lirim Hajrullahu,DAL,ATL,10,2021,False,0/0,0.0,0,5/5,5
Nick Folk,NE,BUF,18,2022,True,1/1,100.0,24,2/2,5
Tyler Bass,BUF,NE,18,2022,False,0/0,0.0,0,5/5,5
Tyler Bass,BUF,WSH,3,2023,True,3/3,100.0,54,4/4,13
Joey Slye,WSH,BUF,3,2023,False,1/1,100.0,51,0/0,3
Randy Bullock,TEN,HOU,18,2021,True,0/1,0.0,0,4/4,4
Ka'imi Fairbairn,HOU,TEN,18,2021,False,1/1,100.0,31,2/2,5
Evan McPherson,CIN,DET,6,2021,True,2/2,100.0,40,4/4,10
Austin Seibert,DET,CIN,6,2021,False,1/1,100.0,35,0/0,3
Ryan Succop,TB,PHI,6,2021,True,0/0,0.0,0,4/4,4
Jake Elliott,PHI,TB,6,2021,False,0/1,0.0,0,2/2,2
Mason Crosby,GB,MIN,1,2022,True,0/0,0.0,0,1/1,1
Greg Joseph,MIN,GB,1,2022,False,3/3,100.0,56,2/2,11
Robbie Gould,SF,DEN,3,2022,True,1/1,100.0,51,1/1,4
Brandon McManus,DEN,SF,3,2022,False,1/2,50.0,55,0/0,3
Nick Folk,TEN,CLE,3,2023,True,1/1,100.0,44,0/0,3
Dustin Hopkins,CLE,TEN,3,2023,False,2/2,100.0,52,3/3,9
Matt Gay,IND,CIN,14,2023,True,0/1,0.0,0,0/1,0
Evan McPherson,CIN,IND,14,2023,False,2/2,100.0,35,4/4,10
Ryan Succop,TB,NE,4,2021,True,4/5,80.0,48,1/1,13
Nick Folk,NE,TB,4,2021,False,1/2,50.0,27,2/2,5
Harrison Butker,KC,TEN,7,2021,True,1/2,50.0,42,0/0,3
Randy Bullock,TEN,KC,7,2021,False,2/2,100.0,51,3/3,9
Chase McLaughlin,IND,TEN,7,2022,True,1/1,100.0,50,1/1,4
Randy Bullock,TEN,IND,7,2022,False,4/4,100.0,48,1/1,13
Greg Joseph,MIN,DET,14,2022,True,1/1,100.0,41,2/2,5
Michael Badgley,DET,MIN,14,2022,False,2/3,67.0,49,4/4,10
Ka'imi Fairbairn,HOU,TEN,15,2023,True,4/4,100.0,54,1/1,13
Nick Folk,TEN,HOU,15,2023,False,1/1,100.0,45,1/2,4
Matt Gay,IND,CAR,9,2023,True,2/2,100.0,57,3/3,9
Eddy Pineiro,CAR,IND,9,2023,False,2/2,100.0,49,1/1,7
Riley Patterson,DET,LAC,10,2023,True,2/2,100.0,41,5/5,11
Cameron Dicker,LAC,DET,10,2023,False,1/1,100.0,48,5/5,8
Jake Moody,SF,JAX,10,2023,True,2/2,100.0,39,4/4,10
Brandon McManus,JAX,SF,10,2023,False,1/1,100.0,37,0/0,3
Michael Badgley,IND,BUF,11,2021,True,2/2,100.0,36,5/5,11
Tyler Bass,BUF,IND,11,2021,False,0/2,0.0,0,1/1,1
Michael Badgley,IND,ARI,16,2021,True,2/3,67.0,41,2/2,8
Matt Prater,ARI,IND,16,2021,False,1/3,33.0,28,1/2,4
Josh Lambo,TEN,GB,11,2022,True,0/0,0.0,0,3/4,3
Mason Crosby,GB,TEN,11,2022,False,1/1,100.0,39,0/1,3
Tristan Vizcaino,ARI,LAR,10,2022,True,2/2,100.0,46,3/3,9
Matt Gay,LAR,ARI,10,2022,False,1/1,100.0,36,2/2,5
Brandon Aubrey,DAL,LAC,6,2023,True,2/2,100.0,39,2/2,8
Cameron Dicker,LAC,DAL,6,2023,False,1/1,100.0,24,2/2,5
Ka'imi Fairbairn,HOU,CAR,8,2023,True,0/0,0.0,0,1/1,1
Eddy Pineiro,CAR,HOU,8,2023,False,3/3,100.0,46,0/1,9
Robbie Gould,SF,ATL,6,2022,True,0/0,0.0,0,2/2,2
Younghoe Koo,ATL,SF,6,2022,False,0/0,0.0,0,4/4,4
Jake Elliott,PHI,WSH,3,2022,True,1/1,100.0,32,3/3,6
Jake Elliott,PHI,WSH,17,2021,True,2/2,100.0,42,2/2,8
Joey Slye,WSH,PHI,17,2021,False,3/3,100.0,55,1/1,10
Jake Elliott,PHI,IND,11,2022,True,1/1,100.0,22,2/2,5
Chase McLaughlin,IND,PHI,11,2022,False,3/4,75.0,51,1/1,10
Robbie Gould,SF,CIN,14,2021,True,2/3,67.0,33,2/2,8
Evan McPherson,CIN,SF,14,2021,False,3/4,75.0,41,2/2,11
Jake Elliott,PHI,CHI,15,2022,True,1/2,50.0,32,2/2,5
Cairo Santos,CHI,PHI,15,2022,False,0/0,0.0,0,2/3,2
Mason Crosby,GB,DET,18,2021,True,1/1,100.0,36,1/2,4
Riley Patterson,DET,GB,18,2021,False,3/3,100.0,36,4/4,13
Jason Myers,SEA,WSH,12,2021,True,0/0,0.0,0,1/1,1
Joey Slye,WSH,SEA,12,2021,False,1/1,100.0,23,0/1,3
Jason Sanders,MIA,JAX,6,2021,True,2/3,67.0,33,2/2,8
Matthew Wright,JAX,MIA,6,2021,False,3/3,100.0,54,2/2,11
Josh Lambo,JAX,HOU,1,2021,True,0/1,0.0,0,3/3,3
Joey Slye,HOU,JAX,1,2021,False,3/3,100.0,40,4/4,13
Chase McLaughlin,IND,DAL,13,2022,True,2/2,100.0,52,1/1,7
Brett Maher,DAL,IND,13,2022,False,0/0,0.0,0,6/7,6
Dustin Hopkins,CLE,SEA,8,2023,True,2/2,100.0,27,2/2,8
Jason Myers,SEA,CLE,8,2023,False,1/1,100.0,32,3/3,6
Jason Myers,SEA,DET,2,2023,True,1/3,33.0,25,4/4,7
Riley Patterson,DET,SEA,2,2023,False,1/1,100.0,38,4/4,7
Jason Myers,SEA,SF,14,2023,True,1/1,100.0,40,1/1,4
Jake Moody,SF,SEA,14,2023,False,0/0,0.0,0,4/4,4
Mason Crosby,GB,CHI,6,2021,True,1/1,100.0,39,3/3,6
Cairo Santos,CHI,GB,6,2021,False,0/0,0.0,0,2/2,2
Matt Prater,ARI,LAR,6,2023,True,3/3,100.0,55,0/0,9
Brett Maher,LAR,ARI,6,2023,False,4/4,100.0,43,2/2,14
Daniel Carlson,LV,IND,17,2023,True,2/2,100.0,40,2/2,8
Matt Gay,IND,LV,17,2023,False,3/3,100.0,45,2/2,11
Younghoe Koo,ATL,CIN,7,2022,True,1/1,100.0,43,2/2,5
Evan McPherson,CIN,ATL,7,2022,False,0/0,0.0,0,5/5,5
Joey Slye,WSH,DAL,16,2021,True,0/0,0.0,0,2/2,2
Greg Zuerlein,DAL,WSH,16,2021,False,0/0,0.0,0,8/8,8
Greg Joseph,MIN,CHI,6,2023,True,2/3,67.0,53,1/2,7
Cairo Santos,CHI,MIN,6,2023,False,2/2,100.0,53,1/1,7
Evan McPherson,CIN,SF,8,2023,True,1/2,50.0,56,4/4,7
Jake Moody,SF,CIN,8,2023,False,1/1,100.0,36,2/2,5
Nick Folk,NE,CAR,9,2021,True,1/2,50.0,37,3/3,6
Zane Gonzalez,CAR,NE,9,2021,False,2/2,100.0,49,0/0,6
Jake Elliott,PHI,NE,1,2023,True,4/4,100.0,56,1/2,13
Chad Ryland,NE,PHI,1,2023,False,0/0,0.0,0,2/2,2
Brandon McManus,JAX,NO,7,2023,True,1/1,100.0,43,4/4,7
Blake Grupe,NO,JAX,7,2023,False,3/4,75.0,42,1/1,10
Ryan Succop,TB,IND,12,2021,True,1/1,100.0,25,5/5,8
Michael Badgley,IND,TB,12,2021,False,1/1,100.0,45,4/4,7
Riley Patterson,JAX,IND,2,2022,False,1/1,100.0,52,3/3,6
Wil Lutz,NO,LV,8,2022,False,1/2,50.0,37,3/3,6
Ka'imi Fairbairn,HOU,JAX,15,2021,True,3/3,100.0,52,3/3,12
Matthew Wright,JAX,HOU,15,2021,False,3/3,100.0,38,1/1,10
Michael Badgley,DET,MIN,16,2023,True,1/1,100.0,37,3/4,6
Greg Joseph,MIN,DET,16,2023,False,1/1,100.0,26,3/3,6
Harrison Butker,KC,MIN,5,2023,True,2/2,100.0,40,3/3,9
Greg Joseph,MIN,KC,5,2023,False,2/2,100.0,40,2/2,8
Tyler Bass,BUF,CAR,15,2021,False,1/1,100.0,26,4/4,7
Chase McLaughlin,CLE,MIN,4,2021,True,2/2,100.0,53,0/0,6
Greg Joseph,MIN,CLE,4,2021,False,0/0,0.0,0,1/1,1
Jake Elliott,PHI,TB,3,2023,True,3/3,100.0,38,2/2,11
Chase McLaughlin,TB,PHI,3,2023,False,1/1,100.0,33,0/0,3
Cairo Santos,CHI,DET,11,2023,True,4/4,100.0,53,2/2,14
Riley Patterson,DET,CHI,11,2023,False,0/0,0.0,0,3/3,3
Harrison Butker,KC,LAC,15,2021,True,2/2,100.0,33,2/2,8
Dustin Hopkins,LAC,KC,15,2021,False,0/0,0.0,0,4/4,4
Matt Gay,LAR,SEA,5,2021,True,2/2,100.0,47,2/3,8
Jason Myers,SEA,LAR,5,2021,False,1/2,50.0,32,2/2,5
Randy Bullock,TEN,JAX,5,2021,True,1/1,100.0,34,4/5,7
Matthew Wright,JAX,TEN,5,2021,False,0/1,0.0,0,1/2,1
Matt Ammendola,KC,IND,3,2022,True,1/2,50.0,26,0/1,3
Chase McLaughlin,IND,KC,3,2022,False,2/2,100.0,51,2/2,8
Dustin Hopkins,LAC,PHI,9,2021,True,2/2,100.0,30,1/2,7
Jake Elliott,PHI,LAC,9,2021,False,1/1,100.0,24,3/3,6
Blake Grupe,NO,CAR,2,2023,True,2/2,100.0,28,2/2,8
Eddy Pineiro,CAR,NO,2,2023,False,3/3,100.0,54,0/0,9
Mason Crosby,GB,KC,9,2021,True,0/2,0.0,0,1/1,1
Harrison Butker,KC,GB,9,2021,False,2/2,100.0,55,1/1,7
Jake Elliott,PHI,DET,8,2021,True,3/3,100.0,43,5/5,14
Austin Seibert,DET,PHI,8,2021,False,0/1,0.0,0,0/0,0
Chris Boswell,PIT,CIN,1,2022,True,3/4,75.0,53,2/2,11
Evan McPherson,CIN,PIT,1,2022,False,2/3,67.0,59,0/1,6
Brandon McManus,DEN,TEN,10,2022,True,1/1,100.0,39,1/1,4
Randy Bullock,TEN,DEN,10,2022,False,1/1,100.0,35,2/2,5
Brandon McManus,DEN,NYJ,3,2021,False,4/4,100.0,47,2/2,14
Evan McPherson,CIN,JAX,13,2023,True,2/3,67.0,54,4/4,10
Brandon McManus,JAX,CIN,13,2023,False,1/2,50.0,40,4/4,7
Evan McPherson,CIN,DAL,2,2022,True,3/3,100.0,50,0/0,9
Brett Maher,DAL,CIN,2,2022,False,2/2,100.0,54,2/2,8
Anders Carlson,GB,DET,12,2023,True,1/2,50.0,43,2/3,5
Riley Patterson,DET,GB,12,2023,False,0/0,0.0,0,0/1,0
Tyler Bass,BUF,CIN,9,2023,True,1/1,100.0,34,1/1,4
Evan McPherson,CIN,BUF,9,2023,False,1/1,100.0,20,3/3,6
Randy Bullock,TEN,IND,4,2022,True,1/1,100.0,44,3/3,6
Chase McLaughlin,IND,TEN,4,2022,False,1/2,50.0,27,2/2,5
Graham Gano,NYG,BUF,6,2023,True,3/3,100.0,43,0/0,9
Tyler Bass,BUF,NYG,6,2023,False,0/2,0.0,0,2/2,2
Dustin Hopkins,CLE,IND,7,2023,True,4/4,100.0,58,3/3,15
Matt Gay,IND,CLE,7,2023,False,1/2,50.0,27,5/5,8
Eddy Pineiro,CAR,DET,5,2023,True,1/1,100.0,33,3/3,6
Riley Patterson,DET,CAR,5,2023,False,0/0,0.0,0,6/6,6
Evan McPherson,CIN,CLE,1,2023,True,1/2,50.0,42,0/0,3
Dustin Hopkins,CLE,CIN,1,2023,False,3/3,100.0,43,1/1,10
Matt Gay,LAR,BAL,17,2021,True,0/1,0.0,0,2/2,2
Justin Tucker,BAL,LAR,17,2021,False,4/4,100.0,46,1/1,13
Randy Bullock,NYG,NO,15,2023,True,1/1,100.0,56,0/0,3
Jamie Gillan,NYG,NO,15,2023,True,1/1,100.0,40,0/0,3
Blake Grupe,NO,NYG,15,2023,False,1/1,100.0,50,3/3,6
Jason Myers,SEA,MIN,3,2021,True,1/2,50.0,53,2/2,5
Greg Joseph,MIN,SEA,3,2021,False,3/3,100.0,43,3/3,12
Mason Crosby,GB,BUF,8,2022,True,1/2,50.0,38,2/2,5
Tyler Bass,BUF,GB,8,2022,False,2/2,100.0,42,3/3,9
Chase McLaughlin,IND,DEN,5,2022,True,4/4,100.0,52,0/0,12
Brandon McManus,DEN,IND,5,2022,False,3/4,75.0,45,0/0,9
Randy Bullock,TEN,WSH,5,2022,True,0/0,0.0,0,3/3,3
Joey Slye,WSH,TEN,5,2022,False,1/1,100.0,50,2/2,5
Ka'imi Fairbairn,HOU,ARI,7,2021,True,1/1,100.0,53,0/0,3
Matt Prater,ARI,HOU,7,2021,False,1/1,100.0,31,4/4,7
Chad Ryland,NE,BUF,17,2023,True,0/1,0.0,0,3/3,3
Tyler Bass,BUF,NE,17,2023,False,2/2,100.0,35,3/3,9
Brian Johnson,NO,SEA,7,2021,True,2/2,100.0,33,1/1,7
Jason Myers,SEA,NO,7,2021,False,1/3,33.0,50,1/1,4
Greg Zuerlein,NYJ,LV,10,2023,True,4/4,100.0,53,0/0,12
Daniel Carlson,LV,NYJ,10,2023,False,3/3,100.0,54,1/1,10
Mason Crosby,GB,SEA,10,2021,False,1/2,50.0,27,2/2,5
Brett Maher,DAL,GB,10,2022,True,0/0,0.0,0,4/4,4
Mason Crosby,GB,DAL,10,2022,False,1/2,50.0,28,4/4,7
Younghoe Koo,ATL,SF,15,2021,True,2/2,100.0,48,1/1,7
Robbie Gould,SF,ATL,15,2021,False,1/1,100.0,30,4/4,7
Chris Boswell,PIT,CIN,12,2023,True,3/3,100.0,41,1/1,10
Evan McPherson,CIN,PIT,12,2023,False,1/1,100.0,47,1/1,4
Chase McLaughlin,TB,SF,11,2023,True,0/0,0.0,0,2/2,2
Jake Moody,SF,TB,11,2023,False,2/2,100.0,37,3/3,9
Younghoe Koo,ATL,BAL,16,2022,True,3/3,100.0,37,0/0,9
Justin Tucker,BAL,ATL,16,2022,False,3/4,75.0,27,0/0,9
Chris Boswell,PIT,CLE,8,2021,True,1/1,100.0,31,0/0,3
Chase McLaughlin,CLE,PIT,8,2021,False,1/1,100.0,30,1/1,4
Cairo Santos,CHI,ATL,11,2022,True,1/2,50.0,41,3/3,6
Younghoe Koo,ATL,CHI,11,2022,False,2/2,100.0,53,3/3,9
Joey Slye,WSH,SEA,10,2023,True,2/2,100.0,49,2/3,8
Jason Myers,SEA,WSH,10,2023,False,5/5,100.0,45,2/2,17
Tyler Bass,BUF,NE,7,2023,True,1/2,50.0,36,2/2,5
Chad Ryland,NE,BUF,7,2023,False,3/3,100.0,49,2/2,11
Cairo Santos,CHI,KC,3,2023,True,1/1,100.0,21,1/1,4
Harrison Butker,KC,CHI,3,2023,False,2/2,100.0,41,5/5,11
Michael Badgley,DET,NYJ,15,2022,True,2/3,67.0,34,2/2,8
Greg Zuerlein,NYJ,DET,15,2022,False,1/2,50.0,34,2/2,5
Jake Elliott,PHI,ATL,1,2021,True,1/1,100.0,43,3/3,6
Younghoe Koo,ATL,PHI,1,2021,False,2/2,100.0,27,0/0,6
Jason Sanders,MIA,DET,8,2022,True,1/1,100.0,45,4/4,7
Michael Badgley,DET,MIA,8,2022,False,2/2,100.0,42,3/3,9
Jake Moody,SF,ARI,15,2023,True,1/1,100.0,43,6/6,9
Matt Prater,ARI,SF,15,2023,False,3/3,100.0,58,2/2,11
Younghoe Koo,ATL,NYJ,13,2023,True,2/2,100.0,42,1/1,7
Greg Zuerlein,NYJ,ATL,13,2023,False,2/2,100.0,46,0/0,6
Dustin Hopkins,LAC,HOU,4,2022,True,2/2,100.0,37,4/4,10
Ka'imi Fairbairn,HOU,LAC,4,2022,False,1/2,50.0,40,3/3,6
Matt Prater,ARI,PHI,17,2023,True,2/2,100.0,34,3/3,9
Jake Elliott,PHI,ARI,17,2023,False,1/1,100.0,43,4/4,7
Tristan Vizcaino,LAC,BAL,6,2021,True,0/0,0.0,0,0/1,0
Justin Tucker,BAL,LAC,6,2021,False,2/2,100.0,52,4/4,10
Joey Slye,WSH,CAR,11,2021,True,2/2,100.0,36,3/3,9
Zane Gonzalez,CAR,WSH,11,2021,False,0/0,0.0,0,3/3,3
Younghoe Koo,ATL,MIA,7,2021,True,3/3,100.0,36,3/3,12
Jason Sanders,MIA,ATL,7,2021,False,0/1,0.0,0,4/4,4
Nick Folk,NE,GB,4,2022,True,1/1,100.0,37,3/3,6
Mason Crosby,GB,NE,4,2022,False,2/2,100.0,38,3/3,9
Mason Crosby,GB,MIA,16,2022,True,4/4,100.0,46,2/2,14
Jason Sanders,MIA,GB,16,2022,False,2/3,67.0,46,2/2,8
Cameron Dicker,LAC,LV,15,2023,True,0/0,0.0,0,3/3,3
Daniel Carlson,LV,LAC,15,2023,False,0/0,0.0,0,9/9,9
Nick Folk,NE,NYJ,2,2021,True,4/4,100.0,49,1/2,13
Matt Ammendola,NYJ,NE,2,2021,False,2/3,67.0,35,0/0,6
Matt Gay,LAR,MIN,16,2021,True,3/3,100.0,32,3/3,12
Greg Joseph,MIN,LAR,16,2021,False,3/3,100.0,44,2/2,11
Chase McLaughlin,TB,CAR,18,2023,True,3/3,100.0,57,0/0,9
Matthew Wright,CAR,TB,18,2023,False,0/1,0.0,0,0/0,0
Ryan Santoso,DET,PIT,10,2021,True,1/2,50.0,20,1/2,4
Chris Boswell,PIT,DET,10,2021,False,3/3,100.0,51,1/1,10
Jason Sanders,MIA,NE,1,2021,True,1/1,100.0,48,2/2,5
Nick Folk,NE,MIA,1,2021,False,3/3,100.0,42,1/1,10
Zane Gonzalez,CAR,NYG,7,2021,True,1/1,100.0,45,0/0,3
Graham Gano,NYG,CAR,7,2021,False,3/3,100.0,53,2/2,11
Graham Gano,NYG,PHI,16,2021,True,1/1,100.0,54,1/1,4
Jake Elliott,PHI,NYG,16,2021,False,2/3,67.0,37,4/4,10
Ryan Succop,TB,ARI,16,2022,True,4/4,100.0,42,1/1,13
Matt Prater,ARI,TB,16,2022,False,3/3,100.0,56,1/1,10
Wil Lutz,DEN,LV,18,2023,True,0/0,0.0,0,2/2,2
Daniel Carlson,LV,DEN,18,2023,False,2/2,100.0,49,3/3,9
Dustin Hopkins,LAC,DEN,12,2021,True,0/1,0.0,0,1/1,1
Brandon McManus,DEN,LAC,12,2021,False,0/0,0.0,0,4/4,4
Lucas Havrisik,LAR,DAL,8,2023,True,2/2,100.0,47,0/0,6
Brandon Aubrey,DAL,LAR,8,2023,False,2/2,100.0,58,5/5,11
Greg Joseph,MIN,CAR,6,2021,True,3/5,60.0,38,1/1,10
Zane Gonzalez,CAR,MIN,6,2021,False,2/2,100.0,47,2/2,8
Cameron Dicker,LAC,ARI,12,2022,True,1/1,100.0,26,2/2,5
Matt Prater,ARI,LAC,12,2022,False,1/2,50.0,43,3/3,6
Austin Seibert,DET,LAR,7,2021,True,4/4,100.0,47,1/1,13
Matt Gay,LAR,DET,7,2021,False,2/2,100.0,47,2/2,8
Matt Ammendola,ARI,SEA,6,2022,True,1/1,100.0,23,0/1,3
Jason Myers,SEA,ARI,6,2022,False,4/4,100.0,39,1/1,13
Jake Moody,SF,SEA,12,2023,True,1/1,100.0,32,4/4,7
Jason Myers,SEA,SF,12,2023,False,2/3,67.0,51,1/1,7
Mason Crosby,GB,ARI,8,2021,True,1/1,100.0,21,3/3,6
Matt Prater,ARI,GB,8,2021,False,0/0,0.0,0,3/3,3
Younghoe Koo,ATL,WSH,12,2022,True,2/3,67.0,48,1/1,7
Joey Slye,WSH,ATL,12,2022,False,2/2,100.0,45,1/2,7
Ryan Succop,TB,SF,14,2022,True,0/1,0.0,0,1/1,1
Robbie Gould,SF,TB,14,2022,False,0/0,0.0,0,5/5,5
Younghoe Koo,ATL,ARI,10,2023,True,1/1,100.0,36,2/2,5
Matt Prater,ARI,ATL,10,2023,False,4/4,100.0,56,1/1,13
Harrison Butker,KC,CIN,17,2021,True,1/1,100.0,34,4/4,7
Evan McPherson,CIN,KC,17,2021,False,2/2,100.0,46,4/4,10
Harrison Butker,KC,DEN,14,2022,True,2/2,100.0,45,4/4,10
Brandon McManus,DEN,KC,14,2022,False,0/0,0.0,0,4/4,4
Brandon McManus,JAX,TEN,18,2023,True,2/2,100.0,44,2/2,8
Nick Folk,TEN,JAX,18,2023,False,0/0,0.0,0,4/4,4
Michael Badgley,IND,SF,7,2021,True,1/1,100.0,42,3/3,6
Joey Slye,SF,IND,7,2021,False,2/2,100.0,56,0/1,6
Cairo Santos,CHI,DET,12,2021,True,3/4,75.0,43,1/1,10
Riley Patterson,DET,CHI,12,2021,False,0/0,0.0,0,2/2,2
Brett Maher,DAL,PHI,6,2022,True,1/2,50.0,30,2/2,5
Jake Elliott,PHI,DAL,6,2022,False,2/2,100.0,51,2/2,8
Jake Elliott,PHI,DAL,14,2023,True,2/2,100.0,52,1/1,7
Brandon Aubrey,DAL,PHI,14,2023,False,4/4,100.0,60,3/3,15
Dustin Hopkins,LAC,KC,2,2022,True,1/1,100.0,31,3/3,6
Matt Ammendola,KC,LAC,2,2022,False,2/2,100.0,31,3/3,9
Harrison Butker,KC,NYJ,4,2023,True,3/3,100.0,37,2/2,11
Greg Zuerlein,NYJ,KC,4,2023,False,1/2,50.0,31,1/1,4
Joey Slye,WSH,ATL,6,2023,True,1/1,100.0,37,3/3,6
Younghoe Koo,ATL,WSH,6,2023,False,1/1,100.0,47,1/1,4
Matt Gay,IND,TEN,13,2023,True,4/4,100.0,46,1/1,13
Nick Folk,TEN,IND,13,2023,False,2/2,100.0,46,2/3,8
Brandon McManus,DEN,JAX,2,2021,True,3/3,100.0,46,2/2,11
Josh Lambo,JAX,DEN,2,2021,False,0/2,0.0,0,1/1,1
Mason Crosby,GB,CHI,13,2022,True,2/2,100.0,32,2/2,8
Cairo Santos,CHI,GB,13,2022,False,2/3,67.0,40,1/2,7
Dustin Hopkins,CLE,DEN,12,2023,True,2/2,100.0,36,0/0,6
Wil Lutz,DEN,CLE,12,2023,False,2/2,100.0,34,3/3,9
Chase McLaughlin,IND,NYG,17,2022,True,1/2,50.0,23,1/1,4
Graham Gano,NYG,IND,17,2022,False,1/1,100.0,36,5/5,8
Matt Prater,ARI,CHI,16,2023,True,1/1,100.0,55,1/1,4
Cairo Santos,CHI,ARI,16,2023,False,2/2,100.0,49,3/3,9
Matt Prater,ARI,DEN,15,2022,True,3/3,100.0,55,0/0,9
Brandon McManus,DEN,ARI,15,2022,False,1/2,50.0,52,3/3,6
Brett Maher,DAL,JAX,15,2022,True,2/2,100.0,53,4/4,10
Riley Patterson,JAX,DAL,15,2022,False,2/2,100.0,48,4/4,10
Jason Sanders,MIA,LAC,14,2022,True,1/1,100.0,55,2/2,5
Cameron Dicker,LAC,MIA,14,2022,False,3/3,100.0,33,2/2,11
Ryan Succop,TB,CAR,7,2022,True,1/1,100.0,27,0/0,3
Eddy Pineiro,CAR,TB,7,2022,False,0/0,0.0,0,3/3,3
Ka'imi Fairbairn,HOU,NYG,10,2022,True,3/3,100.0,46,1/1,10
Graham Gano,NYG,HOU,10,2022,False,1/1,100.0,49,3/3,6
Harrison Butker,KC,NE,15,2023,True,2/3,67.0,54,3/3,9
Chad Ryland,NE,KC,15,2023,False,1/2,50.0,25,2/2,5
Cade York,CLE,ATL,4,2022,True,2/2,100.0,45,2/2,8
Younghoe Koo,ATL,CLE,4,2022,False,3/3,100.0,45,2/2,11
Mason Crosby,GB,CIN,5,2021,True,4/7,57.0,49,1/2,13
Evan McPherson,CIN,GB,5,2021,False,0/2,0.0,0,2/2,2
Matt Gay,IND,BAL,3,2023,True,5/5,100.0,54,1/1,16
Justin Tucker,BAL,IND,3,2023,False,1/2,50.0,50,2/2,5
Tyler Bass,BUF,NE,16,2021,True,2/2,100.0,34,3/3,9
Nick Folk,NE,BUF,16,2021,False,0/0,0.0,0,3/3,3
Riley Patterson,DET,NO,13,2023,True,2/2,100.0,32,3/3,9
Blake Grupe,NO,DET,13,2023,False,0/0,0.0,0,4/4,4
Randy Bullock,TEN,JAX,14,2021,False,2/3,67.0,44,2/2,8
Graham Gano,NYG,NO,4,2021,True,2/3,67.0,48,1/1,7
Aldrick Rosas,NO,NYG,4,2021,False,0/1,0.0,0,3/3,3
Chris Boswell,PIT,MIN,14,2021,True,0/1,0.0,0,2/2,2
Greg Joseph,MIN,PIT,14,2021,False,3/4,75.0,42,3/4,12
Chris Boswell,PIT,CAR,15,2022,True,1/1,100.0,50,3/3,6
Eddy Pineiro,CAR,PIT,15,2022,False,3/3,100.0,52,1/1,10
Lirim Hajrullahu,CAR,TB,18,2021,True,1/1,100.0,35,2/2,5
Ryan Succop,TB,CAR,18,2021,False,2/3,67.0,40,5/5,11
Tyler Bass,BUF,KC,14,2023,True,2/2,100.0,39,2/2,8
Harrison Butker,KC,BUF,14,2023,False,1/1,100.0,27,2/2,5
Matt Prater,ARI,PIT,13,2023,True,1/1,100.0,51,3/3,6
Chris Boswell,PIT,ARI,13,2023,False,1/2,50.0,29,1/1,4
Cairo Santos,CHI,DET,17,2022,True,1/1,100.0,23,1/1,4
Michael Badgley,DET,CHI,17,2022,False,2/2,100.0,41,5/5,11
Chris Boswell,PIT,BAL,18,2023,True,1/1,100.0,25,2/2,5
Justin Tucker,BAL,PIT,18,2023,False,1/1,100.0,36,1/1,4
Younghoe Koo,ATL,TEN,8,2023,True,3/3,100.0,49,2/2,11
Nick Folk,TEN,ATL,8,2023,False,0/0,0.0,0,4/4,4
Ryan Succop,TB,NYJ,17,2021,True,2/2,100.0,39,2/2,8
Eddy Pineiro,NYJ,TB,17,2021,False,1/1,100.0,51,3/3,6
Chris Boswell,PIT,IND,15,2023,True,0/0,0.0,0,1/2,1
Matt Gay,IND,PIT,15,2023,False,3/5,60.0,42,3/3,12
Cairo Santos,CHI,GB,14,2021,True,3/3,100.0,44,3/3,12
Mason Crosby,GB,CHI,14,2021,False,1/1,100.0,20,6/6,9
Ka'imi Fairbairn,HOU,TEN,11,2021,True,3/3,100.0,43,1/2,10
Randy Bullock,TEN,HOU,11,2021,False,0/0,0.0,0,1/2,1
Harrison Butker,KC,GB,13,2023,True,2/2,100.0,34,1/1,7
Anders Carlson,GB,KC,13,2023,False,2/2,100.0,48,3/3,9
Cade York,CLE,WSH,17,2022,True,1/1,100.0,37,3/3,6
Joey Slye,WSH,CLE,17,2022,False,1/1,100.0,43,1/1,4
Jake Elliott,PHI,DET,1,2022,True,1/1,100.0,23,5/5,8
Austin Seibert,DET,PHI,1,2022,False,0/0,0.0,0,5/5,5
Cairo Santos,CHI,PIT,9,2021,True,2/3,67.0,30,3/3,9
Chris Boswell,PIT,CHI,9,2021,False,3/3,100.0,54,2/3,11
Riley Patterson,JAX,KC,10,2022,True,1/3,33.0,35,2/2,5
Harrison Butker,KC,JAX,10,2022,False,0/0,0.0,0,3/4,3
Joey Slye,WSH,SF,16,2022,True,0/0,0.0,0,2/2,2
Robbie Gould,SF,WSH,16,2022,False,3/3,100.0,35,4/4,13
Greg Zuerlein,NYJ,GB,6,2022,True,2/3,67.0,32,3/3,9
Mason Crosby,GB,NYJ,6,2022,False,1/2,50.0,29,1/1,4
Daniel Carlson,LV,KC,16,2023,True,2/2,100.0,35,0/0,6
Harrison Butker,KC,LV,16,2023,False,0/1,0.0,0,2/2,2
Elliott Fry,CIN,CLE,18,2021,True,1/1,100.0,36,1/1,4
Chase McLaughlin,CLE,CIN,18,2021,False,0/0,0.0,0,3/3,3
Jake Moody,SF,LAR,2,2023,True,3/3,100.0,57,3/3,12
Brett Maher,LAR,SF,2,2023,False,3/3,100.0,48,2/2,11
Chad Ryland,NE,DEN,16,2023,True,2/3,67.0,56,2/3,8
Wil Lutz,DEN,NE,16,2023,False,0/1,0.0,0,1/1,1
Daniel Carlson,LV,DET,8,2023,True,0/0,0.0,0,2/2,2
Riley Patterson,DET,LV,8,2023,False,4/5,80.0,52,2/2,14
Greg Zuerlein,NYJ,SEA,17,2022,True,2/3,67.0,44,0/0,6
Jason Myers,SEA,NYJ,17,2022,False,3/4,75.0,31,2/2,11
Jason Sanders,MIA,NYJ,15,2023,False,3/3,100.0,37,3/3,12
Randy Bullock,TEN,SEA,2,2021,True,4/5,80.0,36,3/3,15
Jason Myers,SEA,TEN,2,2021,False,1/1,100.0,31,3/4,6
Matthew Wright,PIT,ATL,13,2022,True,4/4,100.0,48,1/1,13
Younghoe Koo,ATL,PIT,13,2022,False,3/3,100.0,51,1/1,10
Daniel Carlson,LV,PIT,16,2022,True,1/1,100.0,40,1/1,4
Chris Boswell,PIT,LV,16,2022,False,2/4,50.0,44,1/1,7
Daniel Carlson,LV,LAC,4,2023,True,1/1,100.0,22,2/2,5
Cameron Dicker,LAC,LV,4,2023,False,1/1,100.0,33,3/3,6
Jake Elliott,PHI,DAL,16,2022,True,2/2,100.0,47,4/4,10
Brett Maher,DAL,PHI,16,2022,False,4/4,100.0,48,4/4,16
Greg Zuerlein,NYJ,DEN,7,2022,True,3/3,100.0,45,1/1,10
Brandon McManus,DEN,NYJ,7,2022,False,1/2,50.0,44,0/1,3
Nick Folk,NE,MIN,12,2022,True,4/4,100.0,46,2/2,14
Greg Joseph,MIN,NE,12,2022,False,2/2,100.0,36,3/4,9
Younghoe Koo,ATL,NO,9,2021,True,2/2,100.0,32,3/3,9
Brian Johnson,NO,ATL,9,2021,False,2/2,100.0,52,1/1,7
Brandon McManus,JAX,HOU,12,2023,True,3/4,75.0,53,1/1,10
Matt Ammendola,HOU,JAX,12,2023,False,0/2,0.0,0,3/3,3
Matt Ammendola,NYJ,NE,7,2021,True,0/1,0.0,0,1/1,1
Nick Folk,NE,NYJ,7,2021,False,2/2,100.0,50,6/7,12
Greg Joseph,MIN,GB,17,2021,True,1/1,100.0,51,1/1,4
Mason Crosby,GB,MIN,17,2021,False,3/3,100.0,37,4/4,13
Matt Gay,LAR,NO,11,2022,True,2/2,100.0,58,2/2,8
Wil Lutz,NO,LAR,11,2022,False,2/2,100.0,46,3/3,9
Cairo Santos,CHI,DAL,8,2022,True,1/1,100.0,36,2/2,5
Brett Maher,DAL,CHI,8,2022,False,0/0,0.0,0,7/7,7
Greg Joseph,MIN,PHI,2,2023,True,0/0,0.0,0,4/4,4
Jake Elliott,PHI,MIN,2,2023,False,2/3,67.0,61,4/4,10
Cameron Dicker,LAC,NE,13,2023,True,2/2,100.0,38,0/0,6
Eddy Pineiro,CAR,TEN,12,2023,True,1/1,100.0,50,1/1,4
Nick Folk,TEN,CAR,12,2023,False,1/1,100.0,53,2/2,5
Anders Carlson,GB,NYG,14,2023,True,3/4,75.0,48,1/1,10
Randy Bullock,NYG,GB,14,2023,False,1/2,50.0,37,3/3,6
Graham Gano,NYG,PHI,18,2022,True,1/1,100.0,24,1/1,4
Jake Elliott,PHI,NYG,18,2022,False,5/5,100.0,54,1/1,16
Ka'imi Fairbairn,HOU,TEN,16,2022,True,2/2,100.0,25,1/1,7
Randy Bullock,TEN,HOU,16,2022,False,0/0,0.0,0,2/2,2
Chad Ryland,NE,MIA,8,2023,True,1/1,100.0,38,2/2,5
Jason Sanders,MIA,NE,8,2023,False,1/1,100.0,30,4/4,7
Matt Gay,LAR,TB,9,2022,True,2/2,100.0,35,1/1,7
Ryan Succop,TB,LAR,9,2022,False,3/4,75.0,50,1/1,10
Chase McLaughlin,IND,NE,9,2022,True,1/2,50.0,40,0/0,3
Nick Folk,NE,IND,9,2022,False,4/4,100.0,49,2/2,14
Brandon Aubrey,DAL,CAR,11,2023,True,2/2,100.0,30,3/4,9
Eddy Pineiro,CAR,DAL,11,2023,False,1/1,100.0,42,1/1,4
Justin Tucker,BAL,NE,3,2022,True,1/1,100.0,56,4/5,7
Nick Folk,NE,BAL,3,2022,False,2/2,100.0,50,2/2,8
Wil Lutz,DEN,LAC,14,2023,True,1/1,100.0,23,3/3,6
Cameron Dicker,LAC,DEN,14,2023,False,0/0,0.0,0,1/1,1
Evan McPherson,CIN,LV,11,2021,True,4/4,100.0,54,2/3,14
Daniel Carlson,LV,CIN,11,2021,False,2/2,100.0,47,1/1,7
Joey Slye,WSH,DAL,4,2022,True,1/1,100.0,45,1/1,4
Brett Maher,DAL,WSH,4,2022,False,4/4,100.0,53,1/2,13
Randy Bullock,TEN,LAR,9,2021,True,0/0,0.0,0,4/4,4
Matt Gay,LAR,TEN,9,2021,False,3/3,100.0,54,1/1,10
Robbie Gould,SF,JAX,11,2021,True,3/3,100.0,48,3/3,12
Matthew Wright,JAX,SF,11,2021,False,1/1,100.0,30,1/1,4
Justin Tucker,BAL,SF,16,2023,True,4/4,100.0,41,3/3,15
Jake Moody,SF,BAL,16,2023,False,1/1,100.0,45,2/2,5
Greg Joseph,MIN,CIN,1,2021,True,1/1,100.0,53,3/3,6
Evan McPherson,CIN,MIN,1,2021,False,2/2,100.0,53,3/3,9
Greg Joseph,MIN,BUF,10,2022,True,2/2,100.0,33,3/4,9
Tyler Bass,BUF,MIN,10,2022,False,3/3,100.0,45,3/3,12
Robbie Gould,SF,TEN,16,2021,True,1/1,100.0,48,2/2,5
Randy Bullock,TEN,SF,16,2021,False,2/2,100.0,44,2/2,8
Jason Myers,SEA,PIT,6,2021,True,2/2,100.0,43,2/2,8
Chris Boswell,PIT,SEA,6,2021,False,3/3,100.0,52,2/2,11
Evan McPherson,CIN,TEN,4,2023,True,1/1,100.0,21,0/0,3
Nick Folk,TEN,CIN,4,2023,False,2/2,100.0,53,3/3,9
Dustin Hopkins,LAC,CIN,13,2021,True,2/2,100.0,43,3/4,9
Evan McPherson,CIN,LAC,13,2021,False,1/1,100.0,48,1/2,4
Wil Lutz,NO,TB,13,2022,True,3/3,100.0,38,1/1,10
Ryan Succop,TB,NO,13,2022,False,1/1,100.0,21,2/2,5
Ryan Succop,TB,CLE,12,2022,True,1/1,100.0,42,2/2,5
Cade York,CLE,TB,12,2022,False,1/2,50.0,51,2/2,5
Greg Joseph,MIN,CIN,15,2023,True,1/1,100.0,39,3/3,6
Evan McPherson,CIN,MIN,15,2023,False,2/2,100.0,34,3/3,9
Jake Elliott,PHI,WSH,8,2023,True,1/1,100.0,51,5/5,8
Joey Slye,WSH,PHI,8,2023,False,1/1,100.0,61,4/4,7
Brandon Aubrey,DAL,MIA,16,2023,True,2/2,100.0,43,2/2,8
Jason Sanders,MIA,DAL,16,2023,False,5/5,100.0,57,1/1,16
Jake Elliott,PHI,NYJ,6,2023,True,0/1,0.0,0,2/2,2
Greg Zuerlein,NYJ,PHI,6,2023,False,4/4,100.0,43,0/0,12
Cameron Dicker,LAC,SF,10,2022,True,3/3,100.0,47,1/1,10
Robbie Gould,SF,LAC,10,2022,False,3/3,100.0,26,1/2,10
Cairo Santos,CHI,LAC,8,2023,True,0/0,0.0,0,1/1,1
Cameron Dicker,LAC,CHI,8,2023,False,3/3,100.0,53,3/3,12
Jake Elliott,PHI,DAL,3,2021,True,0/0,0.0,0,3/3,3
Greg Zuerlein,DAL,PHI,3,2021,False,0/0,0.0,0,5/6,5
Nick Folk,NE,PIT,2,2022,True,1/2,50.0,28,2/2,5
Chris Boswell,PIT,NE,2,2022,False,2/2,100.0,52,0/0,6
Graham Gano,NYG,MIN,16,2022,True,3/3,100.0,55,1/1,10
Greg Joseph,MIN,NYG,16,2022,False,2/2,100.0,61,3/3,9
Daniel Carlson,LV,BUF,2,2023,True,1/1,100.0,47,1/1,4
Tyler Bass,BUF,LV,2,2023,False,1/1,100.0,29,5/5,8
Dustin Hopkins,CLE,ARI,9,2023,False,2/3,67.0,45,3/3,9
Joey Slye,WSH,DEN,2,2023,True,2/4,50.0,49,3/3,9
Wil Lutz,DEN,WSH,2,2023,False,2/2,100.0,32,3/3,9
Mason Crosby,GB,BAL,15,2021,True,1/1,100.0,29,4/4,7
Justin Tucker,BAL,GB,15,2021,False,1/1,100.0,38,3/3,6
Graham Gano,NYG,GB,5,2022,True,2/2,100.0,48,3/3,9
Mason Crosby,GB,NYG,5,2022,False,2/2,100.0,48,2/2,8
Greg Joseph,MIN,GB,8,2023,True,1/3,33.0,25,3/3,6
Anders Carlson,GB,MIN,8,2023,False,1/1,100.0,30,1/1,4
Ka'imi Fairbairn,HOU,IND,18,2022,True,1/1,100.0,37,3/3,6
Chase McLaughlin,IND,HOU,18,2022,False,1/1,100.0,54,4/4,7
Chris Boswell,PIT,LAR,7,2023,True,1/1,100.0,53,3/3,6
Brett Maher,LAR,PIT,7,2023,False,1/3,33.0,41,0/1,3
Daniel Carlson,LV,IND,17,2021,True,3/3,100.0,47,2/2,11
Michael Badgley,IND,LV,17,2021,False,2/2,100.0,46,2/2,8
Harrison Butker,KC,CIN,13,2022,True,1/2,50.0,26,3/3,6
Evan McPherson,CIN,KC,13,2022,False,2/2,100.0,41,3/3,9
Robbie Gould,SF,CAR,5,2022,True,1/2,50.0,49,3/3,6
Mitch Wishnowsky,SF,CAR,5,2022,True,0/0,0.0,0,1/2,1
Eddy Pineiro,CAR,SF,5,2022,False,3/4,75.0,43,0/0,9
Cade York,CLE,CIN,14,2022,True,1/1,100.0,26,1/1,4
Evan McPherson,CIN,CLE,14,2022,False,1/1,100.0,30,2/3,5
Nick Folk,TEN,MIA,14,2023,True,2/2,100.0,28,2/2,8
Jason Sanders,MIA,TEN,14,2023,False,2/3,67.0,31,3/3,9
Matt Prater,ARI,SEA,11,2021,True,1/3,33.0,53,2/3,5
Jason Myers,SEA,ARI,11,2021,False,2/2,100.0,27,1/1,7
Brett Maher,DAL,TEN,17,2022,True,2/2,100.0,45,3/3,9
Randy Bullock,TEN,DAL,17,2022,False,2/2,100.0,37,1/1,7
Wil Lutz,NO,CAR,3,2022,True,0/2,0.0,0,2/2,2
Eddy Pineiro,CAR,NO,3,2022,False,3/3,100.0,48,1/1,10
Justin Tucker,BAL,LV,1,2021,True,2/2,100.0,47,3/3,9
Daniel Carlson,LV,BAL,1,2021,False,2/2,100.0,55,3/3,9
Chris Boswell,PIT,LV,3,2023,True,3/3,100.0,57,2/2,11
Daniel Carlson,LV,PIT,3,2023,False,1/1,100.0,26,1/1,4
Cairo Santos,CHI,LV,5,2021,True,2/2,100.0,46,2/2,8
Daniel Carlson,LV,CHI,5,2021,False,1/1,100.0,31,0/0,3
Nick Folk,NE,NYJ,8,2022,True,5/5,100.0,52,1/1,16
Greg Zuerlein,NYJ,NE,8,2022,False,1/2,50.0,28,2/2,5
Aldrick Rosas,NO,NE,3,2021,True,0/2,0.0,0,4/4,4
Nick Folk,NE,NO,3,2021,False,2/2,100.0,45,1/1,7
Aldrick Rosas,DET,CLE,11,2021,True,1/1,100.0,43,1/1,4
Chase McLaughlin,CLE,DET,11,2021,False,0/1,0.0,0,1/2,1
Matt Gay,LAR,ARI,3,2022,True,2/2,100.0,40,2/2,8
Matt Prater,ARI,LAR,3,2022,False,4/4,100.0,49,0/0,12
Greg Zuerlein,NYJ,CLE,2,2022,True,1/1,100.0,57,4/4,7
Cade York,CLE,NYJ,2,2022,False,1/1,100.0,22,3/4,6
Taylor Bertolet,LAC,CLE,5,2022,True,3/3,100.0,28,3/3,12
Cade York,CLE,LAC,5,2022,False,0/2,0.0,0,4/4,4
Younghoe Koo,ATL,CAR,15,2023,True,0/0,0.0,0,1/1,1
Eddy Pineiro,CAR,ATL,15,2023,False,3/3,100.0,34,0/0,9
Eddy Pineiro,CAR,CHI,10,2023,True,2/3,67.0,39,1/1,7
Cairo Santos,CHI,CAR,10,2023,False,3/3,100.0,54,1/1,10
Mason Crosby,GB,PHI,12,2022,True,2/2,100.0,33,3/4,9
Jake Elliott,PHI,GB,12,2022,False,2/2,100.0,54,4/5,10
Cairo Santos,CHI,SEA,16,2021,True,1/1,100.0,35,2/2,5
Jason Myers,SEA,CHI,16,2021,False,1/2,50.0,36,3/3,6
Cairo Santos,CHI,GB,2,2022,True,1/1,100.0,44,1/1,4
Mason Crosby,GB,CHI,2,2022,False,2/2,100.0,40,3/3,9
Justin Tucker,BAL,DEN,4,2021,True,3/3,100.0,46,2/2,11
Brandon McManus,DEN,BAL,4,2021,False,0/0,0.0,0,1/1,1
Evan McPherson,CIN,TB,15,2022,True,2/2,100.0,41,2/2,8
Ryan Succop,TB,CIN,15,2022,False,1/2,50.0,21,2/2,5
Justin Tucker,BAL,JAX,15,2023,True,3/3,100.0,43,2/2,11
Brandon McManus,JAX,BAL,15,2023,False,0/2,0.0,0,1/1,1
Joey Slye,WSH,PHI,4,2023,True,1/1,100.0,27,4/4,7
Jake Elliott,PHI,WSH,4,2023,False,4/4,100.0,54,2/2,14
Ka'imi Fairbairn,HOU,IND,18,2023,True,1/1,100.0,51,2/3,5
Matt Gay,IND,HOU,18,2023,False,3/4,75.0,52,0/0,9
Tristan Vizcaino,LAC,WSH,1,2021,True,2/2,100.0,33,2/2,8
Dustin Hopkins,WSH,LAC,1,2021,False,3/4,75.0,48,1/1,10
Riley Patterson,DET,ATL,16,2021,True,3/3,100.0,37,1/1,10
Younghoe Koo,ATL,DET,16,2021,False,2/2,100.0,53,2/2,8
Tyler Bass,BUF,NYJ,1,2023,True,3/3,100.0,50,1/1,10
Greg Zuerlein,NYJ,BUF,1,2023,False,3/3,100.0,43,1/1,10
Matt Prater,ARI,HOU,11,2023,True,1/1,100.0,57,1/1,4
Matt Ammendola,HOU,ARI,11,2023,False,0/1,0.0,0,3/3,3
Justin Tucker,BAL,CLE,14,2021,True,3/3,100.0,55,1/1,10
Chase McLaughlin,CLE,BAL,14,2021,False,1/2,50.0,43,3/3,6
Justin Tucker,BAL,NYG,6,2022,True,2/3,67.0,34,2/2,8
Graham Gano,NYG,BAL,6,2022,False,1/1,100.0,34,3/3,6
Zane Gonzalez,CAR,MIA,12,2021,True,1/1,100.0,41,1/1,4
Jason Sanders,MIA,CAR,12,2021,False,2/2,100.0,46,3/4,9
Austin Seibert,DET,GB,2,2021,True,1/1,100.0,43,2/2,5
Mason Crosby,GB,DET,2,2021,False,0/0,0.0,0,5/5,5
Cameron Dicker,LAC,GB,11,2023,True,2/2,100.0,26,2/2,8
Anders Carlson,GB,LAC,11,2023,False,1/2,50.0,28,2/3,5
Jason Myers,SEA,DET,4,2022,True,2/3,67.0,56,6/6,12
Dominik Eberle,DET,SEA,4,2022,False,1/1,100.0,49,2/4,5
Cairo Santos,CHI,CLE,3,2021,True,2/2,100.0,47,0/0,6
Chase McLaughlin,CLE,CHI,3,2021,False,4/4,100.0,57,2/2,14
Zane Gonzalez,CAR,DAL,4,2021,True,0/1,0.0,0,4/4,4
Greg Zuerlein,DAL,CAR,4,2021,False,1/1,100.0,37,3/3,6
Matt Prater,ARI,LV,2,2022,True,0/0,0.0,0,1/1,1
Daniel Carlson,LV,ARI,2,2022,False,3/3,100.0,55,2/2,11
Tyler Bass,BUF,NYJ,9,2022,True,1/2,50.0,51,2/2,5
Greg Zuerlein,NYJ,BUF,9,2022,False,2/2,100.0,53,2/2,8
Matt Gay,LAR,ARI,14,2021,True,3/3,100.0,55,3/3,12
Matt Prater,ARI,LAR,14,2021,False,3/3,100.0,53,2/2,11
Riley Patterson,CLE,CIN,18,2023,True,0/0,0.0,0,2/2,2
Evan McPherson,CIN,CLE,18,2023,False,1/1,100.0,45,4/4,7
Tyler Bass,BUF,NE,13,2022,True,1/1,100.0,48,3/3,6
Nick Folk,NE,BUF,13,2022,False,1/2,50.0,39,1/1,4
Jason Sanders,MIA,BUF,8,2021,True,1/2,50.0,51,0/0,3
Tyler Bass,BUF,MIA,8,2021,False,2/2,100.0,57,2/2,8
Brandon McManus,DEN,DAL,9,2021,True,3/4,75.0,53,1/2,10
Zane Gonzalez,CAR,HOU,3,2021,True,1/1,100.0,21,3/3,6
Joey Slye,HOU,CAR,3,2021,False,1/1,100.0,53,0/1,3
Jason Sanders,MIA,NE,2,2023,True,1/3,33.0,23,3/3,6
Chad Ryland,NE,MIA,2,2023,False,1/1,100.0,49,2/2,5
Chase McLaughlin,TB,IND,12,2023,True,2/2,100.0,24,2/2,8
Matt Gay,IND,TB,12,2023,False,2/3,67.0,46,3/3,9
Matt Gay,LAR,IND,2,2021,True,2/2,100.0,38,3/3,9
Rodrigo Blankenship,IND,LAR,2,2021,False,3/3,100.0,48,1/1,10
Cade York,CLE,BAL,7,2022,True,2/3,67.0,41,2/2,8
Justin Tucker,BAL,CLE,7,2022,False,3/3,100.0,55,2/2,11
Younghoe Koo,ATL,JAX,4,2023,True,0/0,0.0,0,1/1,1
Brandon McManus,JAX,ATL,4,2023,False,3/3,100.0,56,2/2,11
Joey Slye,WSH,DAL,12,2023,True,1/1,100.0,43,1/1,4
Brandon Aubrey,DAL,WSH,12,2023,False,1/1,100.0,52,4/5,7
Harrison Butker,KC,PHI,4,2021,True,0/0,0.0,0,6/6,6
Jake Elliott,PHI,KC,4,2021,False,3/3,100.0,31,3/3,12
Michael Badgley,DET,CHI,10,2022,True,1/1,100.0,25,4/4,7
Cairo Santos,CHI,DET,10,2022,False,1/1,100.0,33,3/4,6
Harrison Butker,KC,BAL,2,2021,True,0/0,0.0,0,5/5,5
Justin Tucker,BAL,KC,2,2021,False,1/1,100.0,43,3/3,6
Robbie Gould,SF,LAR,18,2021,True,2/2,100.0,42,3/3,9
Matt Gay,LAR,SF,18,2021,False,1/1,100.0,43,3/3,6
Younghoe Koo,ATL,NO,18,2023,True,1/1,100.0,30,2/2,5
Blake Grupe,NO,ATL,18,2023,False,2/2,100.0,24,6/6,12
Ryan Succop,TB,DAL,1,2022,True,4/5,80.0,47,1/1,13
Brett Maher,DAL,TB,1,2022,False,1/1,100.0,51,0/0,3
Cairo Santos,CHI,TB,2,2023,True,1/1,100.0,52,2/2,5
Chase McLaughlin,TB,CHI,2,2023,False,2/3,67.0,26,3/3,9
Ka'imi Fairbairn,HOU,IND,6,2021,True,1/1,100.0,31,0/0,3
Michael Badgley,IND,HOU,6,2021,False,1/1,100.0,41,4/4,7
Anders Carlson,GB,DEN,7,2023,True,1/2,50.0,29,2/2,5
Wil Lutz,DEN,GB,7,2023,False,4/4,100.0,52,1/1,13
Daniel Carlson,LV,KC,14,2021,True,1/1,100.0,26,0/1,3
Harrison Butker,KC,LV,14,2021,False,2/2,100.0,54,6/6,12
Justin Tucker,BAL,NO,9,2022,True,2/2,100.0,41,3/3,9
Wil Lutz,NO,BAL,9,2022,False,2/2,100.0,37,1/1,7
Younghoe Koo,ATL,CAR,14,2021,True,3/3,100.0,48,2/2,11
Zane Gonzalez,CAR,ATL,14,2021,False,0/0,0.0,0,3/3,3
Dustin Hopkins,LAC,LV,18,2021,True,1/2,50.0,41,3/3,6
Daniel Carlson,LV,LAC,18,2021,False,5/5,100.0,52,2/2,17
Lucas Havrisik,LAR,NYG,17,2023,True,0/0,0.0,0,2/4,2
Mason Crosby,NYG,LAR,17,2023,False,2/3,67.0,32,1/2,7
Harrison Butker,KC,LV,10,2021,True,2/3,67.0,40,5/5,11
Daniel Carlson,LV,KC,10,2021,False,0/0,0.0,0,2/2,2
Jason Myers,SEA,TB,10,2022,True,1/1,100.0,55,1/1,4
Ryan Succop,TB,SEA,10,2022,False,0/1,0.0,0,3/3,3
Joey Slye,HOU,CLE,2,2021,True,0/1,0.0,0,3/3,3
Chase McLaughlin,CLE,HOU,2,2021,False,1/1,100.0,30,4/4,7
Cameron Dicker,LAC,MIN,3,2023,True,0/1,0.0,0,4/4,4
Greg Joseph,MIN,LAC,3,2023,False,1/1,100.0,23,3/3,6
Joey Slye,WSH,NE,9,2023,True,2/2,100.0,37,2/2,8
Chad Ryland,NE,WSH,9,2023,False,1/1,100.0,43,2/2,5
Matt Prater,ARI,SF,18,2022,True,0/0,0.0,0,1/2,1
Robbie Gould,SF,ARI,18,2022,False,1/1,100.0,27,5/5,8
Tyler Bass,BUF,TEN,6,2021,True,3/3,100.0,52,2/2,11
Randy Bullock,TEN,BUF,6,2021,False,2/2,100.0,43,4/4,10
Jason Sanders,MIA,NO,16,2021,True,2/3,67.0,48,2/2,8
Brett Maher,NO,MIA,16,2021,False,1/1,100.0,38,0/0,3
Jason Sanders,MIA,BAL,17,2023,True,2/2,100.0,38,1/1,7
Justin Tucker,BAL,MIA,17,2023,False,0/0,0.0,0,8/8,8
Evan McPherson,CIN,PIT,3,2021,True,1/1,100.0,43,3/3,6
Chris Boswell,PIT,CIN,3,2021,False,1/2,50.0,26,1/1,4
Ka'imi Fairbairn,HOU,JAX,3,2023,True,3/3,100.0,33,4/4,13
Brandon McManus,JAX,HOU,3,2023,False,1/3,33.0,33,2/2,5
Matt Gay,LAR,GB,15,2022,True,2/2,100.0,55,0/1,6
Mason Crosby,GB,LAR,15,2022,False,1/1,100.0,34,3/3,6
Greg Zuerlein,NYJ,NE,11,2022,True,1/1,100.0,45,0/0,3
Nick Folk,NE,NYJ,11,2022,False,1/3,33.0,24,1/1,4
Brett Maher,NO,NYJ,14,2021,True,3/3,100.0,37,3/3,12
Eddy Pineiro,NYJ,NO,14,2021,False,3/3,100.0,46,0/0,9
Brandon Aubrey,DAL,PHI,9,2023,True,1/1,100.0,51,2/2,5
Jake Elliott,PHI,DAL,9,2023,False,0/0,0.0,0,4/4,4
Mason Crosby,GB,NO,1,2021,True,1/1,100.0,39,0/0,3
Aldrick Rosas,NO,GB,1,2021,False,1/1,100.0,44,5/5,8
Chris Boswell,PIT,BUF,1,2021,True,3/3,100.0,45,2/2,11
Tyler Bass,BUF,PIT,1,2021,False,3/3,100.0,42,1/1,10
Joey Slye,SF,ARI,5,2021,True,1/1,100.0,47,1/1,4
Matt Prater,ARI,SF,5,2021,False,1/2,50.0,21,2/2,5
Nick Folk,NE,LAC,8,2021,True,4/4,100.0,48,1/1,13
Dustin Hopkins,LAC,NE,8,2021,False,1/1,100.0,48,3/3,6
Tyler Bass,BUF,JAX,9,2021,True,2/2,100.0,41,0/0,6
Matthew Wright,JAX,BUF,9,2021,False,3/4,75.0,55,0/0,9
Brian Johnson,NO,TEN,10,2021,True,1/1,100.0,20,0/2,3
Randy Bullock,TEN,NO,10,2021,False,3/3,100.0,36,2/2,11
Ka'imi Fairbairn,HOU,MIA,9,2021,True,3/3,100.0,40,0/0,9
Jason Sanders,MIA,HOU,9,2021,False,1/1,100.0,42,2/2,5
Cameron Dicker,PHI,ARI,5,2022,True,2/2,100.0,42,2/2,8
Matt Ammendola,ARI,PHI,5,2022,False,1/2,50.0,20,2/2,5
Chase McLaughlin,TB,GB,15,2023,True,2/2,100.0,46,4/4,10
Anders Carlson,GB,TB,15,2023,False,2/2,100.0,36,2/2,8
Matthew Wright,KC,TB,4,2022,True,2/2,100.0,44,5/5,11
Ryan Succop,TB,KC,4,2022,False,1/1,100.0,45,4/4,7
Chris Naggar,CLE,GB,16,2021,True,1/1,100.0,37,1/2,4
Mason Crosby,GB,CLE,16,2021,False,1/1,100.0,32,3/3,6
Cameron Dicker,LAC,LV,13,2022,True,2/3,67.0,37,2/2,8
Daniel Carlson,LV,LAC,13,2022,False,2/3,67.0,55,3/3,9
Greg Joseph,MIN,BAL,9,2021,True,1/1,100.0,36,4/4,7
Justin Tucker,BAL,MIN,9,2021,False,2/2,100.0,37,4/4,10
Greg Joseph,MIN,DET,18,2023,True,2/2,100.0,43,2/2,8
Michael Badgley,DET,MIN,18,2023,False,1/1,100.0,39,3/4,6
Brandon McManus,JAX,IND,1,2023,True,1/1,100.0,45,4/4,7
Matt Gay,IND,JAX,1,2023,False,0/0,0.0,0,3/3,3
Matt Prater,ARI,CHI,13,2021,True,2/2,100.0,33,3/3,9
Cairo Santos,CHI,ARI,13,2021,False,0/0,0.0,0,2/2,2
Jason Sanders,MIA,KC,9,2023,True,0/0,0.0,0,2/2,2
Harrison Butker,KC,MIA,9,2023,False,0/0,0.0,0,3/3,3
Greg Zuerlein,DAL,NE,6,2021,True,3/4,75.0,49,2/2,11
Nick Folk,NE,DAL,6,2021,False,0/0,0.0,0,3/3,3
Evan McPherson,CIN,NYJ,3,2022,True,2/3,67.0,43,3/3,9
Greg Zuerlein,NYJ,CIN,3,2022,False,4/4,100.0,52,0/0,12
Tyler Bass,BUF,MIA,2,2021,True,0/1,0.0,0,5/5,5
Justin Tucker,BAL,CIN,2,2023,True,2/3,67.0,44,3/3,9
Evan McPherson,CIN,BAL,2,2023,False,1/1,100.0,27,3/3,6
Jason Sanders,MIA,CIN,4,2022,True,3/4,75.0,48,0/1,9
Evan McPherson,CIN,MIA,4,2022,False,2/2,100.0,57,3/3,9
Greg Zuerlein,NYJ,NYG,8,2023,True,2/2,100.0,35,1/1,7
Graham Gano,NYG,NYJ,8,2023,False,1/3,33.0,31,1/1,4
Rodrigo Blankenship,IND,TEN,3,2021,True,3/4,75.0,43,1/1,10
Randy Bullock,TEN,IND,3,2021,False,1/1,100.0,32,2/2,5
Evan McPherson,CIN,CHI,2,2021,True,1/1,100.0,53,2/2,5
Cairo Santos,CHI,CIN,2,2021,False,2/2,100.0,28,2/2,8
Nick Folk,NE,CLE,6,2022,True,1/2,50.0,19,5/5,8
Cade York,CLE,NE,6,2022,False,3/3,100.0,51,0/0,9
Eddy Pineiro,NYJ,BUF,18,2021,True,1/1,100.0,49,1/1,4
Tyler Bass,BUF,NYJ,18,2021,False,2/2,100.0,41,3/3,9
Nick Folk,NE,LV,15,2022,True,3/3,100.0,54,1/1,10
Daniel Carlson,LV,NE,15,2022,False,1/1,100.0,49,3/3,6
Lirim Hajrullahu,CAR,NO,17,2021,True,1/2,50.0,32,1/1,4
Brett Maher,NO,CAR,17,2021,False,4/4,100.0,41,0/1,12
Harrison Butker,KC,DEN,6,2023,False,4/4,100.0,60,1/1,13
Riley Patterson,DET,KC,1,2023,True,0/0,0.0,0,3/3,3
Harrison Butker,KC,DET,1,2023,False,2/2,100.0,39,2/2,8
Cairo Santos,CHI,TB,7,2021,True,1/1,100.0,28,0/0,3
Ryan Succop,TB,CHI,7,2021,False,1/2,50.0,22,5/5,8
Tyler Bass,BUF,TB,14,2021,True,2/2,100.0,25,3/3,9
Ryan Succop,TB,BUF,14,2021,False,2/2,100.0,24,3/3,9
Wil Lutz,DEN,HOU,13,2023,True,1/1,100.0,34,2/2,5
Matt Ammendola,HOU,DEN,13,2023,False,3/3,100.0,38,1/1,10
Daniel Carlson,LV,LAC,1,2022,True,2/2,100.0,55,1/1,7
Dustin Hopkins,LAC,LV,1,2022,False,1/2,50.0,43,3/3,6
Brett Maher,LAR,IND,4,2023,True,3/5,60.0,54,2/2,11
Matt Gay,IND,LAR,4,2023,False,0/1,0.0,0,1/1,1
Harrison Butker,KC,WSH,6,2021,True,1/1,100.0,52,4/4,7
Dustin Hopkins,WSH,KC,6,2021,False,2/3,67.0,50,1/1,7
Wil Lutz,DEN,MIA,3,2023,True,2/2,100.0,31,2/2,8
Jason Sanders,MIA,DEN,3,2023,False,0/0,0.0,0,10/10,10
Justin Tucker,BAL,MIA,10,2021,True,1/2,50.0,46,1/1,4
Jason Sanders,MIA,BAL,10,2021,False,3/3,100.0,31,1/1,10
Younghoe Koo,ATL,DET,3,2023,True,2/3,67.0,48,0/0,6
Riley Patterson,DET,ATL,3,2023,False,2/2,100.0,37,2/2,8
Zane Gonzalez,CAR,ARI,10,2021,True,4/4,100.0,49,2/2,14
Matt Prater,ARI,CAR,10,2021,False,1/1,100.0,47,1/1,4
Justin Tucker,BAL,PIT,14,2022,True,3/3,100.0,42,1/1,10
Chris Boswell,PIT,BAL,14,2022,False,0/1,0.0,0,2/2,2
Daniel Carlson,LV,SEA,12,2022,True,2/3,67.0,36,4/4,10
Jason Myers,SEA,LV,12,2022,False,2/2,100.0,34,4/4,10
Younghoe Koo,ATL,CHI,17,2023,True,1/3,33.0,38,2/2,5
Cairo Santos,CHI,ATL,17,2023,False,3/4,75.0,42,4/4,13
Eddy Pineiro,CAR,CIN,9,2022,True,0/0,0.0,0,3/3,3
Evan McPherson,CIN,CAR,9,2022,False,0/1,0.0,0,6/6,6
Wil Lutz,NO,ARI,7,2022,True,2/2,100.0,45,4/4,10
Rodrigo Blankenship,ARI,NO,7,2022,False,2/2,100.0,50,2/3,8
Jason Sanders,MIA,TB,5,2021,True,1/1,100.0,23,2/2,5
Ryan Succop,TB,MIA,5,2021,False,1/1,100.0,42,6/6,9
Bradley Pinion,TB,MIA,5,2021,False,0/1,0.0,0,0/0,0
Chase McLaughlin,TB,ATL,14,2023,True,2/2,100.0,55,3/3,9
Younghoe Koo,ATL,TB,14,2023,False,1/3,33.0,20,2/2,5
Eddy Pineiro,CAR,ATL,8,2022,True,2/3,67.0,42,2/3,8
Younghoe Koo,ATL,CAR,8,2022,False,3/3,100.0,41,4/4,13
Greg Joseph,MIN,ARI,2,2021,True,2/3,67.0,52,3/4,9
Matt Prater,ARI,MIN,2,2021,False,2/2,100.0,62,4/4,10
Cameron Dicker,LAC,KC,7,2023,True,1/1,100.0,55,2/2,5
Harrison Butker,KC,LAC,7,2023,False,1/1,100.0,35,4/4,7
Jake Moody,SF,MIN,7,2023,True,1/2,50.0,55,2/2,5
Greg Joseph,MIN,SF,7,2023,False,3/4,75.0,54,1/2,10
Randy Bullock,TEN,PIT,15,2021,True,2/2,100.0,32,1/1,7
Chris Boswell,PIT,TEN,15,2021,False,4/5,80.0,48,1/1,13
Joey Slye,WSH,NYJ,16,2023,True,0/0,0.0,0,4/4,4
Greg Zuerlein,NYJ,WSH,16,2023,False,3/3,100.0,54,3/3,12
Matt Prater,ARI,LAR,4,2021,True,3/3,100.0,55,4/4,13
Matt Gay,LAR,ARI,4,2021,False,2/3,67.0,42,2/2,8
Justin Tucker,BAL,PIT,13,2021,True,2/2,100.0,35,1/1,7
Chris Boswell,PIT,BAL,13,2021,False,2/2,100.0,53,0/1,6
Anders Carlson,GB,CHI,1,2023,True,1/1,100.0,52,5/5,8
Cairo Santos,CHI,GB,1,2023,False,2/2,100.0,47,0/0,6
Riley Patterson,JAX,PHI,4,2022,True,0/0,0.0,0,3/3,3
Jake Elliott,PHI,JAX,4,2022,False,1/1,100.0,28,2/3,5
Brett Maher,LAR,SEA,1,2023,True,3/5,60.0,54,3/3,12
Jason Myers,SEA,LAR,1,2023,False,2/3,67.0,42,1/1,7
Jason Sanders,MIA,LV,3,2021,True,2/3,67.0,50,2/2,8
Daniel Carlson,LV,MIA,3,2021,False,3/3,100.0,50,2/3,11
Jason Myers,SEA,NO,5,2022,True,2/2,100.0,56,2/3,8
Wil Lutz,NO,SEA,5,2022,False,1/1,100.0,56,4/4,7
Wil Lutz,DEN,CHI,4,2023,True,1/1,100.0,51,4/4,7
Cairo Santos,CHI,DEN,4,2023,False,0/0,0.0,0,4/4,4
Chase McLaughlin,CLE,KC,1,2021,True,0/0,0.0,0,3/3,3
Harrison Butker,KC,CLE,1,2021,False,2/2,100.0,43,3/3,9
Cairo Santos,CHI,LAR,1,2021,True,0/0,0.0,0,2/2,2
Matt Gay,LAR,CHI,1,2021,False,2/2,100.0,53,4/4,10
Evan McPherson,CIN,NYJ,8,2021,True,1/1,100.0,21,4/4,7
Matt Ammendola,NYJ,CIN,8,2021,False,2/3,67.0,24,2/2,8
Brandon McManus,DEN,JAX,8,2022,True,0/0,0.0,0,3/3,3
Riley Patterson,JAX,DEN,8,2022,False,1/1,100.0,37,2/2,5
Aldrick Rosas,NO,CAR,2,2021,True,0/0,0.0,55,1/1,1
Zane Gonzalez,CAR,NO,2,2021,False,2/3,67.0,42,2/3,8
Matt Gay,IND,JAX,6,2023,True,2/2,100.0,56,2/2,8
Brandon McManus,JAX,IND,6,2023,False,3/3,100.0,51,4/4,13
Matthew Wright,JAX,IND,10,2021,True,1/2,50.0,56,0/1,3
Michael Badgley,IND,JAX,10,2021,False,3/3,100.0,37,2/2,11
Brett Maher,NO,TB,15,2021,True,3/3,100.0,42,0/0,9
Ryan Succop,TB,NO,15,2021,False,0/1,0.0,0,0/0,0
Riley Patterson,JAX,TEN,14,2022,True,3/3,100.0,43,3/3,12
Randy Bullock,TEN,JAX,14,2022,False,0/0,0.0,0,2/2,2
Graham Gano,NYG,TEN,1,2022,True,0/0,0.0,0,1/1,1
Randy Bullock,TEN,NYG,1,2022,False,2/3,67.0,46,2/2,8
Chris Boswell,PIT,MIA,7,2022,True,1/1,100.0,45,1/1,4
Jason Sanders,MIA,PIT,7,2022,False,3/3,100.0,47,1/1,10
Mason Crosby,GB,MIN,11,2021,True,1/2,50.0,54,4/4,7
Greg Joseph,MIN,GB,11,2021,False,2/2,100.0,51,2/3,8
Matt Gay,LAR,GB,12,2021,True,2/2,100.0,39,2/2,8
Mason Crosby,GB,LAR,12,2021,False,3/4,75.0,45,3/3,12
Jake Elliott,PHI,LV,7,2021,True,0/0,0.0,0,2/2,2
Daniel Carlson,LV,PHI,7,2021,False,2/2,100.0,39,3/4,9
Wil Lutz,NO,CLE,16,2022,True,1/1,100.0,23,2/2,5
Cade York,CLE,NO,16,2022,False,1/1,100.0,30,1/1,4
Ryan Succop,TB,NO,2,2022,True,2/2,100.0,47,2/2,8
Wil Lutz,NO,TB,2,2022,False,1/1,100.0,31,1/1,4
Eddy Pineiro,CAR,ATL,1,2023,True,1/1,100.0,43,1/1,4
Younghoe Koo,ATL,CAR,1,2023,False,1/1,100.0,49,3/3,6
Blake Grupe,NO,HOU,6,2023,True,2/4,50.0,48,1/1,7
Ka'imi Fairbairn,HOU,NO,6,2023,False,2/2,100.0,24,2/2,8
Matt Prater,ARI,DET,15,2021,True,2/2,100.0,29,0/0,6
Riley Patterson,DET,ARI,15,2021,False,3/3,100.0,47,3/3,12
Tyler Bass,BUF,NYJ,10,2021,True,1/1,100.0,29,6/6,9
Matt Ammendola,NYJ,BUF,10,2021,False,1/1,100.0,48,2/2,5
Greg Joseph,MIN,MIA,6,2022,True,1/1,100.0,34,1/2,4
Jason Sanders,MIA,MIN,6,2022,False,1/2,50.0,44,1/1,4
Jake Moody,SF,PIT,1,2023,True,3/3,100.0,41,3/3,12
Chris Boswell,PIT,SF,1,2023,False,0/0,0.0,0,1/1,1
Justin Tucker,BAL,TEN,6,2023,True,6/6,100.0,41,0/1,18
Nick Folk,TEN,BAL,6,2023,False,3/3,100.0,38,1/1,10
Jason Sanders,MIA,TEN,17,2021,True,1/2,50.0,39,0/0,3
Randy Bullock,TEN,MIA,17,2021,False,2/2,100.0,44,4/4,10
Brett Maher,NO,PHI,11,2021,True,1/1,100.0,28,2/3,5
Jake Elliott,PHI,NO,11,2021,False,4/4,100.0,50,4/4,16
Nick Folk,NE,HOU,5,2021,True,4/4,100.0,52,1/2,13
Ka'imi Fairbairn,HOU,NE,5,2021,False,1/2,50.0,33,1/3,4
Brandon McManus,DEN,PIT,5,2021,True,2/2,100.0,39,1/1,7
Chris Boswell,PIT,DEN,5,2021,False,2/2,100.0,48,3/3,9
Joey Slye,WSH,CHI,6,2022,True,2/3,67.0,38,0/0,6
Cairo Santos,CHI,WSH,6,2022,False,0/0,0.0,0,1/1,1
Randy Bullock,NYG,DAL,10,2023,True,1/1,100.0,40,2/2,5
Brandon Aubrey,DAL,NYG,10,2023,False,0/0,0.0,0,7/7,7
Tyler Bass,BUF,CHI,16,2022,True,0/1,0.0,0,3/4,3
Cairo Santos,CHI,BUF,16,2022,False,2/2,100.0,37,1/1,7
Tyler Bass,BUF,BAL,4,2022,True,3/3,100.0,39,2/2,11
Justin Tucker,BAL,BUF,4,2022,False,2/2,100.0,51,2/2,8
Jason Sanders,MIA,BUF,15,2022,True,3/3,100.0,47,2/2,11
Tyler Bass,BUF,MIA,15,2022,False,1/1,100.0,25,3/3,6
Cairo Santos,CHI,MIN,18,2021,True,3/3,100.0,46,0/0,9
Greg Joseph,MIN,CHI,18,2021,False,1/1,100.0,39,4/4,7
Daniel Carlson,LV,DEN,6,2021,True,2/3,67.0,50,4/4,10
Brandon McManus,DEN,LV,6,2021,False,1/1,100.0,32,3/3,6
Jason Myers,SEA,ARI,18,2021,True,1/1,100.0,38,5/5,8
Matt Prater,ARI,SEA,18,2021,False,3/3,100.0,41,3/3,12
Mason Crosby,GB,SF,3,2021,True,3/3,100.0,54,3/3,12
Robbie Gould,SF,GB,3,2021,False,0/0,0.0,0,4/4,4
Graham Gano,NYG,DAL,12,2022,True,2/2,100.0,57,2/2,8
Brett Maher,DAL,NYG,12,2022,False,0/1,0.0,0,4/4,4
Wil Lutz,NO,SF,12,2022,True,0/1,0.0,0,0/0,0
Robbie Gould,SF,NO,12,2022,False,2/2,100.0,46,1/1,7
Matt Gay,LAR,SF,10,2021,True,1/1,100.0,37,1/1,4
Robbie Gould,SF,LAR,10,2021,False,1/1,100.0,50,4/4,7
Cameron Dicker,LAC,DEN,17,2023,True,3/4,75.0,52,0/0,9
Wil Lutz,DEN,LAC,17,2023,False,3/4,75.0,43,1/1,10
Greg Zuerlein,NYJ,PIT,4,2022,True,1/1,100.0,38,3/3,6
Chris Boswell,PIT,NYJ,4,2022,False,2/2,100.0,59,2/2,8
Ryan Succop,TB,ATL,18,2022,True,1/1,100.0,41,2/2,5
Younghoe Koo,ATL,TB,18,2022,False,3/3,100.0,51,3/3,12
Randy Bullock,TEN,KC,9,2022,True,1/1,100.0,44,2/2,5
Harrison Butker,KC,TEN,9,2022,False,2/3,67.0,28,0/1,6
Wil Lutz,DEN,BUF,10,2023,True,4/4,100.0,49,0/1,12
Tyler Bass,BUF,DEN,10,2023,False,0/0,0.0,0,2/2,2
Brandon McManus,DEN,CAR,12,2022,True,1/2,50.0,27,1/1,4
Eddy Pineiro,CAR,DEN,12,2022,False,3/3,100.0,42,2/2,11
Greg Joseph,MIN,CAR,4,2023,True,0/0,0.0,0,3/3,3
Eddy Pineiro,CAR,MIN,4,2023,False,2/2,100.0,56,1/1,7
Ka'imi Fairbairn,HOU,LV,7,2022,True,2/3,67.0,55,2/2,8
Daniel Carlson,LV,HOU,7,2022,False,1/1,100.0,50,5/5,8
Matt Prater,ARI,DAL,17,2021,True,4/4,100.0,53,1/1,13
Greg Zuerlein,DAL,ARI,17,2021,False,0/1,0.0,0,2/2,2
Evan McPherson,CIN,CLE,8,2022,True,0/1,0.0,0,1/2,1
Cade York,CLE,CIN,8,2022,False,1/2,50.0,55,3/3,6
Wil Lutz,NO,PHI,17,2022,True,2/2,100.0,54,2/2,8
Jake Elliott,PHI,NO,17,2022,False,1/1,100.0,56,1/1,4
Jason Myers,SEA,DAL,13,2023,True,0/1,0.0,0,5/5,5
Brandon Aubrey,DAL,SEA,13,2023,False,4/4,100.0,38,3/3,15
Brett Maher,DAL,NYG,3,2022,True,3/4,75.0,44,2/2,11
Graham Gano,NYG,DAL,3,2022,False,3/4,75.0,51,1/1,10
Matt Ammendola,HOU,CIN,10,2023,True,3/3,100.0,45,3/3,12
Evan McPherson,CIN,HOU,10,2023,False,2/2,100.0,50,3/3,9
Jason Sanders,MIA,NYJ,11,2021,True,1/2,50.0,24,3/3,6
Matt Ammendola,NYJ,MIA,11,2021,False,1/3,33.0,35,2/2,5
Robbie Gould,SF,SEA,13,2021,True,1/1,100.0,50,2/3,5
Jason Myers,SEA,SF,13,2021,False,0/1,0.0,0,4/4,4
Ka'imi Fairbairn,HOU,JAX,5,2022,True,2/2,100.0,51,1/1,7
Riley Patterson,JAX,HOU,5,2022,False,2/2,100.0,45,0/0,6
Michael Badgley,IND,HOU,13,2021,True,1/2,50.0,23,4/4,7
Cade York,CLE,BUF,11,2022,True,1/2,50.0,32,2/2,5
Tyler Bass,BUF,CLE,11,2022,False,6/6,100.0,56,1/1,19
Nick Folk,TEN,IND,5,2023,True,3/3,100.0,53,1/1,10
Matt Gay,IND,TEN,5,2023,False,3/3,100.0,43,2/2,11
Tyler Bass,BUF,LAR,1,2022,True,1/1,100.0,41,4/4,7
Matt Gay,LAR,BUF,1,2022,False,1/1,100.0,57,1/1,4
Robbie Gould,SF,CHI,1,2022,True,1/1,100.0,25,1/1,4
Cairo Santos,CHI,SF,1,2022,False,0/0,0.0,0,1/3,1
Matt Prater,ARI,CAR,4,2022,True,2/2,100.0,39,2/2,8
Eddy Pineiro,CAR,ARI,4,2022,False,1/1,100.0,54,1/1,4
Michael Badgley,DET,NYG,11,2022,True,1/1,100.0,24,4/4,7
Graham Gano,NYG,DET,11,2022,False,0/0,0.0,0,0/2,0
Nick Folk,TEN,PIT,9,2023,True,3/3,100.0,48,1/1,10
Chris Boswell,PIT,TEN,9,2023,False,2/2,100.0,30,2/2,8
Chris Boswell,PIT,BAL,18,2021,True,3/3,100.0,40,1/1,10
Justin Tucker,BAL,PIT,18,2021,False,2/2,100.0,46,1/1,7
Cairo Santos,CHI,NYJ,12,2022,True,1/1,100.0,22,1/1,4
Greg Zuerlein,NYJ,CHI,12,2022,False,1/2,50.0,57,4/4,7
Eddy Pineiro,CAR,MIA,6,2023,True,0/1,0.0,0,3/3,3
Jason Sanders,MIA,CAR,6,2023,False,0/0,0.0,0,6/6,6
Brett Maher,DAL,MIN,11,2022,True,4/4,100.0,60,4/4,16
Greg Joseph,MIN,DAL,11,2022,False,1/1,100.0,25,0/0,3
Lucas Havrisik,LAR,GB,9,2023,True,1/2,50.0,52,0/0,3
Anders Carlson,GB,LAR,9,2023,False,2/3,67.0,34,2/2,8
Eddy Pineiro,CAR,NO,18,2022,True,1/1,100.0,42,1/1,4
Wil Lutz,NO,CAR,18,2022,False,0/2,0.0,0,1/1,1
Anders Carlson,GB,LV,5,2023,True,2/2,100.0,37,1/1,7
Daniel Carlson,LV,GB,5,2023,False,1/3,33.0,26,2/2,5
Jason Myers,SEA,LAR,11,2023,True,3/4,75.0,54,1/1,10
Lucas Havrisik,LAR,SEA,11,2023,False,1/1,100.0,22,2/2,5
Justin Tucker,BAL,CLE,4,2023,True,0/0,0.0,0,4/4,4
Dustin Hopkins,CLE,BAL,4,2023,False,1/1,100.0,53,0/0,3
Brett Maher,DAL,LAR,5,2022,True,3/3,100.0,40,1/1,10
Matt Gay,LAR,DAL,5,2022,False,1/2,50.0,29,1/1,4
Tyler Bass,BUF,MIA,18,2023,True,0/0,0.0,0,3/3,3
Jason Sanders,MIA,BUF,18,2023,False,0/0,0.0,0,2/2,2
Rodrigo Blankenship,IND,BAL,5,2021,True,2/4,50.0,43,1/2,7
Justin Tucker,BAL,IND,5,2021,False,1/1,100.0,23,0/0,3
Rodrigo Blankenship,IND,MIA,4,2021,True,2/2,100.0,43,3/3,9
Jason Sanders,MIA,IND,4,2021,False,1/1,100.0,38,2/2,5
Brandon McManus,DEN,LAC,6,2022,True,3/3,100.0,51,1/1,10
Dustin Hopkins,LAC,DEN,6,2022,False,4/4,100.0,39,1/1,13
Chris Blewitt,WSH,DEN,8,2021,True,1/3,33.0,52,1/1,4
Brandon McManus,DEN,WSH,8,2021,False,1/2,50.0,45,2/2,5
Greg Zuerlein,DAL,PHI,18,2021,True,1/1,100.0,48,6/7,9
Jake Elliott,PHI,DAL,18,2021,False,2/2,100.0,40,2/2,8
Greg Joseph,MIN,LAC,10,2021,True,2/2,100.0,46,3/3,9
Dustin Hopkins,LAC,MIN,10,2021,False,2/2,100.0,46,2/2,8
Brandon McManus,DEN,LAC,17,2021,True,2/2,100.0,61,1/1,7
Dustin Hopkins,LAC,DEN,17,2021,False,2/2,100.0,23,4/4,10
Ka'imi Fairbairn,HOU,MIA,12,2022,True,1/1,100.0,28,0/0,3
Jason Sanders,MIA,HOU,12,2022,False,3/3,100.0,45,3/3,12
Randy Bullock,TEN,NYJ,4,2021,True,3/4,75.0,46,1/1,10
Matt Ammendola,NYJ,TEN,4,2021,False,2/2,100.0,27,3/3,9
Justin Tucker,BAL,TB,8,2022,True,2/3,67.0,30,3/3,9
Ryan Succop,TB,BAL,8,2022,False,3/3,100.0,31,1/1,10
Jason Myers,SEA,SF,4,2021,True,0/0,0.0,0,4/4,4
Mitch Wishnowsky,SF,SEA,4,2021,False,0/1,0.0,0,1/2,1
Tyler Bass,BUF,MIA,3,2022,True,1/2,50.0,30,2/2,5
Jason Sanders,MIA,BUF,3,2022,False,0/0,0.0,0,3/3,3
Tyler Bass,BUF,KC,5,2021,True,1/1,100.0,30,5/5,8
Harrison Butker,KC,BUF,5,2021,False,2/2,100.0,54,2/2,8
Evan McPherson,CIN,NE,16,2022,True,1/2,50.0,28,1/2,4
Nick Folk,NE,CIN,16,2022,False,0/0,0.0,0,0/2,0
Jason Myers,SEA,ARI,18,2023,True,2/2,100.0,33,1/1,7
Matt Prater,ARI,SEA,18,2023,False,2/4,50.0,34,2/2,8
Graham Gano,NYG,CHI,17,2021,True,1/1,100.0,38,0/0,3
Cairo Santos,CHI,NYG,17,2021,False,2/2,100.0,44,3/3,9
Daniel Carlson,LV,DAL,12,2021,True,5/5,100.0,56,3/3,18
Greg Zuerlein,DAL,LV,12,2021,False,2/3,67.0,45,1/2,7
Chris Boswell,PIT,HOU,4,2023,True,2/2,100.0,35,0/0,6
Ka'imi Fairbairn,HOU,PIT,4,2023,False,3/3,100.0,39,3/3,12
Jake Moody,SF,WSH,17,2023,True,2/2,100.0,38,3/3,9
Joey Slye,WSH,SF,17,2023,False,1/1,100.0,47,1/1,4
Tyler Bass,BUF,HOU,4,2021,False,4/4,100.0,33,4/4,16
Ka'imi Fairbairn,HOU,DAL,14,2022,True,3/3,100.0,54,2/2,11
Brett Maher,DAL,HOU,14,2022,False,2/2,100.0,53,3/3,9
Blake Grupe,NO,LAR,16,2023,True,0/0,0.0,0,2/2,2
Lucas Havrisik,LAR,NO,16,2023,False,3/4,75.0,32,3/3,12
Anders Carlson,GB,ATL,2,2023,True,1/1,100.0,33,3/3,6
Younghoe Koo,ATL,GB,2,2023,False,4/4,100.0,39,1/2,13
Daniel Carlson,LV,DEN,11,2022,True,3/4,75.0,57,1/1,10
Brandon McManus,DEN,LV,11,2022,False,3/4,75.0,52,1/1,10
Riley Patterson,DET,GB,4,2023,True,2/2,100.0,37,4/4,10
Anders Carlson,GB,DET,4,2023,False,2/2,100.0,50,0/0,6
Wil Lutz,NO,ATL,1,2022,True,2/3,67.0,51,1/1,7
Younghoe Koo,ATL,NO,1,2022,False,4/5,80.0,54,2/2,14
Cameron Dicker,LAC,ATL,9,2022,True,2/2,100.0,37,2/2,8
Younghoe Koo,ATL,LAC,9,2022,False,1/2,50.0,29,2/2,5
Chris Boswell,PIT,GB,4,2021,True,1/1,100.0,52,2/2,5
Mason Crosby,GB,PIT,4,2021,False,2/2,100.0,29,3/3,9
Nick Folk,TEN,JAX,11,2023,True,0/0,0.0,0,2/2,2
Brandon McManus,JAX,TEN,11,2023,False,2/2,100.0,30,4/4,10
Matt Prater,ARI,TEN,1,2021,True,1/2,50.0,34,5/5,8
Michael Badgley,TEN,ARI,1,2021,False,0/1,0.0,0,1/2,1
Younghoe Koo,ATL,BUF,17,2021,True,2/2,100.0,28,1/1,7
Tyler Bass,BUF,ATL,17,2021,False,0/0,0.0,0,3/3,3
Cairo Santos,CHI,NE,7,2022,True,4/4,100.0,50,3/3,15
Nick Folk,NE,CHI,7,2022,False,0/0,0.0,0,2/2,2
Michael Badgley,DET,DAL,7,2022,True,2/2,100.0,53,0/0,6
Brett Maher,DAL,DET,7,2022,False,1/1,100.0,22,3/3,6
Randy Bullock,TEN,LAC,15,2022,True,0/1,0.0,0,2/2,2
Cameron Dicker,LAC,TEN,15,2022,False,1/1,100.0,43,2/2,5
Greg Joseph,MIN,DET,13,2021,True,3/3,100.0,41,0/0,9
Riley Patterson,DET,MIN,13,2021,False,3/3,100.0,49,2/2,11
Randy Bullock,TEN,PHI,13,2022,True,1/1,100.0,36,1/1,4
Jake Elliott,PHI,TEN,13,2022,False,0/0,0.0,0,5/5,5
Jake Elliott,PHI,SEA,15,2023,True,1/1,100.0,27,2/2,5
Jason Myers,SEA,PHI,15,2023,False,2/2,100.0,43,2/2,8
Younghoe Koo,ATL,TB,5,2022,True,0/1,0.0,0,1/1,1
Ryan Succop,TB,ATL,5,2022,False,2/2,100.0,44,1/1,7
Ka'imi Fairbairn,HOU,SF,17,2021,True,0/1,0.0,0,1/1,1
Robbie Gould,SF,HOU,17,2021,False,3/3,100.0,37,2/2,11
Robbie Gould,SF,DET,1,2021,True,2/3,67.0,52,5/5,11
Austin Seibert,DET,SF,1,2021,False,1/2,50.0,49,2/2,5
Graham Gano,NYG,LAC,14,2021,True,0/0,0.0,0,1/1,1
Dustin Hopkins,LAC,NYG,14,2021,False,3/3,100.0,39,4/4,13
Brandon McManus,DEN,SEA,1,2022,True,3/4,75.0,40,1/1,10
Jason Myers,SEA,DEN,1,2022,False,1/1,100.0,49,2/2,5
Jason Myers,SEA,BAL,9,2023,True,1/1,100.0,33,0/0,3
Justin Tucker,BAL,SEA,9,2023,False,3/3,100.0,45,4/4,13
Daniel Carlson,LV,NYG,9,2023,False,3/3,100.0,46,3/3,12
Greg Joseph,MIN,LV,14,2023,True,1/2,50.0,36,0/0,3
Cade York,CLE,HOU,13,2022,True,2/2,100.0,43,3/3,9
Ka'imi Fairbairn,HOU,CLE,13,2022,False,2/2,100.0,44,0/0,6
Zane Gonzalez,CAR,ATL,8,2021,True,4/4,100.0,57,1/1,13
Younghoe Koo,ATL,CAR,8,2021,False,2/3,67.0,53,1/1,7
Matt Gay,LAR,NYG,6,2021,True,1/1,100.0,32,5/5,8
Graham Gano,NYG,LAR,6,2021,False,1/1,100.0,27,0/0,3
Cameron Dicker,LAC,IND,16,2022,True,2/2,100.0,24,2/2,8
Chase McLaughlin,IND,LAC,16,2022,False,1/1,100.0,46,0/0,3
Anders Carlson,GB,MIN,17,2023,True,2/2,100.0,37,3/4,9
Greg Joseph,MIN,GB,17,2023,False,1/1,100.0,54,1/1,4
Justin Tucker,BAL,PIT,5,2023,True,1/1,100.0,23,1/1,4
Chris Boswell,PIT,BAL,5,2023,False,3/3,100.0,43,0/0,9
Brandon McManus,JAX,TB,16,2023,True,0/1,0.0,0,0/0,0
Chase McLaughlin,TB,JAX,16,2023,False,3/3,100.0,51,3/3,12
Ryan Succop,TB,NO,8,2021,True,0/0,0.0,0,3/3,3
Brian Johnson,NO,TB,8,2021,False,3/3,100.0,35,3/4,12
Matt Prater,ARI,SF,4,2023,True,1/1,100.0,38,1/1,4
Jake Moody,SF,ARI,4,2023,False,0/0,0.0,0,5/5,5
Anders Carlson,GB,CAR,16,2023,True,2/2,100.0,53,3/4,9
Eddy Pineiro,CAR,GB,16,2023,False,1/1,100.0,52,1/3,4
Cairo Santos,CHI,GB,18,2023,True,3/3,100.0,50,0/0,9
Anders Carlson,GB,CHI,18,2023,False,1/2,50.0,25,2/2,5
Jake Elliott,PHI,HOU,9,2022,True,0/1,0.0,0,3/3,3
Ka'imi Fairbairn,HOU,PHI,9,2022,False,1/1,100.0,30,2/2,5
Jason Myers,SEA,IND,1,2021,True,0/0,0.0,0,4/4,4
Rodrigo Blankenship,IND,SEA,1,2021,False,1/1,100.0,21,1/1,4
Harrison Butker,KC,DEN,8,2023,True,3/3,100.0,56,0/0,9
Wil Lutz,DEN,KC,8,2023,False,1/2,50.0,28,3/3,6
Graham Gano,NYG,MIA,5,2023,True,3/4,75.0,51,1/1,10
Jason Sanders,MIA,NYG,5,2023,False,1/1,100.0,40,4/4,7
Brandon McManus,DEN,BAL,13,2022,True,3/4,75.0,52,0/0,9
Justin Tucker,BAL,DEN,13,2022,False,1/1,100.0,26,1/1,4
Cade York,CLE,CAR,1,2022,True,4/4,100.0,58,2/2,14
Eddy Pineiro,CAR,CLE,1,2022,False,1/1,100.0,34,3/3,6
Brandon Aubrey,DAL,BUF,15,2023,True,1/1,100.0,32,1/1,4
Tyler Bass,BUF,DAL,15,2023,False,1/1,100.0,23,4/4,7
Tyler Bass,BUF,PHI,12,2023,True,2/4,50.0,48,4/4,10
Jake Elliott,PHI,BUF,12,2023,False,1/1,100.0,59,4/4,7
Matt Prater,ARI,ATL,17,2022,True,4/5,80.0,57,1/1,13
Younghoe Koo,ATL,ARI,17,2022,False,2/2,100.0,27,2/2,8
Evan McPherson,CIN,PIT,16,2023,True,1/1,100.0,35,0/0,3
Chris Boswell,PIT,CIN,16,2023,False,2/2,100.0,50,4/4,10
Michael Badgley,DET,DAL,17,2023,True,2/2,100.0,41,1/1,7
Brandon Aubrey,DAL,DET,17,2023,False,2/2,100.0,51,2/2,8
Justin Tucker,BAL,ARI,8,2023,True,1/2,50.0,48,4/4,7
Matt Prater,ARI,BAL,8,2023,False,1/1,100.0,47,1/1,4
Eddy Pineiro,CAR,NYG,2,2022,True,3/3,100.0,38,1/1,10
Graham Gano,NYG,CAR,2,2022,False,4/4,100.0,56,1/1,13
Younghoe Koo,ATL,NO,15,2022,True,1/1,100.0,28,1/1,4
Wil Lutz,NO,ATL,15,2022,False,0/0,0.0,0,3/3,3
Younghoe Koo,ATL,LAR,2,2022,True,1/2,50.0,26,2/2,5
Matt Gay,LAR,ATL,2,2022,False,1/1,100.0,20,4/4,7
Justin Tucker,BAL,CLE,15,2022,True,1/3,33.0,53,0/0,3
Cade York,CLE,BAL,15,2022,False,2/4,50.0,47,1/1,7
Justin Tucker,BAL,DET,3,2021,True,4/5,80.0,66,1/1,13
Ryan Santoso,DET,BAL,3,2021,False,1/1,100.0,35,2/2,5
Daniel Carlson,LV,LAC,4,2021,True,0/1,0.0,0,2/2,2
Tristan Vizcaino,LAC,LV,4,2021,False,0/0,0.0,0,4/4,4
Jake Elliott,PHI,NYG,12,2021,True,0/0,0.0,0,1/1,1
Graham Gano,NYG,PHI,12,2021,False,2/3,67.0,39,1/1,7
Jason Sanders,MIA,NYJ,12,2023,True,2/2,100.0,54,4/4,10
Greg Zuerlein,NYJ,MIA,12,2023,False,0/0,0.0,0,1/2,1
Chase McLaughlin,TB,NO,4,2023,True,2/2,100.0,51,2/2,8
Blake Grupe,NO,TB,4,2023,False,3/3,100.0,44,0/0,9
Brett Maher,LAR,SF,18,2023,True,0/0,0.0,0,1/2,1
Jake Moody,SF,LAR,18,2023,False,0/1,0.0,0,2/3,2
Chase McLaughlin,TB,HOU,9,2023,True,3/3,100.0,55,4/4,13
Ka'imi Fairbairn,HOU,TB,9,2023,False,1/1,100.0,50,1/1,4
Dare Ogunbowale,HOU,TB,9,2023,False,1/1,100.0,29,0/0,3
Blake Grupe,NO,IND,8,2023,True,1/1,100.0,27,5/5,8
Matt Gay,IND,NO,8,2023,False,2/2,100.0,42,3/3,9
Ryan Santoso,CAR,NYJ,1,2021,False,2/2,100.0,29,1/2,7
Daniel Carlson,LV,DEN,1,2023,True,1/1,100.0,24,2/2,5
Wil Lutz,DEN,LV,1,2023,False,1/2,50.0,24,1/2,4
Chad Ryland,NE,NYG,12,2023,True,0/1,0.0,0,1/1,1
Randy Bullock,NYG,NE,12,2023,False,1/1,100.0,42,1/1,4
Tyler Bass,BUF,NYJ,11,2023,False,4/4,100.0,50,2/3,14
Dustin Hopkins,CLE,LAR,13,2023,True,2/2,100.0,40,1/2,7
Lucas Havrisik,LAR,CLE,13,2023,False,2/3,67.0,44,4/4,10
Evan McPherson,CIN,NO,6,2022,True,1/1,100.0,52,3/3,6
Wil Lutz,NO,CIN,6,2022,False,4/4,100.0,37,2/2,14
Graham Gano,NYG,TB,11,2021,True,1/1,100.0,37,1/1,4
Ryan Succop,TB,NYG,11,2021,False,3/3,100.0,40,3/3,12
Blake Grupe,NO,ATL,12,2023,True,5/6,83.0,52,0/0,15
Younghoe Koo,ATL,NO,12,2023,False,1/1,100.0,39,3/3,6
Evan McPherson,CIN,BAL,5,2022,True,1/1,100.0,40,2/2,5
Justin Tucker,BAL,CIN,5,2022,False,4/4,100.0,58,1/1,13
Chad Ryland,NE,LV,6,2023,True,1/1,100.0,43,2/2,5
Daniel Carlson,LV,NE,6,2023,False,4/4,100.0,37,1/1,13
Riley Patterson,JAX,LAC,3,2022,True,3/3,100.0,23,3/3,12
Dustin Hopkins,LAC,JAX,3,2022,False,1/1,100.0,25,1/1,4
Blake Grupe,NO,GB,3,2023,True,1/2,50.0,25,2/2,5
Anders Carlson,GB,NO,3,2023,False,1/1,100.0,38,1/1,4
Graham Gano,NYG,WSH,15,2022,True,2/2,100.0,50,2/2,8
Joey Slye,WSH,NYG,15,2022,False,2/2,100.0,51,0/1,6
