name,team,opponent,week,season,isHome,NO,YDS,AVG,LONG,TD
Isaiah McKenzie,BUF,WSH,3,2021,False,3,26,8.7,15,0
Jaydon Mickens,JAX,NYJ,16,2021,True,1,4,4.0,4,0
Braxton Berrios,NYJ,JAX,16,2021,False,1,12,12.0,12,0
Hunter Renfrow,LV,PIT,2,2021,True,2,26,13.0,16,0
Ray-Ray McCloud III,PIT,LV,2,2021,False,2,21,10.5,15,0
Trent Taylor,CHI,WSH,5,2023,True,2,17,8.5,11,0
Jamison Crowder,WSH,CHI,5,2023,False,1,20,20.0,20,0
Ray-Ray McCloud III,SF,CLE,6,2023,True,2,13,6.5,13,0
Jaelon Darden,CLE,SF,6,2023,False,4,39,9.8,11,0
Donovan Peoples-Jones,CLE,SF,6,2023,False,1,5,5.0,5,0
Brandon Aiyuk,SF,PHI,2,2021,True,1,13,13.0,13,0
Jalen Reagor,PHI,SF,2,2021,False,2,13,6.5,11,0
Desmond King II,HOU,CHI,3,2022,True,1,31,31.0,31,0
Dante Pettis,CHI,HOU,3,2022,False,2,1,0.5,1,0
Raheem Blackshear,CAR,DET,16,2022,False,1,11,11.0,11,0
Shi Smith,CAR,DET,16,2022,False,3,0,0.0,0,0
Xavier Crawford,SEA,SF,2,2022,True,1,0,0.0,0,0
Ray-Ray McCloud III,SF,SEA,2,2022,False,3,23,7.7,14,0
Cameron Sutton,PIT,CIN,12,2021,True,2,3,1.5,3,0
Darius Phillips,CIN,PIT,12,2021,False,2,17,8.5,17,0
Eric Gray,NYG,ARI,2,2023,True,1,14,14.0,14,0
Greg Dortch,ARI,NYG,2,2023,False,1,0,0.0,0,0
Charlie Jones,CIN,KC,17,2023,True,1,1,1.0,1,0
Richie James,KC,CIN,17,2023,False,2,37,18.5,27,0
Olamide Zaccheaus,ATL,NYJ,5,2021,False,2,19,9.5,15,0
Jalen Reagor,PHI,WSH,15,2021,False,3,22,7.3,11,0
Jaelon Darden,TB,WSH,10,2021,True,2,14,7.0,10,0
DeAndre Carter,WSH,TB,10,2021,False,1,10,10.0,10,0
Gunner Olszewski,NYG,WSH,11,2023,True,2,16,8.0,9,0
Jamison Crowder,WSH,NYG,11,2023,False,4,0,0.0,3,0
Xavier Gipson,NYJ,NE,18,2023,True,6,48,8.0,13,0
Myles Bryant,NE,NYJ,18,2023,False,3,30,10.0,15,0
Jaelon Darden,TB,PIT,6,2022,True,3,14,4.7,6,0
Steven Sims,PIT,TB,6,2022,False,3,23,7.7,24,0
DeeJay Dallas,SEA,KC,16,2022,True,2,12,6.0,6,0
Kadarius Toney,KC,SEA,16,2022,False,2,18,9.0,9,0
Chris Lammons,KC,SEA,16,2022,False,1,0,0.0,0,0
KJ Hill Jr.,LAC,DAL,2,2021,False,1,6,6.0,6,0
Mason Kinsey,TEN,SEA,16,2023,False,1,11,11.0,11,0
Brandon Powell,LAR,DEN,16,2022,False,1,12,12.0,12,0
Richie James,KC,LV,12,2023,True,1,10,10.0,10,0
DeAndre Carter,LV,KC,12,2023,False,1,13,13.0,13,0
Hunter Renfrow,LV,NYG,9,2021,True,1,5,5.0,5,0
Pharoh Cooper,NYG,LV,9,2021,False,2,26,13.0,14,0
Jamison Crowder,WSH,NYG,7,2023,True,6,33,5.5,17,0
Sterling Shepard,NYG,WSH,7,2023,False,3,10,3.3,5,0
Eric Gray,NYG,WSH,7,2023,False,1,0,0.0,0,0
Jalen Reagor,MIN,GB,17,2022,True,1,0,0.0,0,0
Randall Cobb,GB,MIN,17,2022,False,1,15,15.0,15,0
Keisean Nixon,GB,MIN,17,2022,False,1,10,10.0,10,0
Trent Taylor,CHI,CLE,15,2023,True,5,23,4.6,10,0
James Proche II,CLE,CHI,15,2023,False,4,23,5.8,14,0
Jamal Agnew,JAX,IND,6,2022,True,1,8,8.0,8,0
Keke Coutee,IND,JAX,6,2022,False,1,19,19.0,19,0
Nick Cross,IND,JAX,6,2022,False,1,0,0.0,0,0
Braxton Berrios,NYJ,BUF,14,2022,True,2,23,11.5,13,0
Nyheim Hines,BUF,NYJ,14,2022,False,3,42,14.0,23,0
KaVontae Turpin,DAL,WSH,18,2023,True,1,4,4.0,4,0
Jalen Reagor,PHI,CAR,5,2021,True,1,22,22.0,22,0
Alex Erickson,CAR,PHI,5,2021,False,3,39,13.0,22,0
Dante Pettis,NYG,KC,8,2021,True,1,0,0.0,0,0
Kadarius Toney,NYG,KC,8,2021,True,1,0,0.0,0,0
Kalif Raymond,DET,JAX,13,2022,False,2,20,10.0,11,0
DeAndre Carter,LV,MIA,11,2023,True,1,12,12.0,12,0
Cedrick Wilson Jr.,MIA,LV,11,2023,False,3,30,10.0,14,0
Jalen Reagor,MIN,CHI,18,2022,True,1,4,4.0,4,0
Dante Pettis,CHI,MIN,18,2022,False,1,-2,-2.0,-2,0
Britain Covey,PHI,NYG,14,2022,True,4,29,7.3,16,0
Calvin Austin III,PIT,CLE,11,2023,True,3,51,17.0,21,0
James Proche II,CLE,PIT,11,2023,False,3,37,12.3,21,0
Ray-Ray McCloud III,SF,SEA,15,2022,True,2,17,8.5,9,0
Richie James,NYG,JAX,7,2022,True,1,2,2.0,2,0
KaVontae Turpin,DAL,NYG,1,2023,True,2,17,8.5,10,0
Eric Gray,NYG,DAL,1,2023,False,1,7,7.0,7,0
Marquez Stevenson,BUF,NO,12,2021,True,5,49,9.8,18,0
Deonte Harty,NO,BUF,12,2021,False,1,12,12.0,12,0
Diontae Spencer,DEN,NYG,1,2021,True,2,24,12.0,13,0
Jabrill Peppers,NYG,DEN,1,2021,False,1,2,2.0,2,0
Calvin Austin III,PIT,SEA,17,2023,True,1,6,6.0,6,0
KaVontae Turpin,DAL,WSH,18,2022,True,4,13,3.3,7,0
Dax Milne,WSH,DAL,18,2022,False,7,55,7.9,16,0
CeeDee Lamb,DAL,NO,13,2021,True,3,35,11.7,16,0
Trevon Diggs,DAL,NO,13,2021,True,1,9,9.0,9,0
Deonte Harty,NO,DAL,13,2021,False,4,37,9.3,19,0
Rondale Moore,ARI,CLE,6,2021,True,2,8,4.0,4,0
Demetric Felton Jr.,CLE,ARI,6,2021,False,2,29,14.5,21,0
DeAndre Carter,LAC,DEN,18,2022,True,2,37,18.5,28,0
Freddie Swain,DEN,LAC,18,2022,False,1,0,0.0,0,0
Brandon Johnson,DEN,LAC,18,2022,False,1,0,0.0,0,0
Kadarius Toney,KC,HOU,15,2022,True,2,8,4.0,5,0
Desmond King II,HOU,KC,15,2022,False,2,16,8.0,13,0
Tremon Smith,HOU,KC,15,2022,False,1,7,7.0,7,0
Jamal Agnew,JAX,WSH,1,2022,True,1,2,2.0,2,0
Dax Milne,WSH,JAX,1,2022,False,2,22,11.0,13,0
Robert Woods,TEN,JAX,18,2022,True,1,2,2.0,2,0
Jamal Agnew,JAX,TEN,18,2022,False,2,33,16.5,22,0
Ray-Ray McCloud III,SF,ARI,11,2022,True,2,13,6.5,7,0
Greg Dortch,ARI,SF,11,2022,False,1,15,15.0,15,0
Shi Smith,CAR,LAR,6,2022,True,3,12,4.0,11,0
Brandon Powell,LAR,CAR,6,2022,False,1,15,15.0,15,0
Jamal Agnew,JAX,SEA,8,2021,True,2,17,8.5,13,0
Freddie Swain,SEA,JAX,8,2021,False,1,20,20.0,20,0
Britain Covey,PHI,NYG,18,2023,True,1,8,8.0,8,0
Gunner Olszewski,NYG,PHI,18,2023,False,3,29,9.7,15,0
Greg Dortch,ARI,SEA,7,2023,True,2,8,4.0,8,0
DeeJay Dallas,SEA,ARI,7,2023,False,4,47,11.8,32,0
Eric Garror,TEN,TB,10,2023,True,3,23,7.7,15,0
Deven Thompkins,TB,TEN,10,2023,False,2,15,7.5,15,0
Devin Duvernay,BAL,LAC,12,2023,True,1,3,3.0,3,0
Derius Davis,LAC,BAL,12,2023,False,1,23,23.0,23,0
Britain Covey,PHI,LAR,5,2023,True,2,35,17.5,20,0
Freddie Swain,SEA,HOU,14,2021,True,2,31,15.5,22,0
Desmond King II,HOU,SEA,14,2021,False,1,2,2.0,2,0
DeeJay Dallas,SEA,LAC,7,2022,True,1,0,0.0,0,0
Deonte Harty,BUF,LAC,16,2023,True,3,11,3.7,11,0
Derius Davis,LAC,BUF,16,2023,False,1,13,13.0,13,0
Deven Thompkins,TB,MIN,1,2023,True,4,29,7.3,16,0
Brandon Powell,MIN,TB,1,2023,False,4,18,4.5,7,0
Hunter Renfrow,LV,JAX,9,2022,True,3,29,9.7,17,0
Jamal Agnew,JAX,LV,9,2022,False,2,16,8.0,13,0
Nyheim Hines,IND,JAX,18,2021,True,1,7,7.0,7,0
Britain Covey,PHI,KC,11,2023,True,3,53,17.7,26,0
Kadarius Toney,KC,PHI,11,2023,False,6,58,9.7,21,0
Kalif Raymond,DET,CHI,14,2023,True,2,18,9.0,14,0
Trent Taylor,CHI,DET,14,2023,False,4,56,14.0,31,0
Dax Milne,WSH,DET,2,2022,True,3,33,11.0,19,0
Kalif Raymond,DET,WSH,2,2022,False,1,8,8.0,8,0
Braxton Berrios,NYJ,MIA,18,2022,True,2,29,14.5,20,0
Myles Bryant,NE,MIA,1,2022,True,2,12,6.0,12,0
Xavier Gipson,NYJ,CLE,17,2023,True,2,30,15.0,20,0
James Proche II,BAL,PIT,17,2022,False,1,2,2.0,2,0
Darius Phillips,CIN,JAX,4,2021,False,2,9,4.5,10,0
Steven Sims,PIT,IND,12,2022,True,3,18,6.0,18,0
Pharoh Cooper,NYG,MIA,13,2021,True,3,22,7.3,15,0
Jaylen Waddle,MIA,NYG,13,2021,False,1,7,7.0,7,0
Ray-Ray McCloud III,SF,LAR,4,2022,False,2,34,17.0,22,0
Cedrick Wilson Jr.,MIA,CLE,10,2022,False,1,8,8.0,8,0
Cedrick Wilson Jr.,DAL,MIN,8,2021,True,1,7,7.0,7,0
CeeDee Lamb,DAL,MIN,8,2021,True,1,-3,-3.0,-3,0
K.J. Osborn,MIN,DAL,8,2021,False,1,7,7.0,7,0
Mason Kinsey,TEN,HOU,17,2023,True,2,22,11.0,13,0
Desmond King II,HOU,TEN,17,2023,False,2,30,15.0,19,0
Demetric Felton Jr.,CLE,LAC,5,2021,True,2,17,8.5,9,0
KJ Hill Jr.,LAC,CLE,5,2021,False,1,12,12.0,12,0
Isaiah McKenzie,IND,HOU,2,2023,True,1,0,0.0,0,0
Tank Dell,HOU,IND,2,2023,False,1,13,13.0,13,0
Robert Woods,HOU,IND,2,2023,False,1,7,7.0,7,0
Rashid Shaheed,NO,CHI,9,2023,False,2,20,10.0,14,0
DeeJay Dallas,SEA,NYG,4,2023,True,1,23,23.0,23,0
Eric Gray,NYG,SEA,4,2023,False,1,0,0.0,0,0
Hunter Renfrow,LV,CLE,15,2021,True,4,31,7.8,29,0
Donovan Peoples-Jones,CLE,LV,15,2021,False,1,20,20.0,20,0
Giovani Bernard,TB,ATL,13,2021,True,2,7,3.5,6,0
Avery Williams,ATL,TB,13,2021,False,1,7,7.0,7,0
Tavon Austin,JAX,NE,17,2021,True,1,3,3.0,3,0
Brandon Aiyuk,SF,MIN,12,2021,False,2,14,7.0,12,0
Calvin Austin III,PIT,CLE,2,2023,False,1,14,14.0,14,0
Hunter Renfrow,LV,DEN,16,2021,False,1,6,6.0,6,0
Robert Woods,HOU,ATL,5,2023,True,1,10,10.0,10,0
Tank Dell,HOU,ATL,5,2023,True,1,9,9.0,9,0
Mike Hughes,ATL,HOU,5,2023,False,1,10,10.0,10,0
Dax Milne,WSH,HOU,11,2022,True,4,22,5.5,16,0
Desmond King II,HOU,WSH,11,2022,False,2,14,7.0,9,0
Alex Erickson,WSH,NYG,13,2022,True,4,25,6.3,13,0
Richie James,NYG,WSH,13,2022,False,3,18,6.0,12,0
Darius Phillips,CIN,BAL,7,2021,True,3,20,6.7,13,0
Devin Duvernay,BAL,CIN,7,2021,False,2,37,18.5,21,0
C.J. Board,NYG,DAL,5,2021,True,1,7,7.0,7,0
CeeDee Lamb,DAL,NYG,5,2021,False,1,17,17.0,17,0
Cedrick Wilson Jr.,MIA,NE,17,2022,True,3,13,4.3,10,0
Myles Bryant,NE,MIA,17,2022,False,2,10,5.0,8,0
Shi Smith,CAR,BAL,11,2022,True,2,-3,-1.5,0,0
Devin Duvernay,BAL,CAR,11,2022,False,2,5,2.5,5,0
Ihmir Smith-Marsette,CAR,SEA,3,2023,True,2,-3,-1.5,0,0
DeeJay Dallas,SEA,CAR,3,2023,False,3,41,13.7,14,0
Jevon Holland,MIA,BAL,2,2022,True,1,8,8.0,8,0
Devin Duvernay,BAL,MIA,2,2022,False,1,5,5.0,5,0
Jalen Reagor,MIN,WSH,9,2022,True,2,11,5.5,10,0
Dax Milne,WSH,MIN,9,2022,False,5,41,8.2,17,0
Avery Williams,ATL,TB,2,2021,True,2,11,5.5,6,0
Greg Dortch,ARI,WSH,1,2023,True,4,24,6.0,13,0
Jamison Crowder,WSH,ARI,1,2023,False,3,10,3.3,5,0
Skyy Moore,KC,ARI,1,2022,True,4,41,10.3,15,0
Mecole Hardman,KC,ARI,1,2022,True,1,3,3.0,3,0
Greg Dortch,ARI,KC,1,2022,False,1,-1,-1.0,-1,0
CeeDee Lamb,DAL,WSH,14,2021,True,1,4,4.0,4,0
Trevon Diggs,DAL,WSH,14,2021,True,1,1,1.0,1,0
Cedrick Wilson Jr.,DAL,WSH,14,2021,True,1,0,0.0,0,0
N'Keal Harry,NE,BUF,13,2021,True,1,0,0.0,0,0
Micah Hyde,BUF,NE,13,2021,False,1,8,8.0,8,0
Avery Williams,ATL,SEA,3,2022,True,1,6,6.0,6,0
Derius Davis,LAC,NYJ,9,2023,True,3,104,34.7,87,1
Xavier Gipson,NYJ,LAC,9,2023,False,3,8,2.7,8,0
Kalif Raymond,DET,BUF,12,2022,False,2,54,27.0,41,0
Ihmir Smith-Marsette,CAR,JAX,17,2023,True,2,9,4.5,8,0
Parker Washington,JAX,CAR,17,2023,False,2,17,8.5,15,0
Jaelon Darden,TB,LAR,3,2021,True,1,4,4.0,4,0
Tutu Atwell,LAR,TB,3,2021,False,1,9,9.0,9,0
Ihmir Smith-Marsette,CAR,NO,14,2023,True,2,1,0.5,1,0
Lynn Bowden Jr.,NO,CAR,14,2023,False,2,23,11.5,12,0
DeAndre Carter,WSH,LV,13,2021,True,2,29,14.5,16,0
Hunter Renfrow,LV,WSH,13,2021,False,1,6,6.0,6,0
Avery Williams,ATL,NO,18,2021,False,1,12,12.0,12,0
Richie James,KC,JAX,2,2023,True,3,8,2.7,4,0
Jamal Agnew,JAX,KC,2,2023,False,2,5,2.5,7,0
Jamal Agnew,JAX,BUF,5,2023,True,2,5,2.5,5,0
Deonte Harty,BUF,JAX,5,2023,False,2,9,4.5,9,0
Jabrill Peppers,NE,NYJ,3,2023,True,2,25,12.5,18,0
DeMario Douglas,NE,NYJ,3,2023,True,2,14,7.0,8,0
Xavier Gipson,NYJ,NE,3,2023,False,4,39,9.8,18,0
Eric Gray,NYG,SF,3,2023,True,1,3,3.0,3,0
Ray-Ray McCloud III,SF,NYG,3,2023,False,3,22,7.3,12,0
DeAndre Carter,WSH,ATL,4,2021,True,1,6,6.0,6,0
Avery Williams,ATL,WSH,4,2021,False,2,6,3.0,4,0
Gunner Olszewski,NE,TEN,12,2021,False,2,23,11.5,15,0
Braxton Berrios,NYJ,MIN,13,2022,True,3,37,12.3,15,0
Xavier Gipson,NYJ,DAL,2,2023,True,1,7,7.0,7,0
Derius Davis,LAC,MIA,1,2023,False,1,3,3.0,3,0
Braxton Berrios,MIA,PHI,7,2023,True,1,16,16.0,16,0
Avery Williams,ATL,CAR,10,2022,True,2,23,11.5,14,0
DeeJay Dallas,SEA,ARI,9,2022,True,3,23,7.7,19,0
Greg Dortch,ARI,SEA,9,2022,False,2,7,3.5,7,0
Rashid Shaheed,NO,MIN,10,2023,True,2,22,11.0,12,0
Brandon Powell,MIN,NO,10,2023,False,2,12,6.0,9,0
Devin Duvernay,BAL,CHI,11,2021,True,2,19,9.5,12,0
Jakeem Grant Sr.,CHI,BAL,11,2021,False,1,4,4.0,4,0
Kalif Raymond,DET,BAL,7,2023,True,2,32,16.0,24,0
Ray-Ray McCloud III,SF,LAR,8,2022,True,3,34,11.3,15,0
Brandon Powell,LAR,SF,8,2022,False,1,0,0.0,0,0
Robert Woods,TEN,HOU,8,2022,True,4,40,10.0,16,0
Desmond King II,HOU,TEN,8,2022,False,3,18,6.0,12,0
Kalif Raymond,DET,TB,6,2023,True,3,33,11.0,15,0
Jamal Agnew,JAX,NYJ,16,2022,True,1,4,4.0,4,0
Brandon Aiyuk,SF,CHI,8,2021,True,2,28,14.0,21,0
Keelan Cole Sr.,LV,TEN,3,2022,True,1,13,13.0,13,0
Robert Woods,TEN,LV,3,2022,False,1,21,21.0,21,0
Ihmir Smith-Marsette,CAR,TB,13,2023,True,4,30,7.5,23,0
Deven Thompkins,TB,CAR,13,2023,False,3,21,7.0,15,0
Tutu Atwell,LAR,HOU,8,2021,True,3,2,0.7,2,0
Tremon Smith,HOU,LAR,8,2021,False,1,1,1.0,1,0
Derius Davis,LAC,TEN,2,2023,True,4,63,15.8,20,0
Kearis Jackson,TEN,LAC,2,2023,False,2,11,5.5,11,0
Trenton Irwin,CIN,ARI,5,2023,True,4,68,17.0,28,0
Greg Dortch,ARI,CIN,5,2023,False,2,22,11.0,16,0
Jabrill Peppers,NYG,WSH,2,2021,True,2,8,4.0,8,0
Trent Taylor,CIN,DEN,15,2021,True,3,22,7.3,12,0
Diontae Spencer,DEN,CIN,15,2021,False,2,18,9.0,18,0
Rondale Moore,ARI,SF,9,2021,True,1,2,2.0,2,0
Brandon Aiyuk,SF,ARI,9,2021,False,3,34,11.3,27,0
Trent Taylor,CIN,TEN,12,2022,True,2,10,5.0,10,0
C.J. Board,TEN,CIN,12,2022,False,4,42,10.5,13,0
Gunner Olszewski,NE,IND,15,2021,True,1,1,1.0,1,0
Dee Alford,ATL,IND,16,2023,False,3,11,3.7,8,0
Steven Sims,PIT,NO,10,2022,False,1,3,3.0,3,0
Demetric Felton Jr.,CLE,CIN,9,2021,True,2,4,2.0,5,0
Darius Phillips,CIN,CLE,9,2021,False,2,22,11.0,14,0
DeAndre Carter,WSH,NYG,18,2021,True,4,23,5.8,12,0
Alex Bachman,NYG,WSH,18,2021,False,1,16,16.0,16,0
Jamison Crowder,WSH,LAR,15,2023,True,1,15,15.0,15,0
Austin Trammell,LAR,WSH,15,2023,False,1,4,4.0,4,0
Parker Washington,JAX,CLE,14,2023,True,5,63,12.6,26,0
James Proche II,CLE,JAX,14,2023,False,2,19,9.5,11,0
Freddie Swain,SEA,LAR,15,2021,True,2,14,7.0,9,0
Brandon Powell,LAR,SEA,15,2021,False,1,0,0.0,0,0
Dallis Flowers,IND,MIN,15,2022,True,1,0,0.0,0,0
Jalen Reagor,MIN,IND,15,2022,False,3,13,4.3,13,0
Dax Milne,WSH,PHI,10,2022,True,1,12,12.0,12,0
Britain Covey,PHI,WSH,10,2022,False,1,5,5.0,5,0
Amari Rodgers,GB,DET,9,2022,True,1,10,10.0,10,0
Avery Williams,ATL,JAX,12,2021,True,1,3,3.0,3,0
Jaydon Mickens,JAX,ATL,12,2021,False,2,29,14.5,18,0
Alvin Kamara,NO,WSH,5,2021,True,3,29,9.7,14,0
DeAndre Carter,WSH,NO,5,2021,False,1,10,10.0,10,0
Diontae Spencer,DEN,KC,13,2021,True,3,6,2.0,6,0
Mike Hughes,KC,DEN,13,2021,False,2,13,6.5,10,0
Jamal Agnew,JAX,HOU,17,2022,True,4,36,9.0,18,0
Desmond King II,HOU,JAX,17,2022,False,1,16,16.0,16,0
Calvin Austin III,PIT,NE,14,2023,False,3,10,3.3,5,0
Xavier Gipson,NYJ,DEN,5,2023,True,2,14,7.0,14,0
Marvin Mims Jr.,DEN,NYJ,5,2023,False,1,0,0.0,0,0
Charlie Jones,CIN,BAL,11,2023,True,3,24,8.0,20,0
Devin Duvernay,BAL,CIN,11,2023,False,1,5,5.0,5,0
Marcus Jones,NE,ARI,14,2022,True,1,7,7.0,7,0
Greg Dortch,ARI,NE,14,2022,False,2,17,8.5,17,0
Andre Roberts,CAR,TB,17,2022,True,2,6,3.0,6,0
Demetric Felton Jr.,CLE,BAL,12,2021,True,1,-3,-3.0,-3,0
Devin Duvernay,BAL,CLE,12,2021,False,3,36,12.0,22,0
Deuce Vaughn,DAL,SF,5,2023,True,1,10,10.0,10,0
Ray-Ray McCloud III,SF,DAL,5,2023,False,4,39,9.8,14,0
Greg Dortch,ARI,MIN,8,2022,True,3,13,4.3,9,0
Jalen Reagor,MIN,ARI,8,2022,False,2,6,3.0,6,0
Cedrick Wilson Jr.,MIA,BUF,4,2023,True,1,0,0.0,0,0
Kalif Raymond,DET,MIN,5,2021,True,2,14,7.0,14,0
Dede Westbrook,MIN,DET,5,2021,False,1,2,2.0,2,0
KJ Hill Jr.,LAC,KC,3,2021,True,1,0,0.0,0,0
Mecole Hardman,KC,LAC,3,2021,False,2,7,3.5,7,0
Gunner Olszewski,NE,ATL,11,2021,True,3,17,5.7,17,0
Avery Williams,ATL,NE,11,2021,False,1,11,11.0,11,0
Avery Williams,ATL,NYG,3,2021,True,3,24,8.0,15,0
Jabrill Peppers,NYG,ATL,3,2021,False,2,36,18.0,19,0
Rondale Moore,ARI,JAX,3,2021,True,2,27,13.5,27,0
Jamal Agnew,JAX,ARI,3,2021,False,1,10,10.0,10,0
Kendall Hinton,DEN,KC,17,2022,True,3,37,12.3,17,0
Kadarius Toney,KC,DEN,17,2022,False,2,14,7.0,7,0
Tyreek Hill,MIA,NYJ,5,2022,True,1,-2,-2.0,-2,0
DeeJay Dallas,SEA,CIN,6,2023,True,3,34,11.3,23,0
Trenton Irwin,CIN,SEA,6,2023,False,1,1,1.0,1,0
Kenjon Barner,TB,CAR,16,2021,True,5,44,8.8,20,0
Alex Erickson,CAR,TB,16,2021,False,2,22,11.0,16,0
Richie James,KC,LAC,18,2023,True,3,24,8.0,21,0
Braxton Berrios,MIA,WSH,13,2023,True,2,7,3.5,5,0
Jamison Crowder,WSH,MIA,13,2023,False,1,11,11.0,11,0
Rashid Shaheed,NO,TB,17,2023,True,2,27,13.5,16,0
Deven Thompkins,TB,NO,17,2023,False,2,21,10.5,12,0
Montrell Washington,DEN,LV,4,2022,True,3,66,22.0,30,0
Keelan Cole Sr.,LV,DEN,4,2022,False,2,7,3.5,7,0
Tyron Johnson,LV,DEN,4,2022,False,1,0,0.0,0,0
Kadarius Toney,KC,LAC,11,2022,True,1,5,5.0,5,0
Skyy Moore,KC,LAC,11,2022,True,1,2,2.0,2,0
Velus Jones Jr.,CHI,NYG,4,2022,True,2,19,9.5,19,0
Richie James,NYG,CHI,4,2022,False,2,5,2.5,5,0
Gunner Olszewski,NYG,PHI,16,2023,True,2,10,5.0,6,0
Britain Covey,PHI,NYG,16,2023,False,3,66,22.0,54,0
Jalen Reagor,MIN,NO,4,2022,True,2,23,11.5,23,0
Deonte Harty,NO,MIN,4,2022,False,1,2,2.0,2,0
Kadarius Toney,KC,LV,18,2022,True,1,5,5.0,5,0
Hunter Renfrow,LV,KC,18,2022,False,2,8,4.0,8,0
KaVontae Turpin,DAL,ARI,3,2023,True,1,0,0.0,0,0
Greg Dortch,ARI,DAL,3,2023,False,2,19,9.5,19,0
Trent Taylor,CIN,PIT,11,2022,True,4,22,5.5,11,0
Steven Sims,PIT,CIN,11,2022,False,2,16,8.0,10,0
Cedrick Wilson Jr.,DAL,KC,11,2021,True,2,7,3.5,7,0
Mike Hughes,KC,DAL,11,2021,False,1,9,9.0,9,0
DeAndre Carter,LV,CHI,7,2023,True,1,18,18.0,18,0
Chester Rogers,TEN,IND,8,2021,True,2,21,10.5,19,0
Nyheim Hines,IND,TEN,8,2021,False,2,27,13.5,16,0
Amari Rodgers,GB,WSH,7,2022,True,2,16,8.0,16,0
Dax Milne,WSH,GB,7,2022,False,2,8,4.0,5,0
DeMario Douglas,NE,DAL,4,2023,True,1,-2,-2.0,-2,0
KaVontae Turpin,DAL,NE,4,2023,False,2,13,6.5,12,0
Desmond King II,HOU,NYJ,14,2023,True,2,22,11.0,22,0
Xavier Gipson,NYJ,HOU,14,2023,False,3,17,5.7,14,0
Richie James,NYG,SEA,8,2022,True,4,28,7.0,12,0
Darnay Holmes,NYG,SEA,8,2022,True,1,0,0.0,0,0
DeeJay Dallas,SEA,NYG,8,2022,False,2,16,8.0,8,0
Andre Roberts,LAC,PIT,11,2021,False,1,-1,-1.0,-1,0
Amari Rodgers,GB,TB,3,2022,True,2,21,10.5,14,0
Jaelon Darden,TB,GB,3,2022,False,3,26,8.7,16,0
Trent Taylor,CHI,MIN,12,2023,True,1,0,0.0,0,0
Brandon Powell,MIN,CHI,12,2023,False,1,15,15.0,15,0
Jalen Reagor,MIN,PHI,2,2022,True,2,5,2.5,4,0
Britain Covey,PHI,MIN,2,2022,False,3,14,4.7,8,0
Keisean Nixon,GB,DET,18,2022,False,4,38,9.5,16,0
Jalen Reagor,MIN,CHI,5,2022,False,1,0,0.0,0,0
Brandon Powell,MIN,ATL,9,2023,True,1,24,24.0,24,0
Dee Alford,ATL,MIN,9,2023,False,1,0,0.0,0,0
Braxton Berrios,NYJ,HOU,12,2021,True,1,17,17.0,17,0
Desmond King II,HOU,NYJ,12,2021,False,1,7,7.0,7,0
Brandon Powell,MIN,DEN,11,2023,True,3,27,9.0,12,0
Steven Sims,PIT,PHI,8,2022,True,1,10,10.0,10,0
Britain Covey,PHI,PIT,8,2022,False,1,5,5.0,5,0
DeVonta Smith,PHI,PIT,8,2022,False,1,3,3.0,3,0
Donovan Peoples-Jones,CLE,PIT,17,2021,True,4,29,7.3,9,0
Ray-Ray McCloud III,PIT,CLE,17,2021,False,5,44,8.8,15,0
Kyren Williams,LAR,CIN,3,2023,True,1,3,3.0,3,0
Charlie Jones,CIN,LAR,3,2023,False,4,45,11.3,19,0
Keelan Cole Sr.,LV,KC,5,2022,True,1,3,3.0,3,0
Skyy Moore,KC,LV,5,2022,False,1,7,7.0,7,0
Kearis Jackson,TEN,NO,1,2023,True,4,37,9.3,14,0
Rashid Shaheed,NO,TEN,1,2023,False,2,6,3.0,6,0
Nyheim Hines,IND,HOU,1,2022,True,5,34,6.8,11,0
James Proche II,CLE,BAL,10,2023,True,1,0,0.0,0,0
Devin Duvernay,BAL,CLE,10,2023,False,2,12,6.0,8,0
Ronnie Bell,SF,PHI,13,2023,True,2,3,1.5,3,0
Britain Covey,PHI,SF,13,2023,False,1,0,0.0,0,0
Mecole Hardman,KC,DEN,18,2021,True,1,5,5.0,5,0
CeeDee Lamb,DAL,TB,1,2021,True,1,12,12.0,12,0
Cedrick Wilson Jr.,DAL,TB,1,2021,True,1,2,2.0,2,0
Jaydon Mickens,TB,DAL,1,2021,False,2,21,10.5,14,0
Deven Thompkins,TB,BUF,8,2023,True,1,0,0.0,0,0
Deonte Harty,BUF,TB,8,2023,False,4,49,12.3,24,0
Isaiah McKenzie,IND,NE,10,2023,True,1,11,11.0,11,0
Austin Trammell,LAR,BAL,14,2023,True,3,9,3.0,5,0
Tylan Wallace,BAL,LAR,14,2023,False,3,95,31.7,76,1
Devin Duvernay,BAL,LAR,14,2023,False,1,14,14.0,14,0
DeAndre Carter,LAC,LAR,17,2022,False,3,26,8.7,11,0
Rashid Shaheed,NO,NE,5,2023,True,3,22,7.3,12,0
Jabrill Peppers,NE,NO,5,2023,False,2,1,0.5,1,0
Diontae Spencer,DEN,CLE,7,2021,True,2,16,8.0,13,0
Demetric Felton Jr.,CLE,DEN,7,2021,False,2,13,6.5,10,0
Kalif Raymond,DET,DEN,14,2021,True,1,-4,-4.0,-4,0
Diontae Spencer,DEN,DET,14,2021,False,2,13,6.5,11,0
Braxton Berrios,NYJ,MIA,15,2021,True,2,23,11.5,12,0
Tommylee Lewis,MIA,NYJ,15,2021,False,1,5,5.0,5,0
James Proche II,BAL,CIN,18,2022,True,1,8,8.0,8,0
Trent Taylor,CIN,BAL,18,2022,False,2,12,6.0,9,0
Jaelon Darden,CLE,PIT,18,2022,True,1,5,5.0,5,0
Steven Sims,PIT,CLE,18,2022,False,3,20,6.7,12,0
Keisean Nixon,GB,PIT,10,2023,True,1,12,12.0,12,0
Jayden Reed,GB,PIT,10,2023,True,1,0,0.0,0,0
Calvin Austin III,PIT,GB,10,2023,False,2,20,10.0,14,0
Brandon Powell,LAR,SEA,13,2022,False,2,8,4.0,8,0
Jamal Agnew,JAX,PIT,8,2023,True,3,34,11.3,13,0
Dax Milne,WSH,IND,8,2022,True,3,23,7.7,12,0
Keke Coutee,IND,WSH,8,2022,False,2,19,9.5,10,0
Cedrick Wilson Jr.,MIA,SF,13,2022,True,2,21,10.5,14,0
Ray-Ray McCloud III,SF,MIA,13,2022,False,2,34,17.0,20,0
Devin Duvernay,BAL,NYJ,1,2022,True,2,17,8.5,9,0
Braxton Berrios,NYJ,BAL,1,2022,False,2,30,15.0,17,0
Kalif Raymond,DET,DEN,15,2023,False,2,8,4.0,8,0
Austin Trammell,LAR,ARI,12,2023,True,2,22,11.0,11,0
Kalif Raymond,DET,CHI,4,2021,True,3,29,9.7,22,0
Nsimba Webster,CHI,DET,4,2021,False,1,6,6.0,6,0
Shi Smith,CAR,SEA,14,2022,True,2,16,8.0,11,0
Keith Taylor Jr.,CAR,SEA,14,2022,True,1,0,0.0,0,0
Jalen Reagor,PHI,DEN,10,2021,True,2,9,4.5,9,0
Diontae Spencer,DEN,PHI,10,2021,False,2,27,13.5,19,0
Nyheim Hines,IND,NYJ,9,2021,False,1,10,10.0,10,0
Ray-Ray McCloud III,PIT,KC,16,2021,True,1,20,20.0,20,0
Mecole Hardman,KC,PIT,16,2021,False,1,18,18.0,18,0
Jalen Reagor,PHI,NYJ,13,2021,True,1,20,20.0,20,0
Khalil Shakir,BUF,KC,6,2022,True,2,6,3.0,6,0
Mecole Hardman,KC,BUF,6,2022,False,1,10,10.0,10,0
Skyy Moore,KC,BUF,6,2022,False,1,6,6.0,6,0
Skyy Moore,KC,SF,7,2022,True,1,0,0.0,0,0
Kalif Raymond,DET,MIN,3,2022,True,2,23,11.5,12,0
Jalen Reagor,MIN,DET,3,2022,False,2,20,10.0,11,0
Trent Taylor,CIN,BAL,16,2021,False,2,16,8.0,10,0
Keke Coutee,IND,LV,10,2022,True,3,27,9.0,14,0
Keelan Cole Sr.,LV,IND,10,2022,False,2,17,8.5,9,0
Amani Hooker,TEN,BUF,2,2022,True,1,0,0.0,0,0
Kyle Philips,TEN,BUF,2,2022,True,1,0,0.0,0,0
Jamison Crowder,BUF,TEN,2,2022,False,4,41,10.3,16,0
Brandon Powell,LAR,LV,14,2022,False,1,0,0.0,0,0
Cedrick Wilson Jr.,MIA,CHI,9,2022,True,1,8,8.0,8,0
Dante Pettis,CHI,MIA,9,2022,False,1,2,2.0,2,0
Skyy Moore,KC,LAR,12,2022,False,1,0,0.0,0,0
Brandon Powell,LAR,SEA,18,2022,True,3,22,7.3,9,0
DeeJay Dallas,SEA,LAR,18,2022,False,2,24,12.0,20,0
Kalif Raymond,DET,NE,5,2022,True,2,16,8.0,10,0
Marcus Jones,NE,DET,5,2022,False,1,12,12.0,12,0
James Proche II,CLE,HOU,16,2023,True,2,18,9.0,12,0
Robert Woods,HOU,CLE,16,2023,False,2,15,7.5,12,0
Chester Rogers,CLE,PIT,3,2022,False,2,11,5.5,7,0
Desmond King II,HOU,DEN,2,2022,True,1,7,7.0,7,0
Montrell Washington,DEN,HOU,2,2022,False,4,59,14.8,19,0
Mike Hughes,ATL,TB,7,2023,True,1,9,9.0,9,0
Deven Thompkins,TB,ATL,7,2023,False,1,3,3.0,3,0
Freddie Swain,SEA,DET,17,2021,False,2,5,2.5,3,0
Gunner Olszewski,NE,MIA,18,2021,True,2,20,10.0,11,0
K.J. Osborn,MIN,CHI,15,2021,True,3,16,5.3,11,0
Jakeem Grant Sr.,CHI,MIN,15,2021,False,2,5,2.5,6,0
Damiere Byrd,CHI,MIN,15,2021,False,1,0,0.0,0,0
Avery Williams,ATL,DAL,10,2021,True,3,11,3.7,6,0
CeeDee Lamb,DAL,ATL,10,2021,False,2,19,9.5,16,0
Marcus Jones,NE,BUF,18,2022,True,3,25,8.3,13,0
Nyheim Hines,BUF,NE,18,2022,False,1,6,6.0,6,0
Taiwan Jones,BUF,NE,18,2022,False,1,0,0.0,0,0
Deonte Harty,BUF,WSH,3,2023,True,2,27,13.5,23,0
Chester Rogers,TEN,HOU,18,2021,True,4,23,5.8,10,0
Desmond King II,HOU,TEN,18,2021,False,3,24,8.0,13,0
Trenton Irwin,CIN,DET,6,2021,True,2,26,13.0,15,0
Darius Phillips,CIN,DET,6,2021,True,1,0,0.0,0,0
Kalif Raymond,DET,CIN,6,2021,False,3,25,8.3,14,0
Jaydon Mickens,TB,PHI,6,2021,True,3,21,7.0,12,0
Jalen Reagor,PHI,TB,6,2021,False,1,0,0.0,0,0
Amari Rodgers,GB,MIN,1,2022,True,1,12,12.0,12,0
Jalen Reagor,MIN,GB,1,2022,False,1,7,7.0,7,0
Ray-Ray McCloud III,SF,DEN,3,2022,True,5,40,8.0,18,0
Montrell Washington,DEN,SF,3,2022,False,1,9,9.0,9,0
Mason Kinsey,TEN,CLE,3,2023,True,1,13,13.0,13,0
Donovan Peoples-Jones,CLE,TEN,3,2023,False,2,11,5.5,13,0
Isaiah McKenzie,IND,CIN,14,2023,True,1,0,0.0,0,0
Charlie Jones,CIN,IND,14,2023,False,3,12,4.0,6,0
Jaydon Mickens,TB,NE,4,2021,True,2,12,6.0,12,0
Gunner Olszewski,NE,TB,4,2021,False,2,17,8.5,11,0
Nyheim Hines,IND,TEN,7,2022,True,3,47,15.7,24,0
Jalen Reagor,MIN,DET,14,2022,True,1,9,9.0,9,0
Kalif Raymond,DET,MIN,14,2022,False,2,48,24.0,35,0
Steven Sims,HOU,TEN,15,2023,True,2,33,16.5,18,0
Mason Kinsey,TEN,HOU,15,2023,False,4,17,4.3,6,0
Isaiah McKenzie,IND,CAR,9,2023,True,3,11,3.7,10,0
Ihmir Smith-Marsette,CAR,IND,9,2023,False,3,32,10.7,24,0
Kalif Raymond,DET,LAC,10,2023,True,1,12,12.0,12,0
Ray-Ray McCloud III,SF,JAX,10,2023,True,3,22,7.3,9,0
Ronnie Bell,SF,JAX,10,2023,True,1,8,8.0,8,0
Christian Kirk,JAX,SF,10,2023,False,1,15,15.0,15,0
Nyheim Hines,IND,BUF,11,2021,True,1,7,7.0,7,0
Byron Murphy Jr.,ARI,IND,16,2021,False,1,48,48.0,48,0
C.J. Board,TEN,GB,11,2022,True,2,12,6.0,9,0
Keisean Nixon,GB,TEN,11,2022,False,2,37,18.5,24,0
Randall Cobb,GB,TEN,11,2022,False,1,5,5.0,5,0
Greg Dortch,ARI,LAR,10,2022,True,3,40,13.3,17,0
Brandon Powell,LAR,ARI,10,2022,False,3,30,10.0,18,0
KaVontae Turpin,DAL,LAC,6,2023,True,1,15,15.0,15,0
Jalen Tolbert,DAL,LAC,6,2023,True,1,0,0.0,0,0
Derius Davis,LAC,DAL,6,2023,False,2,38,19.0,26,0
Tank Dell,HOU,CAR,8,2023,True,3,25,8.3,20,0
Ihmir Smith-Marsette,CAR,HOU,8,2023,False,3,12,4.0,5,0
Ray-Ray McCloud III,SF,ATL,6,2022,True,1,35,35.0,35,0
Avery Williams,ATL,SF,6,2022,False,2,48,24.0,29,0
Britain Covey,PHI,WSH,3,2022,True,5,34,6.8,12,0
DeVonta Smith,PHI,WSH,3,2022,True,1,12,12.0,12,0
Jalen Reagor,PHI,WSH,17,2021,True,1,7,7.0,7,0
Britain Covey,PHI,IND,11,2022,True,1,13,13.0,13,0
Keke Coutee,IND,PHI,11,2022,False,2,25,12.5,17,0
Brandon Aiyuk,SF,CIN,14,2021,True,2,4,2.0,4,0
Darius Phillips,CIN,SF,14,2021,False,4,20,5.0,12,0
Tyler Boyd,CIN,SF,14,2021,False,1,1,1.0,1,0
Britain Covey,PHI,CHI,15,2022,True,1,7,7.0,7,0
Dante Pettis,CHI,PHI,15,2022,False,2,24,12.0,20,0
Amari Rodgers,GB,DET,18,2021,True,1,23,23.0,23,0
DeAndre Carter,WSH,SEA,12,2021,False,2,8,4.0,8,0
Jamal Agnew,JAX,HOU,1,2021,True,2,1,0.5,1,0
Andre Roberts,HOU,JAX,1,2021,False,3,17,5.7,9,0
Dallis Flowers,IND,DAL,13,2022,True,1,4,4.0,4,0
Elijah Moore,CLE,SEA,8,2023,True,2,23,11.5,13,0
Donovan Peoples-Jones,CLE,SEA,8,2023,True,1,7,7.0,7,0
DeeJay Dallas,SEA,CLE,8,2023,False,2,15,7.5,11,0
Kalif Raymond,DET,SEA,2,2023,False,2,17,8.5,17,0
DeeJay Dallas,SEA,SF,14,2023,True,1,8,8.0,8,0
Ronnie Bell,SF,SEA,14,2023,False,3,27,9.0,16,0
Amari Rodgers,GB,CHI,6,2021,True,2,16,8.0,16,0
Jakeem Grant Sr.,CHI,GB,6,2021,False,2,11,5.5,11,0
Greg Dortch,ARI,LAR,6,2023,True,1,16,16.0,16,0
Austin Trammell,LAR,ARI,6,2023,False,3,30,10.0,29,0
DeAndre Carter,LV,IND,17,2023,True,1,3,3.0,3,0
Avery Williams,ATL,CIN,7,2022,True,2,64,32.0,56,0
Trent Taylor,CIN,ATL,7,2022,False,3,40,13.3,21,0
DeAndre Carter,WSH,DAL,16,2021,True,2,14,7.0,7,0
CeeDee Lamb,DAL,WSH,16,2021,False,1,21,21.0,21,0
Brandon Powell,MIN,CHI,6,2023,True,3,32,10.7,15,0
Trent Taylor,CHI,MIN,6,2023,False,1,12,12.0,12,0
Trenton Irwin,CIN,SF,8,2023,True,1,8,8.0,8,0
Gunner Olszewski,NE,CAR,9,2021,True,2,35,17.5,18,0
Jakobi Meyers,NE,CAR,9,2021,True,1,7,7.0,7,0
Alex Erickson,CAR,NE,9,2021,False,1,4,4.0,4,0
Britain Covey,PHI,NE,1,2023,True,2,30,15.0,25,0
Marcus Jones,NE,PHI,1,2023,False,3,21,7.0,21,0
Jamal Agnew,JAX,NO,7,2023,True,1,9,9.0,9,0
Tevaughn Campbell,JAX,NO,7,2023,True,1,0,0.0,0,0
Jaelon Darden,TB,IND,12,2021,True,2,3,1.5,4,0
Nyheim Hines,IND,TB,12,2021,False,3,22,7.3,13,0
Keke Coutee,IND,JAX,2,2022,True,3,19,6.3,11,0
Jamal Agnew,JAX,IND,2,2022,False,2,7,3.5,12,0
DJ Turner,LV,NO,8,2022,True,1,3,3.0,3,0
Rashid Shaheed,NO,LV,8,2022,False,2,15,7.5,10,0
Desmond King II,HOU,JAX,15,2021,True,3,31,10.3,16,0
Jaydon Mickens,JAX,HOU,15,2021,False,3,49,16.3,48,0
Brandon Powell,MIN,DET,16,2023,False,1,5,5.0,5,0
Montrell Washington,KC,MIN,5,2023,True,1,8,8.0,8,0
Brandon Powell,MIN,KC,5,2023,False,1,3,3.0,3,0
Alex Erickson,CAR,BUF,15,2021,True,1,16,16.0,16,0
Marquez Stevenson,BUF,CAR,15,2021,False,2,31,15.5,17,0
Demetric Felton Jr.,CLE,MIN,4,2021,True,5,25,5.0,9,0
Dede Westbrook,MIN,CLE,4,2021,False,2,11,5.5,11,0
Britain Covey,PHI,TB,3,2023,True,3,81,27.0,52,0
Trent Taylor,CHI,DET,11,2023,True,1,0,0.0,0,0
Mecole Hardman,KC,LAC,15,2021,True,1,8,8.0,8,0
Tutu Atwell,LAR,SEA,5,2021,True,1,11,11.0,11,0
Freddie Swain,SEA,LAR,5,2021,False,1,13,13.0,13,0
Skyy Moore,KC,IND,3,2022,True,2,12,6.0,12,0
Nyheim Hines,IND,KC,3,2022,False,1,10,10.0,10,0
Andre Roberts,LAC,PHI,9,2021,True,1,10,10.0,10,0
Rashid Shaheed,NO,CAR,2,2023,True,1,16,16.0,16,0
Ihmir Smith-Marsette,CAR,NO,2,2023,False,2,15,7.5,12,0
Amari Rodgers,GB,KC,9,2021,True,2,15,7.5,15,0
Malik Taylor,GB,KC,9,2021,True,1,0,0.0,0,0
Mecole Hardman,KC,GB,9,2021,False,2,3,1.5,3,0
Greg Ward,PHI,DET,8,2021,True,1,12,12.0,12,0
Kalif Raymond,DET,PHI,8,2021,False,1,11,11.0,11,0
Gunner Olszewski,PIT,CIN,1,2022,True,1,20,20.0,20,0
Trent Taylor,CIN,PIT,1,2022,False,5,31,6.2,10,0
Montrell Washington,DEN,TEN,10,2022,True,3,14,4.7,8,0
C.J. Board,TEN,DEN,10,2022,False,4,51,12.8,17,0
Diontae Spencer,DEN,NYJ,3,2021,False,2,16,8.0,11,0
Charlie Jones,CIN,JAX,13,2023,True,2,11,5.5,11,0
Parker Washington,JAX,CIN,13,2023,False,1,0,0.0,0,0
Trent Taylor,CIN,DAL,2,2022,True,1,20,20.0,20,0
KaVontae Turpin,DAL,CIN,2,2022,False,2,34,17.0,20,0
Trenton Irwin,CIN,BUF,9,2023,False,2,11,5.5,8,0
Nyheim Hines,IND,TEN,4,2022,False,2,20,10.0,14,0
Eric Gray,NYG,BUF,6,2023,True,2,4,2.0,4,0
Deonte Harty,BUF,NYG,6,2023,False,1,3,3.0,3,0
Donovan Peoples-Jones,CLE,IND,7,2023,True,3,22,7.3,9,0
Isaiah McKenzie,IND,CLE,7,2023,False,4,38,9.5,21,0
Ihmir Smith-Marsette,CAR,DET,5,2023,True,1,3,3.0,3,0
Charlie Jones,CIN,CLE,1,2023,True,3,24,8.0,15,0
Donovan Peoples-Jones,CLE,CIN,1,2023,False,3,15,5.0,6,0
Brandon Powell,LAR,BAL,17,2021,True,1,18,18.0,18,0
Gunner Olszewski,NYG,NO,15,2023,True,2,15,7.5,13,0
Rashid Shaheed,NO,NYG,15,2023,False,3,35,11.7,14,0
Dede Westbrook,MIN,SEA,3,2021,False,2,-1,-0.5,0,0
Amari Rodgers,GB,BUF,8,2022,True,1,3,3.0,3,0
Khalil Shakir,BUF,GB,8,2022,False,1,17,17.0,17,0
Isaiah Rodgers Sr.,IND,DEN,5,2022,True,2,13,6.5,13,0
Dallis Flowers,IND,DEN,5,2022,True,1,9,9.0,9,0
Montrell Washington,DEN,IND,5,2022,False,2,6,3.0,3,0
Robert Woods,TEN,WSH,5,2022,True,1,0,0.0,0,0
Dax Milne,WSH,TEN,5,2022,False,5,29,5.8,9,0
Desmond King II,HOU,ARI,7,2021,True,4,51,12.8,20,0
Rondale Moore,ARI,HOU,7,2021,False,2,27,13.5,14,0
Myles Bryant,NE,BUF,17,2023,True,1,2,2.0,2,0
Deonte Harty,BUF,NE,17,2023,False,2,18,9.0,11,0
Marquez Callaway,NO,SEA,7,2021,True,1,2,2.0,2,0
Freddie Swain,SEA,NO,7,2021,False,2,19,9.5,11,0
Xavier Gipson,NYJ,LV,10,2023,True,1,5,5.0,5,0
DeAndre Carter,LV,NYJ,10,2023,False,3,49,16.3,32,0
Amari Rodgers,GB,SEA,10,2021,False,4,29,7.3,16,0
KaVontae Turpin,DAL,GB,10,2022,True,2,11,5.5,11,0
Keisean Nixon,GB,DAL,10,2022,False,2,19,9.5,13,0
Amari Rodgers,GB,DAL,10,2022,False,2,13,6.5,11,0
Avery Williams,ATL,SF,15,2021,True,1,23,23.0,23,0
Brandon Aiyuk,SF,ATL,15,2021,False,2,8,4.0,10,0
Calvin Austin III,PIT,CIN,12,2023,True,3,2,0.7,5,0
Deven Thompkins,TB,SF,11,2023,True,2,64,32.0,51,0
Ray-Ray McCloud III,SF,TB,11,2023,False,1,2,2.0,2,0
James Proche II,BAL,ATL,16,2022,False,2,14,7.0,9,0
Ray-Ray McCloud III,PIT,CLE,8,2021,True,2,29,14.5,19,0
Demetric Felton Jr.,CLE,PIT,8,2021,False,2,1,0.5,1,0
Avery Williams,ATL,CHI,11,2022,False,3,31,10.3,13,0
Jamison Crowder,WSH,SEA,10,2023,True,2,9,4.5,8,0
DeeJay Dallas,SEA,WSH,10,2023,False,2,14,7.0,9,0
Deonte Harty,BUF,NE,7,2023,True,1,7,7.0,7,0
DeMario Douglas,NE,BUF,7,2023,False,1,25,25.0,25,0
Montrell Washington,KC,CHI,3,2023,False,3,33,11.0,23,0
Kalif Raymond,DET,NYJ,15,2022,True,1,47,47.0,47,1
Braxton Berrios,NYJ,DET,15,2022,False,1,6,6.0,6,0
Jalen Reagor,PHI,ATL,1,2021,True,4,19,4.8,11,0
Avery Williams,ATL,PHI,1,2021,False,2,11,5.5,7,0
Cedrick Wilson Jr.,MIA,DET,8,2022,True,2,24,12.0,13,0
Kalif Raymond,DET,MIA,8,2022,False,1,4,4.0,4,0
Ronnie Bell,SF,ARI,15,2023,True,1,4,4.0,4,0
Greg Dortch,ARI,SF,15,2023,False,1,0,0.0,0,0
Dee Alford,ATL,NYJ,13,2023,True,4,35,8.8,13,0
Xavier Gipson,NYJ,ATL,13,2023,False,4,45,11.3,17,0
DeAndre Carter,LAC,HOU,4,2022,True,2,24,12.0,12,0
Desmond King II,HOU,LAC,4,2022,False,2,8,4.0,4,0
Greg Dortch,ARI,PHI,17,2023,True,2,29,14.5,15,0
Devin Duvernay,BAL,LAC,6,2021,False,3,44,14.7,17,0
Alex Erickson,CAR,WSH,11,2021,False,1,10,10.0,10,0
Olamide Zaccheaus,ATL,MIA,7,2021,True,1,17,17.0,17,0
Jevon Holland,MIA,ATL,7,2021,False,2,16,8.0,16,0
Marcus Jones,NE,GB,4,2022,True,2,49,24.5,29,0
Amari Rodgers,GB,NE,4,2022,False,2,11,5.5,7,0
Randall Cobb,GB,MIA,16,2022,True,1,2,2.0,2,0
Derius Davis,LAC,LV,15,2023,True,3,44,14.7,38,0
DeAndre Carter,LV,LAC,15,2023,False,2,24,12.0,13,0
Braxton Berrios,NYJ,NE,2,2021,False,1,6,6.0,6,0
Brandon Powell,LAR,MIN,16,2021,True,2,75,37.5,61,1
Ihmir Smith-Marsette,CAR,TB,18,2023,False,3,51,17.0,29,0
Kalif Raymond,DET,PIT,10,2021,True,3,71,23.7,48,0
Ray-Ray McCloud III,PIT,DET,10,2021,False,6,54,9.0,13,0
Jakeem Grant Sr.,MIA,NE,1,2021,True,1,18,18.0,18,0
Gunner Olszewski,NE,MIA,1,2021,False,3,20,6.7,14,0
Alex Erickson,CAR,NYG,7,2021,True,2,14,7.0,10,0
Jabrill Peppers,NYG,CAR,7,2021,False,4,12,3.0,6,0
Dante Pettis,NYG,CAR,7,2021,False,1,0,0.0,0,0
Pharoh Cooper,NYG,PHI,16,2021,True,2,16,8.0,13,0
Jalen Reagor,PHI,NYG,16,2021,False,4,50,12.5,39,0
Deven Thompkins,TB,ARI,16,2022,True,1,14,14.0,14,0
Pharoh Cooper,ARI,TB,16,2022,False,5,71,14.2,28,0
Marvin Mims Jr.,DEN,LV,18,2023,True,3,33,11.0,15,0
DeAndre Carter,LV,DEN,18,2023,False,1,4,4.0,4,0
Diontae Spencer,DEN,LAC,12,2021,False,2,13,6.5,8,0
Austin Trammell,LAR,DAL,8,2023,True,1,-5,-5.0,-5,0
KaVontae Turpin,DAL,LAR,8,2023,False,2,0,0.0,0,0
Dede Westbrook,MIN,CAR,6,2021,True,3,7,2.3,7,0
Alex Erickson,CAR,MIN,6,2021,False,2,5,2.5,4,0
DeAndre Carter,LAC,ARI,12,2022,True,2,25,12.5,20,0
Pharoh Cooper,ARI,LAC,12,2022,False,1,15,15.0,15,0
Greg Dortch,ARI,SEA,6,2022,True,3,15,5.0,7,0
DeeJay Dallas,SEA,ARI,6,2022,False,1,8,8.0,8,0
Ray-Ray McCloud III,SF,SEA,12,2023,True,3,10,3.3,4,0
DeeJay Dallas,SEA,SF,12,2023,False,1,0,0.0,0,0
Amari Rodgers,GB,ARI,8,2021,True,2,12,6.0,7,0
Rondale Moore,ARI,GB,8,2021,False,3,14,4.7,14,0
Deven Thompkins,TB,SF,14,2022,True,2,21,10.5,11,0
Ray-Ray McCloud III,SF,TB,14,2022,False,3,43,14.3,15,0
Bijan Robinson,ATL,ARI,10,2023,True,1,8,8.0,8,0
Greg Dortch,ARI,ATL,10,2023,False,2,56,28.0,49,0
Mecole Hardman,KC,CIN,17,2021,True,1,29,29.0,29,0
Demarcus Robinson,KC,CIN,17,2021,True,1,3,3.0,3,0
Trent Taylor,CIN,KC,17,2021,False,1,3,3.0,3,0
Justin Watson,KC,DEN,14,2022,True,4,22,5.5,7,0
Montrell Washington,DEN,KC,14,2022,False,1,21,21.0,21,0
Parker Washington,JAX,TEN,18,2023,True,2,19,9.5,14,0
Nyheim Hines,IND,SF,7,2021,True,1,5,5.0,5,0
Mohamed Sanu,SF,IND,7,2021,False,1,13,13.0,13,0
Brandon Aiyuk,SF,IND,7,2021,False,2,8,4.0,8,0
Jakeem Grant Sr.,CHI,DET,12,2021,True,4,39,9.8,22,0
Kalif Raymond,DET,CHI,12,2021,False,1,9,9.0,9,0
Jerry Jacobs,DET,CHI,12,2021,False,1,0,0.0,0,0
KaVontae Turpin,DAL,PHI,6,2022,True,3,36,12.0,15,0
Britain Covey,PHI,DAL,6,2022,False,1,14,14.0,14,0
Britain Covey,PHI,DAL,14,2023,True,1,18,18.0,18,0
DeAndre Carter,LAC,KC,2,2022,True,2,17,8.5,12,0
Skyy Moore,KC,LAC,2,2022,False,2,6,3.0,6,0
Montrell Washington,KC,NYJ,4,2023,True,1,10,10.0,10,0
Xavier Gipson,NYJ,KC,4,2023,False,1,11,11.0,11,0
Jamison Crowder,WSH,ATL,6,2023,True,1,61,61.0,61,0
Mike Hughes,ATL,WSH,6,2023,False,3,11,3.7,8,0
Isaiah McKenzie,IND,TEN,13,2023,True,3,25,8.3,15,0
Eric Garror,TEN,IND,13,2023,False,4,36,9.0,15,0
Diontae Spencer,DEN,JAX,2,2021,True,2,29,14.5,25,0
Jamal Agnew,JAX,DEN,2,2021,False,1,2,2.0,2,0
Randall Cobb,GB,CHI,13,2022,True,1,15,15.0,15,0
Dante Pettis,CHI,GB,13,2022,False,1,18,18.0,18,0
James Proche II,CLE,DEN,12,2023,True,1,9,9.0,9,0
Marvin Mims Jr.,DEN,CLE,12,2023,False,1,2,2.0,2,0
Greg Dortch,ARI,CHI,16,2023,True,1,4,4.0,4,0
Trent Taylor,CHI,ARI,16,2023,False,1,11,11.0,11,0
Greg Dortch,ARI,DEN,15,2022,True,2,11,5.5,8,0
Montrell Washington,DEN,ARI,15,2022,False,4,23,5.8,8,0
KaVontae Turpin,DAL,JAX,15,2022,True,1,16,16.0,16,0
Jamal Agnew,JAX,DAL,15,2022,False,1,13,13.0,13,0
DeAndre Carter,LAC,MIA,14,2022,False,2,23,11.5,23,0
Jaelon Darden,TB,CAR,7,2022,True,4,46,11.5,20,0
Shi Smith,CAR,TB,7,2022,False,1,0,0.0,0,0
Desmond King II,HOU,NYG,10,2022,True,3,17,5.7,13,0
Adoree' Jackson,NYG,HOU,10,2022,False,2,2,1.0,2,0
Richie James,KC,NE,15,2023,True,2,33,16.5,18,0
Myles Bryant,NE,KC,15,2023,False,2,19,9.5,13,0
Donovan Peoples-Jones,CLE,ATL,4,2022,True,2,7,3.5,6,0
Avery Williams,ATL,CLE,4,2022,False,1,18,18.0,18,0
Amari Rodgers,GB,CIN,5,2021,True,2,9,4.5,8,0
Darius Phillips,CIN,GB,5,2021,False,1,2,2.0,2,0
Isaiah McKenzie,IND,BAL,3,2023,True,2,48,24.0,32,0
Devin Duvernay,BAL,IND,3,2023,False,4,45,11.3,31,0
Marquez Stevenson,BUF,NE,16,2021,True,3,34,11.3,15,0
Kalif Raymond,DET,NO,13,2023,True,2,13,6.5,11,0
Lynn Bowden Jr.,NO,DET,13,2023,False,5,30,6.0,16,0
Chester Rogers,TEN,JAX,14,2021,False,3,13,4.3,10,0
C.J. Board,NYG,NO,4,2021,True,1,26,26.0,26,0
Deonte Harty,NO,NYG,4,2021,False,1,9,9.0,9,0
Ray-Ray McCloud III,PIT,MIN,14,2021,True,1,8,8.0,8,0
Dede Westbrook,MIN,PIT,14,2021,False,3,31,10.3,16,0
Steven Sims,PIT,CAR,15,2022,True,1,5,5.0,5,0
Jaelon Darden,TB,CAR,18,2021,False,1,4,4.0,4,0
Deonte Harty,BUF,KC,14,2023,True,2,17,8.5,9,0
Richie James,KC,BUF,14,2023,False,3,49,16.3,25,0
Greg Dortch,ARI,PIT,13,2023,True,3,24,8.0,10,0
Calvin Austin III,PIT,ARI,13,2023,False,1,11,11.0,11,0
Dante Pettis,CHI,DET,17,2022,True,1,10,10.0,10,0
Kalif Raymond,DET,CHI,17,2022,False,3,16,5.3,10,0
Calvin Austin III,PIT,BAL,18,2023,True,5,92,18.4,34,0
Mike Hughes,ATL,TEN,8,2023,True,1,6,6.0,6,0
Eric Garror,TEN,ATL,8,2023,False,5,32,6.4,15,0
Kenjon Barner,TB,NYJ,17,2021,True,1,3,3.0,3,0
Josh Downs,IND,PIT,15,2023,False,3,38,12.7,14,0
Jakeem Grant Sr.,CHI,GB,14,2021,True,3,131,43.7,97,1
Amari Rodgers,GB,CHI,14,2021,False,2,28,14.0,15,0
Desmond King II,HOU,TEN,11,2021,True,1,10,10.0,10,0
Chester Rogers,TEN,HOU,11,2021,False,4,20,5.0,16,0
Keisean Nixon,GB,KC,13,2023,False,1,1,1.0,1,0
Jaelon Darden,CLE,WSH,17,2022,True,1,10,10.0,10,0
Dax Milne,WSH,CLE,17,2022,False,1,15,15.0,15,0
Britain Covey,PHI,DET,1,2022,True,2,13,6.5,11,0
Kalif Raymond,DET,PHI,1,2022,False,3,15,5.0,12,0
Ray-Ray McCloud III,PIT,CHI,9,2021,False,4,28,7.0,14,0
Jamal Agnew,JAX,KC,10,2022,True,1,19,19.0,19,0
Kadarius Toney,KC,JAX,10,2022,False,2,11,5.5,7,0
Dax Milne,WSH,SF,16,2022,True,1,4,4.0,4,0
Ray-Ray McCloud III,SF,WSH,16,2022,False,2,12,6.0,13,0
Braxton Berrios,NYJ,GB,6,2022,True,3,34,11.3,19,0
Amari Rodgers,GB,NYJ,6,2022,False,5,22,4.4,8,0
DeAndre Carter,LV,KC,16,2023,True,1,0,0.0,0,0
Richie James,KC,LV,16,2023,False,3,23,7.7,13,0
Trent Taylor,CIN,CLE,18,2021,True,1,11,11.0,11,0
Donovan Peoples-Jones,CLE,CIN,18,2021,False,4,20,5.0,8,0
Ray-Ray McCloud III,SF,LAR,2,2023,True,1,13,13.0,13,0
Kyren Williams,LAR,SF,2,2023,False,1,11,11.0,11,0
Myles Bryant,NE,DEN,16,2023,True,5,28,5.6,8,0
Marvin Mims Jr.,DEN,NE,16,2023,False,3,59,19.7,52,0
Kalif Raymond,DET,LV,8,2023,False,2,18,9.0,9,0
Braxton Berrios,NYJ,SEA,17,2022,True,2,8,4.0,5,0
DeeJay Dallas,SEA,NYJ,17,2022,False,2,8,4.0,8,0
Braxton Berrios,MIA,NYJ,15,2023,False,4,53,13.3,19,0
Chester Rogers,TEN,SEA,2,2021,True,3,32,10.7,13,0
Steven Sims,PIT,ATL,13,2022,True,2,1,0.5,1,0
Hunter Renfrow,LV,PIT,16,2022,True,1,13,13.0,13,0
Steven Sims,PIT,LV,16,2022,False,1,9,9.0,9,0
DeAndre Carter,LV,LAC,4,2023,True,1,1,1.0,1,0
Derius Davis,LAC,LV,4,2023,False,3,18,6.0,12,0
Montrell Washington,DEN,NYJ,7,2022,False,1,2,2.0,2,0
Marcus Jones,NE,MIN,12,2022,True,2,11,5.5,10,0
Jalen Reagor,MIN,NE,12,2022,False,1,11,11.0,11,0
Deonte Harty,NO,ATL,9,2021,False,3,50,16.7,26,0
Parker Washington,JAX,HOU,12,2023,True,1,22,22.0,22,0
Gunner Olszewski,NE,NYJ,7,2021,False,2,30,15.0,17,0
David Moore,GB,MIN,17,2021,False,3,33,11.0,21,0
Brandon Powell,LAR,NO,11,2022,True,2,9,4.5,14,0
Jalen Ramsey,LAR,NO,11,2022,True,0,5,0.0,5,0
Rashid Shaheed,NO,LAR,11,2022,False,4,40,10.0,17,0
Dante Pettis,CHI,DAL,8,2022,True,1,9,9.0,9,0
KaVontae Turpin,DAL,CHI,8,2022,False,2,15,7.5,13,0
Brandon Powell,MIN,PHI,2,2023,True,2,19,9.5,20,0
Britain Covey,PHI,MIN,2,2023,False,1,2,2.0,2,0
Derius Davis,LAC,NE,13,2023,True,3,55,18.3,34,0
Myles Bryant,NE,LAC,13,2023,False,2,0,0.0,5,0
Ihmir Smith-Marsette,CAR,TEN,12,2023,True,2,9,4.5,6,0
Eric Garror,TEN,CAR,12,2023,False,2,16,8.0,11,0
Jayden Reed,GB,NYG,14,2023,True,2,7,3.5,7,0
Keisean Nixon,GB,NYG,14,2023,True,1,0,0.0,0,0
Bobby McCain,NYG,GB,14,2023,False,1,0,0.0,0,0
Britain Covey,PHI,NYG,18,2022,False,2,30,15.0,16,0
Desmond King II,HOU,TEN,16,2022,True,5,41,8.2,15,0
Robert Woods,TEN,HOU,16,2022,False,2,16,8.0,10,0
Braxton Berrios,MIA,NE,8,2023,False,2,17,8.5,12,0
Brandon Powell,LAR,TB,9,2022,True,2,12,6.0,12,0
Jaelon Darden,TB,LAR,9,2022,False,8,82,10.3,17,0
Keke Coutee,IND,NE,9,2022,True,4,30,7.5,12,0
Marcus Jones,NE,IND,9,2022,False,3,34,11.3,23,0
Ihmir Smith-Marsette,CAR,DAL,11,2023,False,1,14,14.0,14,0
Devin Duvernay,BAL,NE,3,2022,True,2,55,27.5,43,0
Myles Bryant,NE,BAL,3,2022,False,2,13,6.5,13,0
Marvin Mims Jr.,DEN,LAC,14,2023,True,2,25,12.5,13,0
Darius Phillips,CIN,LV,11,2021,True,2,10,5.0,10,0
Hunter Renfrow,LV,CIN,11,2021,False,2,23,11.5,12,0
Dax Milne,WSH,DAL,4,2022,True,2,8,4.0,8,0
KaVontae Turpin,DAL,WSH,4,2022,False,1,-3,-3.0,-3,0
Chester Rogers,TEN,LAR,9,2021,True,1,11,11.0,11,0
J.J. Koski,LAR,TEN,9,2021,False,1,7,7.0,7,0
Brandon Aiyuk,SF,JAX,11,2021,True,1,1,1.0,1,0
Tavon Austin,JAX,SF,11,2021,False,1,0,0.0,0,0
Tylan Wallace,BAL,SF,16,2023,True,1,23,23.0,23,0
Ronnie Bell,SF,BAL,16,2023,False,1,11,11.0,11,0
Dede Westbrook,MIN,CIN,1,2021,True,1,12,12.0,12,0
Darius Phillips,CIN,MIN,1,2021,False,5,53,10.6,15,0
Jalen Reagor,MIN,BUF,10,2022,True,2,12,6.0,10,0
Nyheim Hines,BUF,MIN,10,2022,False,3,25,8.3,13,0
Brandon Aiyuk,SF,TEN,16,2021,True,1,12,12.0,12,0
Freddie Swain,SEA,PIT,6,2021,True,2,17,8.5,14,0
Tyler Lockett,SEA,PIT,6,2021,True,1,3,3.0,3,0
Ray-Ray McCloud III,PIT,SEA,6,2021,False,4,29,7.3,14,0
Trenton Irwin,CIN,TEN,4,2023,True,1,2,2.0,2,0
Mason Kinsey,TEN,CIN,4,2023,False,3,37,12.3,21,0
Andre Roberts,LAC,CIN,13,2021,True,2,18,9.0,15,0
Trenton Irwin,CIN,LAC,13,2021,False,1,5,5.0,5,0
Rashid Shaheed,NO,TB,13,2022,True,2,59,29.5,42,0
Jaelon Darden,TB,NO,13,2022,False,2,20,10.0,15,0
Jaelon Darden,TB,CLE,12,2022,True,2,24,12.0,17,0
Donovan Peoples-Jones,CLE,TB,12,2022,False,5,75,15.0,29,0
Brandon Powell,MIN,CIN,15,2023,True,4,22,5.5,10,0
Charlie Jones,CIN,MIN,15,2023,False,2,18,9.0,10,0
Andrei Iosivas,CIN,MIN,15,2023,False,1,0,0.0,0,0
Britain Covey,PHI,WSH,8,2023,True,1,25,25.0,25,0
Jamison Crowder,WSH,PHI,8,2023,False,1,11,11.0,11,0
KaVontae Turpin,DAL,MIA,16,2023,True,1,2,2.0,2,0
Braxton Berrios,MIA,DAL,16,2023,False,2,32,16.0,16,0
Britain Covey,PHI,NYJ,6,2023,True,3,9,3.0,9,0
Trent Taylor,CHI,LAC,8,2023,True,1,14,14.0,14,0
Derius Davis,LAC,CHI,8,2023,False,1,6,6.0,6,0
Jalen Reagor,PHI,DAL,3,2021,True,3,-2,-0.7,5,0
CeeDee Lamb,DAL,PHI,3,2021,False,1,8,8.0,8,0
Cedrick Wilson Jr.,DAL,PHI,3,2021,False,1,5,5.0,5,0
Myles Bryant,NE,PIT,2,2022,True,3,21,7.0,16,0
Gunner Olszewski,PIT,NE,2,2022,False,1,0,0.0,0,0
Richie James,NYG,MIN,16,2022,True,2,8,4.0,4,0
Jalen Reagor,MIN,NYG,16,2022,False,1,7,7.0,7,0
Greg Dortch,ARI,CLE,9,2023,True,4,48,12.0,23,0
James Proche II,CLE,ARI,9,2023,False,6,55,9.2,17,0
Jamison Crowder,WSH,DEN,2,2023,True,2,9,4.5,6,0
Marvin Mims Jr.,DEN,WSH,2,2023,False,1,45,45.0,45,0
Jason Pinnock,NYG,GB,5,2022,True,1,0,0.0,0,0
Amari Rodgers,GB,NYG,5,2022,False,1,11,11.0,11,0
Brandon Powell,MIN,GB,8,2023,True,3,34,11.3,16,0
Keisean Nixon,GB,MIN,8,2023,False,1,6,6.0,6,0
Desmond King II,HOU,IND,18,2022,True,1,16,16.0,16,0
Keke Coutee,IND,HOU,18,2022,False,2,13,6.5,13,0
Calvin Austin III,PIT,LAR,7,2023,True,3,14,4.7,6,0
Hunter Renfrow,LV,IND,17,2021,True,3,64,21.3,41,0
Trent Taylor,CIN,KC,13,2022,False,1,10,10.0,10,0
Ray-Ray McCloud III,SF,CAR,5,2022,True,2,8,4.0,7,0
Donovan Peoples-Jones,CLE,CIN,14,2022,True,3,15,5.0,8,0
Trent Taylor,CIN,CLE,14,2022,False,3,14,4.7,7,0
Eric Garror,TEN,MIA,14,2023,True,4,30,7.5,14,0
Rondale Moore,ARI,SEA,11,2021,True,2,20,10.0,12,0
Freddie Swain,SEA,ARI,11,2021,False,2,9,4.5,6,0
KaVontae Turpin,DAL,TEN,17,2022,True,3,29,9.7,13,0
Jarvis Landry,NO,CAR,3,2022,True,2,17,8.5,14,0
Shi Smith,CAR,NO,3,2022,False,3,22,7.3,12,0
Devin Duvernay,BAL,LV,1,2021,True,4,67,16.8,30,0
Hunter Renfrow,LV,BAL,1,2021,False,2,10,5.0,7,0
Calvin Austin III,PIT,LV,3,2023,True,2,5,2.5,5,0
DeAndre Carter,LV,PIT,3,2023,False,5,44,8.8,16,0
Jakeem Grant Sr.,CHI,LV,5,2021,True,2,38,19.0,21,0
Hunter Renfrow,LV,CHI,5,2021,False,1,9,9.0,9,0
Marcus Jones,NE,NYJ,8,2022,True,2,32,16.0,32,0
Deonte Harty,NO,NE,3,2021,True,1,25,25.0,25,0
Gunner Olszewski,NE,NO,3,2021,False,3,30,10.0,18,0
Kalif Raymond,DET,CLE,11,2021,True,1,17,17.0,17,0
Demetric Felton Jr.,CLE,DET,11,2021,False,3,12,4.0,12,0
Brandon Powell,LAR,ARI,3,2022,True,3,43,14.3,22,0
Jake Gervase,LAR,ARI,3,2022,True,1,1,1.0,1,0
Greg Dortch,ARI,LAR,3,2022,False,3,12,4.0,10,0
Braxton Berrios,NYJ,CLE,2,2022,True,1,16,16.0,16,0
Demetric Felton Jr.,CLE,NYJ,2,2022,False,2,13,6.5,13,0
DeAndre Carter,LAC,CLE,5,2022,True,1,12,12.0,12,0
Dee Alford,ATL,CAR,15,2023,True,2,9,4.5,8,0
Ihmir Smith-Marsette,CAR,ATL,15,2023,False,1,0,0.0,0,0
Ihmir Smith-Marsette,CAR,CHI,10,2023,True,3,79,26.3,79,1
Trent Taylor,CHI,CAR,10,2023,False,2,12,6.0,7,0
Dazz Newsome,CHI,SEA,16,2021,True,2,28,14.0,28,0
Freddie Swain,SEA,CHI,16,2021,False,1,15,15.0,15,0
Amari Rodgers,GB,CHI,2,2022,False,3,20,6.7,20,0
Devin Duvernay,BAL,DEN,4,2021,True,3,64,21.3,42,0
Diontae Spencer,DEN,BAL,4,2021,False,2,13,6.5,8,0
Kendall Hinton,DEN,BAL,4,2021,False,1,9,9.0,9,0
Deven Thompkins,TB,CIN,15,2022,False,2,14,7.0,9,0
Tylan Wallace,BAL,JAX,15,2023,True,1,3,3.0,3,0
Jamal Agnew,JAX,BAL,15,2023,False,1,17,17.0,17,0
Jamison Crowder,WSH,PHI,4,2023,True,1,14,14.0,14,0
Britain Covey,PHI,WSH,4,2023,False,3,38,12.7,20,0
Desmond King II,HOU,IND,18,2023,True,3,42,14.0,15,0
Josh Downs,IND,HOU,18,2023,False,3,25,8.3,10,0
KJ Hill Jr.,LAC,WSH,1,2021,True,1,3,3.0,3,0
DeAndre Carter,WSH,LAC,1,2021,False,2,22,11.0,14,0
Kalif Raymond,DET,ATL,16,2021,True,1,19,19.0,19,0
Avery Williams,ATL,DET,16,2021,False,1,13,13.0,13,0
Deonte Harty,BUF,NYJ,1,2023,True,1,4,4.0,4,0
Xavier Gipson,NYJ,BUF,1,2023,False,2,66,33.0,65,1
Greg Dortch,ARI,HOU,11,2023,True,1,3,3.0,3,0
Antonio Hamilton Sr.,ARI,HOU,11,2023,True,1,0,0.0,0,0
Steven Sims,HOU,ARI,11,2023,False,2,16,8.0,8,0
JoJo Natson,CLE,BAL,14,2021,False,3,15,5.0,8,0
Demetric Felton Jr.,CLE,BAL,14,2021,False,2,0,0.0,0,0
Devin Duvernay,BAL,NYG,6,2022,True,1,12,12.0,12,0
Richie James,NYG,BAL,6,2022,False,1,8,8.0,8,0
Jevon Holland,MIA,CAR,12,2021,False,2,19,9.5,12,0
Jaylen Waddle,MIA,CAR,12,2021,False,1,7,7.0,7,0
Kalif Raymond,DET,GB,2,2021,True,1,10,10.0,10,0
Amari Rodgers,GB,DET,2,2021,False,1,2,2.0,2,0
Derius Davis,LAC,GB,11,2023,True,1,6,6.0,6,0
Jayden Reed,GB,LAC,11,2023,False,1,7,7.0,7,0
Keisean Nixon,GB,LAC,11,2023,False,2,2,1.0,1,0
Tyler Lockett,SEA,DET,4,2022,True,1,7,7.0,7,0
Nsimba Webster,CHI,CLE,3,2021,True,2,4,2.0,4,0
Demetric Felton Jr.,CLE,CHI,3,2021,False,7,103,14.7,24,0
Greg Dortch,ARI,LV,2,2022,True,2,21,10.5,18,0
Nyheim Hines,BUF,NYJ,9,2022,True,1,18,18.0,18,0
James Proche II,CLE,CIN,18,2023,True,1,6,6.0,6,0
Charlie Jones,CIN,CLE,18,2023,False,3,27,9.0,15,0
Nyheim Hines,BUF,NE,13,2022,True,2,4,2.0,4,0
Marcus Jones,NE,BUF,13,2022,False,1,0,0.0,0,0
Jevon Holland,MIA,BUF,8,2021,True,3,12,4.0,8,0
Isaiah McKenzie,BUF,MIA,8,2021,False,2,25,12.5,16,0
Diontae Spencer,DEN,DAL,9,2021,True,1,1,1.0,1,0
Cedrick Wilson Jr.,DAL,DEN,9,2021,False,1,0,0.0,0,0
Nahshon Wright,DAL,DEN,9,2021,False,1,0,0.0,0,0
Alex Erickson,CAR,HOU,3,2021,True,2,17,8.5,12,0
Andre Roberts,HOU,CAR,3,2021,False,1,-4,-4.0,-4,0
Braxton Berrios,MIA,NE,2,2023,True,2,27,13.5,18,0
DeMario Douglas,NE,MIA,2,2023,False,2,12,6.0,12,0
Isaiah McKenzie,IND,TB,12,2023,False,1,13,13.0,13,0
Tutu Atwell,LAR,IND,2,2021,True,1,0,0.0,0,0
Donovan Peoples-Jones,CLE,BAL,7,2022,True,2,14,7.0,8,0
Devin Duvernay,BAL,CLE,7,2022,False,1,46,46.0,46,0
Christian Kirk,JAX,ATL,4,2023,False,1,12,12.0,12,0
Parker Washington,JAX,ATL,4,2023,False,1,5,5.0,5,0
Jamison Crowder,WSH,DAL,12,2023,True,2,9,4.5,9,0
KaVontae Turpin,DAL,WSH,12,2023,False,1,5,5.0,5,0
Dante Pettis,CHI,DET,10,2022,False,3,44,14.7,18,0
Mecole Hardman,KC,BAL,2,2021,True,1,13,13.0,13,0
Devin Duvernay,BAL,KC,2,2021,False,1,16,16.0,16,0
Travis Benjamin,SF,LAR,18,2021,True,1,14,14.0,14,0
Brandon Powell,LAR,SF,18,2021,False,2,40,20.0,31,0
Dee Alford,ATL,NO,18,2023,True,2,12,6.0,11,0
Rashid Shaheed,NO,ATL,18,2023,False,2,18,9.0,9,0
Jaelon Darden,TB,DAL,1,2022,True,3,28,9.3,10,0
KaVontae Turpin,DAL,TB,1,2022,False,1,3,3.0,3,0
Deven Thompkins,TB,CHI,2,2023,False,2,7,3.5,6,0
Andre Roberts,HOU,IND,6,2021,True,1,3,3.0,3,0
Nyheim Hines,IND,HOU,6,2021,False,2,8,4.0,6,0
Keisean Nixon,GB,DEN,7,2023,True,2,17,8.5,15,0
Marvin Mims Jr.,DEN,GB,7,2023,False,1,11,11.0,11,0
Hunter Renfrow,LV,KC,14,2021,True,1,6,6.0,6,0
Mecole Hardman,KC,LV,14,2021,False,1,11,11.0,11,0
Rashid Shaheed,NO,BAL,9,2022,False,1,8,8.0,8,0
Andre Roberts,LAC,LV,18,2021,True,2,4,2.0,4,0
Hunter Renfrow,LV,LAC,18,2021,False,3,32,10.7,13,0
Gunner Olszewski,NYG,LAR,17,2023,False,4,108,27.0,94,1
Mike Hughes,KC,LV,10,2021,True,2,46,23.0,37,0
Andre Roberts,HOU,CLE,2,2021,True,1,0,0.0,0,0
Demetric Felton Jr.,CLE,HOU,2,2021,False,3,22,7.3,15,0
Jamison Crowder,WSH,NE,9,2023,True,5,31,6.2,14,0
DeMario Douglas,NE,WSH,9,2023,False,2,-2,-1.0,0,0
Pharoh Cooper,ARI,SF,18,2022,True,2,17,8.5,10,0
Ray-Ray McCloud III,SF,ARI,18,2022,False,2,22,11.0,14,0
Isaiah McKenzie,BUF,TEN,6,2021,True,2,6,3.0,6,0
Chester Rogers,TEN,BUF,6,2021,False,1,0,0.0,0,0
Jevon Holland,MIA,NO,16,2021,True,1,10,10.0,10,0
Tommylee Lewis,MIA,NO,16,2021,True,2,-1,-0.5,0,0
Easop Winston Jr.,NO,MIA,16,2021,False,3,27,9.0,17,0
Tylan Wallace,BAL,MIA,17,2023,False,1,6,6.0,6,0
Darius Phillips,CIN,PIT,3,2021,True,2,9,4.5,16,0
Ray-Ray McCloud III,PIT,CIN,3,2021,False,1,14,14.0,14,0
Brandon Powell,LAR,GB,15,2022,True,1,8,8.0,8,0
Keisean Nixon,GB,LAR,15,2022,False,2,36,18.0,19,0
Braxton Berrios,NYJ,NE,11,2022,True,2,9,4.5,9,0
Marcus Jones,NE,NYJ,11,2022,False,4,109,27.3,84,1
Myles Bryant,NE,NYJ,11,2022,False,1,0,0.0,0,0
Easop Winston Jr.,NO,NYJ,14,2021,True,4,54,13.5,18,0
Braxton Berrios,NYJ,NO,14,2021,False,3,44,14.7,28,0
KaVontae Turpin,DAL,PHI,9,2023,True,2,23,11.5,12,0
Britain Covey,PHI,DAL,9,2023,False,1,4,4.0,4,0
Amari Rodgers,GB,NO,1,2021,True,1,17,17.0,17,0
Deonte Harty,NO,GB,1,2021,False,1,13,13.0,13,0
Ray-Ray McCloud III,PIT,BUF,1,2021,True,1,5,5.0,5,0
Isaiah McKenzie,BUF,PIT,1,2021,False,1,1,1.0,1,0
Brandon Aiyuk,SF,ARI,5,2021,True,2,6,3.0,5,0
Rondale Moore,ARI,SF,5,2021,False,1,12,12.0,12,0
Gunner Olszewski,NE,LAC,8,2021,True,4,80,20.0,27,0
Andre Roberts,LAC,NE,8,2021,False,1,7,7.0,7,0
Isaiah McKenzie,BUF,JAX,9,2021,True,1,0,0.0,0,0
Jamal Agnew,JAX,BUF,9,2021,False,1,14,14.0,14,0
Deonte Harty,NO,TEN,10,2021,True,1,4,4.0,4,0
Chester Rogers,TEN,NO,10,2021,False,1,9,9.0,9,0
Desmond King II,HOU,MIA,9,2021,True,1,2,2.0,2,0
Jevon Holland,MIA,HOU,9,2021,False,3,31,10.3,15,0
Britain Covey,PHI,ARI,5,2022,True,3,22,7.3,15,0
Greg Dortch,ARI,PHI,5,2022,False,1,10,10.0,10,0
Deven Thompkins,TB,GB,15,2023,True,1,13,13.0,13,0
Skyy Moore,KC,TB,4,2022,True,1,12,12.0,12,0
Donovan Peoples-Jones,CLE,GB,16,2021,True,3,26,8.7,15,0
Amari Rodgers,GB,CLE,16,2021,False,1,9,9.0,9,0
DeAndre Carter,LAC,LV,13,2022,True,1,23,23.0,23,0
Devin Duvernay,BAL,MIN,9,2021,False,1,14,14.0,14,0
Brandon Powell,MIN,DET,18,2023,True,1,13,13.0,13,0
Kalif Raymond,DET,MIN,18,2023,False,4,89,22.3,42,0
Jamal Agnew,JAX,IND,1,2023,True,2,58,29.0,48,0
Isaiah McKenzie,IND,JAX,1,2023,False,2,20,10.0,16,0
Rondale Moore,ARI,CHI,13,2021,True,1,0,0.0,0,0
Jakeem Grant Sr.,CHI,ARI,13,2021,False,1,8,8.0,8,0
Braxton Berrios,MIA,KC,9,2023,True,1,7,7.0,7,0
Mecole Hardman,KC,MIA,9,2023,False,3,14,4.7,10,0
Cedrick Wilson Jr.,DAL,NE,6,2021,True,2,-1,-0.5,-1,0
Gunner Olszewski,NE,DAL,6,2021,False,1,23,23.0,23,0
Trent Taylor,CIN,NYJ,3,2022,True,2,23,11.5,15,0
Braxton Berrios,NYJ,CIN,3,2022,False,1,10,10.0,10,0
Isaiah McKenzie,BUF,MIA,2,2021,True,2,33,16.5,20,0
Jakeem Grant Sr.,MIA,BUF,2,2021,False,1,1,1.0,1,0
Jaylen Waddle,MIA,BUF,2,2021,False,1,0,0.0,0,0
Devin Duvernay,BAL,CIN,2,2023,True,1,2,2.0,2,0
Charlie Jones,CIN,BAL,2,2023,False,1,81,81.0,81,1
Jevon Holland,MIA,CIN,4,2022,True,1,6,6.0,6,0
Trent Taylor,CIN,MIA,4,2022,False,1,23,23.0,23,0
Xavier Gipson,NYJ,NYG,8,2023,True,3,20,6.7,10,0
Gunner Olszewski,NYG,NYJ,8,2023,False,6,56,9.3,15,0
Chester Rogers,TEN,IND,3,2021,False,3,44,14.7,18,0
Darius Phillips,CIN,CHI,2,2021,True,1,15,15.0,15,0
Marcus Jones,NE,CLE,6,2022,True,3,35,11.7,16,0
Chester Rogers,CLE,NE,6,2022,False,2,7,3.5,7,0
Keelan Cole Sr.,NYJ,BUF,18,2021,True,1,3,3.0,3,0
Javin White,NYJ,BUF,18,2021,True,1,2,2.0,2,0
Micah Hyde,BUF,NYJ,18,2021,False,3,29,9.7,17,0
Isaiah McKenzie,BUF,NYJ,18,2021,False,2,-1,-0.5,0,0
Marcus Jones,NE,LV,15,2022,True,3,25,8.3,17,0
Hunter Renfrow,LV,NE,15,2022,False,3,20,6.7,12,0
Deonte Harty,NO,CAR,17,2021,False,4,8,2.0,3,0
Marvin Mims Jr.,DEN,KC,6,2023,True,2,30,15.0,18,0
Montrell Washington,KC,DEN,6,2023,False,3,10,3.3,10,0
Kalif Raymond,DET,KC,1,2023,True,1,16,16.0,16,0
Richie James,KC,DET,1,2023,False,3,16,5.3,9,0
Jakeem Grant Sr.,CHI,TB,7,2021,True,2,13,6.5,13,0
Jaelon Darden,TB,CHI,7,2021,False,1,43,43.0,43,0
Marquez Stevenson,BUF,TB,14,2021,True,2,9,4.5,5,0
Jaelon Darden,TB,BUF,14,2021,False,1,10,10.0,10,0
Marvin Mims Jr.,DEN,HOU,13,2023,True,1,7,7.0,7,0
Desmond King II,HOU,DEN,13,2023,False,1,7,7.0,7,0
Hunter Renfrow,LV,LAC,1,2022,True,2,4,2.0,4,0
Austin Trammell,LAR,IND,4,2023,True,4,15,3.8,8,0
Isaiah McKenzie,IND,LAR,4,2023,False,1,13,13.0,13,0
Mecole Hardman,KC,WSH,6,2021,True,2,56,28.0,31,0
Braxton Berrios,MIA,DEN,3,2023,False,3,30,10.0,15,0
Devin Duvernay,BAL,MIA,10,2021,True,1,9,9.0,9,0
Jaylen Waddle,MIA,BAL,10,2021,False,1,6,6.0,6,0
Jevon Holland,MIA,BAL,10,2021,False,1,4,4.0,4,0
Mike Hughes,ATL,DET,3,2023,True,3,11,3.7,8,0
Kalif Raymond,DET,ATL,3,2023,False,2,13,6.5,13,0
Alex Erickson,CAR,ARI,10,2021,True,2,22,11.0,12,0
Greg Dortch,ARI,CAR,10,2021,False,3,24,8.0,17,0
Devin Duvernay,BAL,PIT,14,2022,True,1,9,9.0,9,0
Steven Sims,PIT,BAL,14,2022,False,2,0,0.0,0,0
Keelan Cole Sr.,LV,SEA,12,2022,True,3,11,3.7,11,0
DeeJay Dallas,SEA,LV,12,2022,False,1,11,11.0,11,0
Dee Alford,ATL,CHI,17,2023,True,2,27,13.5,15,0
Trent Taylor,CHI,ATL,17,2023,False,2,19,9.5,15,0
Shi Smith,CAR,CIN,9,2022,True,1,5,5.0,5,0
Trent Taylor,CIN,CAR,9,2022,False,3,52,17.3,27,0
Rashid Shaheed,NO,ARI,7,2022,True,2,28,14.0,14,0
Jaydon Mickens,TB,MIA,5,2021,False,1,0,0.0,0,0
Deven Thompkins,TB,ATL,14,2023,True,2,26,13.0,13,0
Dee Alford,ATL,TB,14,2023,False,4,57,14.3,23,0
Shi Smith,CAR,ATL,8,2022,True,4,46,11.5,22,0
Avery Williams,ATL,CAR,8,2022,False,1,19,19.0,19,0
Dede Westbrook,MIN,ARI,2,2021,True,3,21,7.0,15,0
Rondale Moore,ARI,MIN,2,2021,False,3,19,6.3,8,0
Mecole Hardman,KC,LAC,7,2023,False,1,50,50.0,50,0
Brandon Powell,MIN,SF,7,2023,False,1,4,4.0,4,0
Chester Rogers,TEN,PIT,15,2021,True,2,48,24.0,55,0
Ray-Ray McCloud III,PIT,TEN,15,2021,False,3,39,13.0,17,0
Jamison Crowder,WSH,NYJ,16,2023,True,4,43,10.8,24,0
Xavier Gipson,NYJ,WSH,16,2023,False,1,9,9.0,9,0
Tutu Atwell,LAR,ARI,4,2021,False,2,4,2.0,4,0
Devin Duvernay,BAL,PIT,13,2021,True,2,12,6.0,12,0
Ray-Ray McCloud III,PIT,BAL,13,2021,False,4,33,8.3,14,0
Jayden Reed,GB,CHI,1,2023,True,3,54,18.0,35,0
Trent Taylor,CHI,GB,1,2023,False,2,16,8.0,8,0
Jamal Agnew,JAX,PHI,4,2022,True,2,8,4.0,8,0
Britain Covey,PHI,JAX,4,2022,False,1,2,2.0,2,0
Kyren Williams,LAR,SEA,1,2023,True,1,7,7.0,7,0
DeeJay Dallas,SEA,LAR,1,2023,False,1,18,18.0,18,0
Jakeem Grant Sr.,MIA,LV,3,2021,True,3,27,9.0,12,0
Hunter Renfrow,LV,MIA,3,2021,False,2,9,4.5,7,0
Marquez Callaway,NO,SEA,5,2022,False,2,25,12.5,21,0
Marvin Mims Jr.,DEN,CHI,4,2023,True,1,25,25.0,25,0
Trent Taylor,CHI,DEN,4,2023,False,1,8,8.0,8,0
Demetric Felton Jr.,CLE,KC,1,2021,True,1,4,4.0,4,0
Mecole Hardman,KC,CLE,1,2021,False,1,7,7.0,7,0
Nsimba Webster,CHI,LAR,1,2021,True,1,3,3.0,3,0
Braxton Berrios,NYJ,CIN,8,2021,False,1,16,16.0,16,0
Montrell Washington,DEN,JAX,8,2022,True,4,22,5.5,12,0
Christian Kirk,JAX,DEN,8,2022,False,4,25,6.3,10,0
Alex Erickson,CAR,NO,2,2021,False,4,24,6.0,14,0
Isaiah McKenzie,IND,JAX,6,2023,True,2,13,6.5,8,0
Jamal Agnew,JAX,IND,6,2023,False,1,6,6.0,6,0
Jamal Agnew,JAX,IND,10,2021,True,4,30,7.5,10,0
Nyheim Hines,IND,JAX,10,2021,False,1,11,11.0,11,0
Easop Winston Jr.,NO,TB,15,2021,True,3,38,12.7,34,0
Jaelon Darden,TB,NO,15,2021,False,7,41,5.9,11,0
Jamal Agnew,JAX,TEN,14,2022,True,3,20,6.7,9,0
Dontrell Hilliard,TEN,JAX,14,2022,False,2,4,2.0,4,0
Josh Thompson,TEN,JAX,14,2022,False,1,0,0.0,0,0
Richie James,NYG,TEN,1,2022,True,5,62,12.4,22,0
Kyle Philips,TEN,NYG,1,2022,False,4,62,15.5,46,0
Gunner Olszewski,PIT,MIA,7,2022,True,3,19,6.3,10,0
Cedrick Wilson Jr.,MIA,PIT,7,2022,False,1,1,1.0,1,0
Dede Westbrook,MIN,GB,11,2021,False,1,8,8.0,8,0
J.J. Koski,LAR,GB,12,2021,True,1,13,13.0,13,0
Randall Cobb,GB,LAR,12,2021,False,1,0,0.0,0,0
Jalen Reagor,PHI,LV,7,2021,True,1,6,6.0,6,0
Hunter Renfrow,LV,PHI,7,2021,False,1,15,15.0,15,0
Rashid Shaheed,NO,CLE,16,2022,True,1,0,0.0,0,0
Donovan Peoples-Jones,CLE,NO,16,2022,False,2,15,7.5,12,0
Jaelon Darden,TB,NO,2,2022,True,2,17,8.5,17,0
Deonte Harty,NO,TB,2,2022,False,1,-6,-6.0,-6,0
Ihmir Smith-Marsette,CAR,ATL,1,2023,True,3,14,4.7,13,0
Scotty Miller,ATL,CAR,1,2023,False,1,4,4.0,4,0
Dee Alford,ATL,CAR,1,2023,False,1,0,0.0,0,0
Robert Woods,HOU,NO,6,2023,False,1,0,0.0,0,0
Rondale Moore,ARI,DET,15,2021,True,2,18,9.0,12,0
Kalif Raymond,DET,ARI,15,2021,False,2,24,12.0,14,0
Isaiah McKenzie,BUF,NYJ,10,2021,True,1,26,26.0,26,0
Braxton Berrios,NYJ,BUF,10,2021,False,1,8,8.0,8,0
Jalen Reagor,MIN,MIA,6,2022,True,3,36,12.0,25,0
Jevon Holland,MIA,MIN,6,2022,False,2,4,2.0,4,0
Tyreek Hill,MIA,MIN,6,2022,False,1,-2,-2.0,-2,0
Ray-Ray McCloud III,SF,PIT,1,2023,True,3,41,13.7,19,0
Calvin Austin III,PIT,SF,1,2023,False,1,2,2.0,2,0
Devin Duvernay,BAL,TEN,6,2023,True,3,91,30.3,70,0
Kyle Philips,TEN,BAL,6,2023,False,3,11,3.7,11,0
Jaylen Waddle,MIA,TEN,17,2021,True,1,15,15.0,15,0
Chris Milton,MIA,TEN,17,2021,True,1,0,0.0,0,0
Chester Rogers,TEN,MIA,17,2021,False,3,28,9.3,11,0
Deonte Harty,NO,PHI,11,2021,True,4,29,7.3,14,0
Jalen Reagor,PHI,NO,11,2021,False,4,43,10.8,13,0
Gunner Olszewski,NE,HOU,5,2021,True,1,13,13.0,13,0
Andre Roberts,HOU,NE,5,2021,False,1,11,11.0,11,0
Diontae Spencer,DEN,PIT,5,2021,True,2,26,13.0,13,0
Ray-Ray McCloud III,PIT,DEN,5,2021,False,1,0,0.0,0,0
Dax Milne,WSH,CHI,6,2022,True,3,35,11.7,14,0
Velus Jones Jr.,CHI,WSH,6,2022,False,3,16,5.3,10,0
Deuce Vaughn,DAL,NYG,10,2023,False,3,9,3.0,11,0
Nyheim Hines,BUF,CHI,16,2022,True,3,21,7.0,10,0
Dante Pettis,CHI,BUF,16,2022,False,1,12,12.0,12,0
Jamison Crowder,BUF,BAL,4,2022,True,1,7,7.0,7,0
Nyheim Hines,BUF,MIA,15,2022,False,1,0,0.0,0,0
Dazz Newsome,CHI,MIN,18,2021,True,4,47,11.8,17,0
Hunter Renfrow,LV,DEN,6,2021,True,1,5,5.0,5,0
Freddie Swain,SEA,ARI,18,2021,True,2,20,10.0,13,0
Amari Rodgers,GB,SF,3,2021,True,1,6,6.0,6,0
Brandon Aiyuk,SF,GB,3,2021,False,2,23,11.5,14,0
Richie James,NYG,DAL,12,2022,True,1,3,3.0,3,0
Rashid Shaheed,NO,SF,12,2022,True,2,18,9.0,11,0
Ray-Ray McCloud III,SF,NO,12,2022,False,2,18,9.0,11,0
Derius Davis,LAC,DEN,17,2023,True,1,12,12.0,12,0
Tremon Smith,DEN,LAC,17,2023,False,1,14,14.0,14,0
Gunner Olszewski,PIT,NYJ,4,2022,False,3,16,5.3,10,0
Deven Thompkins,TB,ATL,18,2022,True,1,12,12.0,12,0
Robert Woods,TEN,KC,9,2022,True,2,11,5.5,11,0
Mecole Hardman,KC,TEN,9,2022,False,4,42,10.5,22,0
Justin Watson,KC,TEN,9,2022,False,1,17,17.0,17,0
Marvin Mims Jr.,DEN,BUF,10,2023,True,2,44,22.0,27,0
Deonte Harty,BUF,DEN,10,2023,False,1,15,15.0,15,0
Montrell Washington,DEN,CAR,12,2022,True,1,0,0.0,0,0
Raheem Blackshear,CAR,DEN,12,2022,False,5,44,8.8,21,0
Brandon Powell,MIN,CAR,4,2023,True,3,9,3.0,7,0
Ihmir Smith-Marsette,CAR,MIN,4,2023,False,3,35,11.7,15,0
Desmond King II,HOU,LV,7,2022,True,1,1,1.0,1,0
DJ Turner,LV,HOU,7,2022,False,1,0,0.0,0,0
Christian Kirk,ARI,DAL,17,2021,True,1,-5,-5.0,-5,0
CeeDee Lamb,DAL,ARI,17,2021,False,2,15,7.5,17,0
Trent Taylor,CIN,CLE,8,2022,True,1,15,15.0,15,0
Donovan Peoples-Jones,CLE,CIN,8,2022,False,1,11,11.0,11,0
Rashid Shaheed,NO,PHI,17,2022,True,3,18,6.0,9,0
Britain Covey,PHI,NO,17,2022,False,1,7,7.0,7,0
KaVontae Turpin,DAL,NYG,3,2022,True,1,28,28.0,28,0
Richie James,NYG,DAL,3,2022,False,2,1,0.5,1,0
Tank Dell,HOU,CIN,10,2023,True,2,18,9.0,11,0
Robert Woods,HOU,CIN,10,2023,True,1,0,0.0,0,0
Trenton Irwin,CIN,HOU,10,2023,False,1,8,8.0,8,0
Braxton Berrios,NYJ,MIA,11,2021,False,2,28,14.0,19,0
Travis Benjamin,SF,SEA,13,2021,True,1,22,22.0,22,0
Brandon Aiyuk,SF,SEA,13,2021,True,1,-4,-4.0,-4,0
Freddie Swain,SEA,SF,13,2021,False,1,0,0.0,0,0
Desmond King II,HOU,JAX,5,2022,True,1,10,10.0,10,0
Tremon Smith,HOU,JAX,5,2022,True,1,3,3.0,3,0
Jamal Agnew,JAX,HOU,5,2022,False,2,21,10.5,15,0
Nyheim Hines,IND,HOU,13,2021,True,5,37,7.4,16,0
Desmond King II,HOU,IND,13,2021,False,1,4,4.0,4,0
Nyheim Hines,BUF,CLE,11,2022,False,2,37,18.5,28,0
Kyle Philips,TEN,IND,5,2023,True,1,12,12.0,12,0
Isaiah McKenzie,IND,TEN,5,2023,False,1,5,5.0,5,0
Jamison Crowder,BUF,LAR,1,2022,True,1,20,20.0,20,0
Ray-Ray McCloud III,SF,CHI,1,2022,True,2,23,11.5,16,0
Dante Pettis,CHI,SF,1,2022,False,1,0,0.0,0,0
Greg Dortch,ARI,CAR,4,2022,True,3,12,4.0,7,0
Shi Smith,CAR,ARI,4,2022,False,2,28,14.0,19,0
Richie James,NYG,DET,11,2022,False,1,7,7.0,7,0
Adoree' Jackson,NYG,DET,11,2022,False,1,3,3.0,3,0
Eric Garror,TEN,PIT,9,2023,True,2,7,3.5,8,0
Calvin Austin III,PIT,TEN,9,2023,False,2,13,6.5,12,0
Ray-Ray McCloud III,PIT,BAL,18,2021,True,2,29,14.5,23,0
Devin Duvernay,BAL,PIT,18,2021,False,1,0,0.0,0,0
Dante Pettis,CHI,NYJ,12,2022,True,1,12,12.0,12,0
Braxton Berrios,NYJ,CHI,12,2022,False,2,38,19.0,22,0
Ihmir Smith-Marsette,CAR,MIA,6,2023,True,2,21,10.5,11,0
Braxton Berrios,MIA,CAR,6,2023,False,1,0,0.0,0,0
KaVontae Turpin,DAL,MIN,11,2022,True,4,34,8.5,20,0
Jalen Reagor,MIN,DAL,11,2022,False,1,3,3.0,3,0
Austin Trammell,LAR,GB,9,2023,True,3,37,12.3,14,0
Jayden Reed,GB,LAR,9,2023,False,1,22,22.0,22,0
Keisean Nixon,GB,LAR,9,2023,False,1,15,15.0,15,0
Andre Roberts,CAR,NO,18,2022,True,1,2,2.0,2,0
Keisean Nixon,GB,LV,5,2023,True,1,2,2.0,2,0
DeAndre Carter,LV,GB,5,2023,False,1,6,6.0,6,0
DeeJay Dallas,SEA,LAR,11,2023,True,2,25,12.5,13,0
Austin Trammell,LAR,SEA,11,2023,False,4,30,7.5,15,0
Devin Duvernay,BAL,CLE,4,2023,True,3,47,15.7,28,0
Donovan Peoples-Jones,CLE,BAL,4,2023,False,3,24,8.0,10,0
KaVontae Turpin,DAL,LAR,5,2022,True,1,12,12.0,12,0
Brandon Powell,LAR,DAL,5,2022,False,3,19,6.3,14,0
Deonte Harty,BUF,MIA,18,2023,True,1,96,96.0,96,1
Nyheim Hines,IND,BAL,5,2021,True,3,30,10.0,13,0
Devin Duvernay,BAL,IND,5,2021,False,1,0,0.0,0,0
Nyheim Hines,IND,MIA,4,2021,True,2,-1,-0.5,0,0
Jakeem Grant Sr.,MIA,IND,4,2021,False,3,13,4.3,14,0
Montrell Washington,DEN,LAC,6,2022,True,2,0,0.0,0,0
DeAndre Carter,LAC,DEN,6,2022,False,3,39,13.0,19,0
DeAndre Carter,WSH,DEN,8,2021,True,1,12,12.0,12,0
Kendall Hinton,DEN,WSH,8,2021,False,1,15,15.0,15,0
CeeDee Lamb,DAL,PHI,18,2021,True,1,11,11.0,11,0
Greg Ward,PHI,DAL,18,2021,False,1,0,0.0,0,0
Dede Westbrook,MIN,LAC,10,2021,True,3,69,23.0,45,0
Andre Roberts,LAC,MIN,10,2021,False,3,23,7.7,14,0
Diontae Spencer,DEN,LAC,17,2021,True,2,4,2.0,4,0
Andre Roberts,LAC,DEN,17,2021,False,2,5,2.5,4,0
Tremon Smith,HOU,MIA,12,2022,True,2,43,21.5,26,0
Desmond King II,HOU,MIA,12,2022,True,3,38,12.7,19,0
Cedrick Wilson Jr.,MIA,HOU,12,2022,False,3,22,7.3,15,0
Chester Rogers,TEN,NYJ,4,2021,True,3,44,14.7,22,0
Braxton Berrios,NYJ,TEN,4,2021,False,2,32,16.0,18,0
Devin Duvernay,BAL,TB,8,2022,True,3,27,9.0,13,0
Jaelon Darden,TB,BAL,8,2022,False,2,33,16.5,18,0
Dee Delaney,TB,BAL,8,2022,False,1,0,0.0,0,0
Freddie Swain,SEA,SF,4,2021,True,2,11,5.5,11,0
Brandon Aiyuk,SF,SEA,4,2021,False,4,32,8.0,12,0
Jamison Crowder,BUF,MIA,3,2022,True,3,32,10.7,14,0
Isaiah McKenzie,BUF,KC,5,2021,True,1,7,7.0,7,0
Trent Taylor,CIN,NE,16,2022,True,3,35,11.7,18,0
Marcus Jones,NE,CIN,16,2022,False,2,11,5.5,11,0
DeeJay Dallas,SEA,ARI,18,2023,True,1,15,15.0,15,0
Greg Dortch,ARI,SEA,18,2023,False,3,22,7.3,11,0
Pharoh Cooper,NYG,CHI,17,2021,True,2,17,8.5,17,0
Jakeem Grant Sr.,CHI,NYG,17,2021,False,1,1,1.0,1,0
Hunter Renfrow,LV,DAL,12,2021,True,3,34,11.3,21,0
Cedrick Wilson Jr.,DAL,LV,12,2021,False,2,16,8.0,14,0
Calvin Austin III,PIT,HOU,4,2023,True,2,9,4.5,7,0
Tank Dell,HOU,PIT,4,2023,False,2,14,7.0,14,0
Ronnie Bell,SF,WSH,17,2023,True,2,17,8.5,17,0
Jamison Crowder,WSH,SF,17,2023,False,1,2,2.0,2,0
Andre Roberts,HOU,BUF,4,2021,True,1,6,6.0,6,0
Isaiah McKenzie,BUF,HOU,4,2021,False,4,24,6.0,10,0
Desmond King II,HOU,DAL,14,2022,True,3,36,12.0,15,0
KaVontae Turpin,DAL,HOU,14,2022,False,2,9,4.5,9,0
Mike Hughes,ATL,GB,2,2023,False,2,20,10.0,16,0
Keelan Cole Sr.,LV,DEN,11,2022,True,4,28,7.0,12,0
Montrell Washington,DEN,LV,11,2022,False,2,27,13.5,18,0
Kalif Raymond,DET,GB,4,2023,True,3,27,9.0,11,0
Keisean Nixon,GB,DET,4,2023,False,1,34,34.0,34,0
Jayden Reed,GB,DET,4,2023,False,1,0,0.0,0,0
Deonte Harty,NO,ATL,1,2022,True,1,12,12.0,12,0
Avery Williams,ATL,NO,1,2022,False,3,42,14.0,18,0
DeAndre Carter,LAC,ATL,9,2022,True,3,29,9.7,16,0
Ray-Ray McCloud III,PIT,GB,4,2021,True,1,14,14.0,14,0
Amari Rodgers,GB,PIT,4,2021,False,1,0,0.0,0,0
Eric Garror,TEN,JAX,11,2023,True,1,15,15.0,15,0
Rondale Moore,ARI,TEN,1,2021,True,2,24,12.0,13,0
Marquez Stevenson,BUF,ATL,17,2021,False,2,9,4.5,19,0
Dante Pettis,CHI,NE,7,2022,True,3,33,11.0,27,0
Marcus Jones,NE,CHI,7,2022,False,2,12,6.0,9,0
Kalif Raymond,DET,DAL,7,2022,True,1,13,13.0,13,0
KaVontae Turpin,DAL,DET,7,2022,False,2,66,33.0,52,0
Mason Kinsey,TEN,LAC,15,2022,True,2,0,0.0,0,0
DeAndre Carter,LAC,TEN,15,2022,False,4,53,13.3,18,0
Dede Westbrook,MIN,DET,13,2021,True,3,23,7.7,16,0
Kalif Raymond,DET,MIN,13,2021,False,1,0,0.0,0,0
C.J. Board,TEN,PHI,13,2022,True,4,42,10.5,19,0
Britain Covey,PHI,TEN,13,2022,False,6,105,17.5,27,0
Britain Covey,PHI,SEA,15,2023,True,3,30,10.0,16,0
DeeJay Dallas,SEA,PHI,15,2023,False,2,7,3.5,4,0
Avery Williams,ATL,TB,5,2022,True,1,28,28.0,28,0
Jaelon Darden,TB,ATL,5,2022,False,2,40,20.0,24,0
Desmond King II,HOU,SF,17,2021,True,2,23,11.5,15,0
Brandon Aiyuk,SF,HOU,17,2021,False,3,22,7.3,18,0
Travis Benjamin,SF,HOU,17,2021,False,1,11,11.0,11,0
Mohamed Sanu,SF,DET,1,2021,True,1,11,11.0,11,0
Brandon Aiyuk,SF,DET,1,2021,True,1,7,7.0,7,0
Pharoh Cooper,NYG,LAC,14,2021,True,1,0,0.0,0,0
Montrell Washington,DEN,SEA,1,2022,True,1,3,3.0,3,0
DeeJay Dallas,SEA,BAL,9,2023,True,2,18,9.0,10,0
Devin Duvernay,BAL,SEA,9,2023,False,2,27,13.5,24,0
Gunner Olszewski,NYG,LV,9,2023,True,3,33,11.0,17,0
DeAndre Carter,LV,NYG,9,2023,False,1,6,6.0,6,0
Brandon Powell,MIN,LV,14,2023,True,5,48,9.6,25,0
DeAndre Carter,LV,MIN,14,2023,False,4,39,9.8,14,0
Curtis Bolton,LV,MIN,14,2023,False,1,17,17.0,17,0
Donovan Peoples-Jones,CLE,HOU,13,2022,True,3,86,28.7,76,1
Desmond King II,HOU,CLE,13,2022,False,3,42,14.0,20,0
Avery Williams,ATL,CAR,8,2021,False,2,21,10.5,13,0
Tutu Atwell,LAR,NYG,6,2021,True,2,28,14.0,17,0
Cooper Kupp,LAR,NYG,6,2021,True,1,8,8.0,8,0
DeAndre Carter,LAC,IND,16,2022,True,3,25,8.3,16,0
Samori Toure,GB,MIN,17,2023,True,1,0,0.0,0,0
Brandon Powell,MIN,GB,17,2023,False,2,4,2.0,4,0
Devin Duvernay,BAL,PIT,5,2023,True,2,13,6.5,8,0
Gunner Olszewski,PIT,BAL,5,2023,False,1,8,8.0,8,0
Jamal Agnew,JAX,TB,16,2023,True,2,10,5.0,12,0
Deven Thompkins,TB,JAX,16,2023,False,1,6,6.0,6,0
Jaelon Darden,TB,NO,8,2021,True,3,14,4.7,11,0
Deonte Harty,NO,TB,8,2021,False,1,12,12.0,12,0
Ray-Ray McCloud III,SF,ARI,4,2023,False,2,24,12.0,15,0
Keisean Nixon,GB,CAR,16,2023,True,2,6,3.0,9,0
Britain Covey,PHI,HOU,9,2022,True,1,8,8.0,8,0
Desmond King II,HOU,PHI,9,2022,False,1,-2,-2.0,-2,0
Freddie Swain,SEA,IND,1,2021,True,2,15,7.5,9,0
Nyheim Hines,IND,SEA,1,2021,False,1,7,7.0,7,0
Mecole Hardman,KC,DEN,8,2023,True,3,-3,-1.0,2,0
Marvin Mims Jr.,DEN,KC,8,2023,False,1,31,31.0,31,0
Montrell Washington,DEN,BAL,13,2022,True,3,19,6.3,14,0
Devin Duvernay,BAL,DEN,13,2022,False,1,3,3.0,3,0
Demetric Felton Jr.,CLE,CAR,1,2022,True,5,29,5.8,15,0
Andre Roberts,CAR,CLE,1,2022,False,1,10,10.0,10,0
Deonte Harty,BUF,DAL,15,2023,False,2,32,16.0,21,0
Khalil Shakir,BUF,PHI,12,2023,True,5,37,7.4,10,0
Britain Covey,PHI,BUF,12,2023,False,1,18,18.0,18,0
Pharoh Cooper,ARI,ATL,17,2022,True,1,14,14.0,14,0
Charlie Jones,CIN,PIT,16,2023,True,1,5,5.0,5,0
Kalif Raymond,DET,DAL,17,2023,True,3,35,11.7,25,0
Devin Duvernay,BAL,ARI,8,2023,True,3,31,10.3,14,0
Rondale Moore,ARI,BAL,8,2023,False,1,11,11.0,11,0
Shi Smith,CAR,NYG,2,2022,True,2,17,8.5,9,0
Avery Williams,ATL,NO,15,2022,True,2,13,6.5,10,0
Rashid Shaheed,NO,ATL,15,2022,False,2,1,0.5,1,0
Brandon Powell,LAR,ATL,2,2022,False,1,-1,-1.0,-1,0
Devin Duvernay,BAL,CLE,15,2022,True,1,7,7.0,7,0
Devin Duvernay,BAL,DET,3,2021,True,2,42,21.0,29,0
Kalif Raymond,DET,BAL,3,2021,False,1,11,11.0,11,0
Hunter Renfrow,LV,LAC,4,2021,True,3,22,7.3,17,0
Nick Kwiatkoski,LV,LAC,4,2021,True,1,6,6.0,6,0
KJ Hill Jr.,LAC,LV,4,2021,False,2,20,10.0,11,0
Jalen Reagor,PHI,NYG,12,2021,True,4,18,4.5,9,0
Pharoh Cooper,NYG,PHI,12,2021,False,1,9,9.0,9,0
Braxton Berrios,MIA,NYJ,12,2023,True,5,46,9.2,19,0
Deven Thompkins,TB,NO,4,2023,True,1,7,7.0,7,0
Rashid Shaheed,NO,TB,4,2023,False,2,45,22.5,29,0
Austin Trammell,LAR,SF,18,2023,True,2,26,13.0,13,0
Ray-Ray McCloud III,SF,LAR,18,2023,False,2,17,8.5,10,0
Deven Thompkins,TB,HOU,9,2023,True,3,22,7.3,9,0
Tank Dell,HOU,TB,9,2023,False,1,7,7.0,7,0
Rashid Shaheed,NO,IND,8,2023,True,4,46,11.5,15,0
Isaiah McKenzie,IND,NO,8,2023,False,1,7,7.0,7,0
Braxton Berrios,NYJ,CAR,1,2021,True,1,15,15.0,15,0
Alex Erickson,CAR,NYJ,1,2021,False,3,31,10.3,15,0
DJ Moore,CAR,NYJ,1,2021,False,1,9,9.0,9,0
Myles Bryant,NE,NYG,12,2023,True,1,12,12.0,12,0
DeMario Douglas,NE,NYG,12,2023,True,3,9,3.0,7,0
Gunner Olszewski,NYG,NE,12,2023,False,1,6,6.0,6,0
Nick McCloud,NYG,NE,12,2023,False,1,0,0.0,0,0
Deonte Harty,BUF,NYJ,11,2023,False,4,35,8.8,15,0
James Proche II,CLE,LAR,13,2023,True,2,30,15.0,15,0
Austin Trammell,LAR,CLE,13,2023,False,2,15,7.5,15,0
Trent Taylor,CIN,NO,6,2022,True,2,33,16.5,18,0
Rashid Shaheed,NO,CIN,6,2022,False,1,6,6.0,6,0
Jaelon Darden,TB,NYG,11,2021,False,1,9,9.0,9,0
Rashid Shaheed,NO,ATL,12,2023,True,1,6,6.0,6,0
Dee Alford,ATL,NO,12,2023,False,1,9,9.0,9,0
Devin Duvernay,BAL,CIN,5,2022,False,1,4,4.0,4,0
Myles Bryant,NE,LV,6,2023,True,1,14,14.0,14,0
DeAndre Carter,LV,NE,6,2023,False,1,13,13.0,13,0
Jamal Agnew,JAX,LAC,3,2022,True,3,18,6.0,13,0
DeAndre Carter,LAC,JAX,3,2022,False,1,6,6.0,6,0
Rashid Shaheed,NO,GB,3,2023,True,1,76,76.0,76,1
Jayden Reed,GB,NO,3,2023,False,2,4,2.0,2,0
Keisean Nixon,GB,NO,3,2023,False,1,0,0.0,0,0
Richie James,NYG,WSH,15,2022,True,2,32,16.0,23,0
Dax Milne,WSH,NYG,15,2022,False,1,4,4.0,4,0
